age,gender,occupation,employment_type,marital_status,number_of_dependents,monthly_salary,additional_income,annual_bonus,business_income,total_monthly_income,house_rent,food_expenses,transportation,electricity_bill,internet_bill,insurance,education,medical_expenses,entertainment,shopping,other_expenses,total_living_expenses,loan_type,loan_amount,interest_rate,loan_tenure_months,proposed_emi,existing_home_emi,existing_personal_emi,existing_vehicle_emi,existing_cc_emi,total_existing_emi,credit_score,bank_balance,savings,investments,smoking,alcohol,travel_frequency,online_shopping_frequency,debt_to_income_ratio,emergency_fund_months,disposable_income,recommended_max_emi,financial_health_score,emi_default_risk_prob,emi_default_flag
59,Female,Manager,Salaried,Divorced,1,92600.0,0.0,91000.0,0.0,100183.33333333333,24500.0,15400.0,8200.0,2200.0,2100.0,2200.0,11200.0,2400.0,2900.0,6200.0,6700.0,84000.0,Vehicle Loan,1381000.0,13.9,60,32060.0,0.0,0.0,0.0,0.0,0.0,426,328000.0,865500.0,519100.0,Yes,Never,Moderate,Moderate,0.32,14.21,16183.33,45080.0,52.7,0.5624,1
49,Male,Sales Executive,Self-Employed,Married,2,41600.0,0.0,0.0,0.0,41600.0,5000.0,13500.0,4200.0,2600.0,1500.0,10500.0,10800.0,11700.0,9700.0,4800.0,2400.0,76700.0,Business Loan,1849000.0,16.4,120,31440.0,8800.0,0.0,0.0,2000.0,10800.0,343,285400.0,274300.0,62500.0,No,Never,High,Low,1.0154,6.4,-45900.0,7920.0,23.9,0.9995,1
35,Female,Other,Salaried,Single,4,42200.0,0.0,0.0,0.0,42200.0,12200.0,18500.0,2800.0,4800.0,1000.0,3600.0,5500.0,2400.0,10500.0,9700.0,6000.0,77000.0,Vehicle Loan,1486000.0,7.8,120,17870.0,8500.0,0.0,0.0,0.0,8500.0,639,58500.0,200900.0,170300.0,No,Never,Low,Low,0.6249,3.03,-43300.0,10490.0,40.9,0.9075,1
63,Male,Manager,Business,Married,0,61500.0,11400.0,0.0,115200.0,188100.0,61600.0,16900.0,3900.0,2600.0,500.0,1200.0,0.0,14700.0,3700.0,21300.0,2800.0,129200.0,Business Loan,9709000.0,9.2,120,124040.0,0.0,0.0,22100.0,0.0,22100.0,748,1762000.0,2150600.0,3318500.0,No,Never,Low,Moderate,0.7769,25.86,36800.0,62540.0,63.8,0.0049,0
28,Male,Business Owner,Business,Single,3,102500.0,0.0,251000.0,120600.0,244016.6666666667,55500.0,15000.0,4900.0,2200.0,1500.0,8100.0,15300.0,13300.0,2400.0,6100.0,3400.0,127700.0,Home Loan,13581000.0,17.2,180,210940.0,0.0,0.0,20600.0,3200.0,23800.0,714,409800.0,3820100.0,1468800.0,No,Occasionally,High,Low,0.962,27.92,92516.67,86010.0,56.5,0.0056,0
41,Male,Sales Executive,Salaried,Married,0,60100.0,0.0,158000.0,0.0,73266.66666666667,20500.0,12600.0,2300.0,4200.0,1500.0,2700.0,0.0,8500.0,8900.0,9800.0,4300.0,75300.0,Personal Loan,3995000.0,17.7,12,365690.0,25100.0,0.0,0.0,0.0,25100.0,552,501000.0,1377700.0,634500.0,No,Never,Moderate,Moderate,5.3338,18.71,-27133.33,7870.0,36.0,1.0,1
59,Male,Software Engineer,Salaried,Married,1,34600.0,0.0,0.0,0.0,34600.0,11400.0,11100.0,3100.0,1200.0,1200.0,11900.0,8300.0,5900.0,11200.0,8600.0,4100.0,78000.0,Home Loan,1317000.0,8.1,48,32210.0,0.0,4600.0,0.0,0.0,4600.0,366,226100.0,232500.0,576400.0,No,Occasionally,Low,Moderate,1.0639,5.55,-48000.0,10970.0,14.9,0.9993,1
39,Male,Business Owner,Salaried,Married,3,21800.0,3500.0,0.0,0.0,25300.0,6600.0,11300.0,4600.0,1900.0,1700.0,10600.0,16300.0,8400.0,1400.0,10200.0,1200.0,74200.0,Vehicle Loan,570000.0,11.0,360,5430.0,0.0,0.0,0.0,0.0,0.0,635,180400.0,363300.0,314300.0,No,Never,Low,Low,0.2146,7.33,-48900.0,11380.0,59.6,0.3507,0
43,Female,Doctor,Self-Employed,Single,3,28100.0,0.0,0.0,0.0,28100.0,7500.0,16300.0,4500.0,3000.0,2000.0,7700.0,19800.0,11300.0,1200.0,18400.0,6400.0,98100.0,Education Loan,693000.0,7.6,24,31220.0,0.0,0.0,0.0,5400.0,5400.0,761,129700.0,448900.0,712500.0,No,Never,Low,High,1.3032,5.59,-75400.0,7240.0,27.9,0.9444,1
31,Female,Accountant,Business,Married,1,50800.0,0.0,0.0,40700.0,91500.0,25700.0,14400.0,8400.0,2800.0,1900.0,10200.0,16200.0,11600.0,3000.0,11300.0,6900.0,112400.0,Personal Loan,3741000.0,15.5,240,50650.0,0.0,0.0,6600.0,0.0,6600.0,878,378100.0,922400.0,1567600.0,Yes,Never,Moderate,Low,0.6257,10.93,-27500.0,34580.0,66.9,0.06,0
31,Female,Sales Executive,Salaried,Married,1,35300.0,0.0,0.0,0.0,35300.0,5800.0,11700.0,8700.0,2700.0,1000.0,6200.0,17400.0,2000.0,8500.0,19500.0,4700.0,88200.0,Business Loan,1559000.0,14.7,180,21500.0,0.0,6100.0,0.0,7700.0,13800.0,820,345500.0,653100.0,139900.0,Yes,Never,Moderate,Moderate,1.0,9.79,-66700.0,2080.0,48.9,0.7052,1
44,Male,Business Owner,Salaried,Single,2,54000.0,0.0,46000.0,0.0,57833.333333333336,14200.0,13500.0,3500.0,1500.0,1700.0,9700.0,19000.0,12300.0,11600.0,16700.0,2200.0,105900.0,Personal Loan,802000.0,13.4,180,10360.0,12100.0,0.0,0.0,0.0,12100.0,788,477900.0,83100.0,666800.0,No,Never,High,High,0.3884,4.75,-60166.67,13920.0,61.5,0.2863,0
56,Male,Manager,Salaried,Single,2,37200.0,0.0,0.0,0.0,37200.0,11600.0,19500.0,3000.0,2800.0,800.0,8100.0,16600.0,10000.0,9300.0,10300.0,2700.0,94700.0,Personal Loan,2228000.0,14.8,36,77020.0,0.0,0.0,0.0,0.0,0.0,365,190200.0,673700.0,288800.0,No,Occasionally,Low,Low,2.0704,9.12,-57500.0,16740.0,19.6,1.0,1
60,Male,Doctor,Self-Employed,Single,0,28900.0,0.0,0.0,0.0,28900.0,5000.0,4400.0,7100.0,5000.0,700.0,1300.0,0.0,1600.0,7300.0,11900.0,1900.0,46200.0,Home Loan,315000.0,13.1,24,14990.0,0.0,4700.0,0.0,0.0,4700.0,598,64500.0,519000.0,224500.0,No,Never,High,Low,0.6813,11.46,-22000.0,8300.0,47.6,0.8248,1
44,Female,Teacher,Business,Divorced,2,27200.0,0.0,69000.0,31400.0,64350.0,20900.0,12100.0,8400.0,3100.0,2100.0,11400.0,15700.0,5400.0,8700.0,18200.0,2200.0,108200.0,Vehicle Loan,2470000.0,10.0,24,113980.0,0.0,0.0,0.0,13200.0,13200.0,743,576600.0,231900.0,495100.0,No,Frequently,Moderate,Low,1.9764,6.66,-57050.0,15760.0,32.8,0.9978,1
23,Male,Sales Executive,Salaried,Single,1,107100.0,15800.0,0.0,0.0,122900.0,31400.0,17400.0,9700.0,3900.0,1900.0,10500.0,14200.0,8100.0,3500.0,14300.0,7100.0,122000.0,Home Loan,4204000.0,15.4,36,146560.0,0.0,0.0,0.0,0.0,0.0,622,818900.0,1149000.0,1542600.0,No,Never,Moderate,Moderate,1.1925,16.13,900.0,55300.0,34.7,0.7508,1
42,Male,Doctor,Salaried,Married,1,76500.0,0.0,0.0,0.0,76500.0,15700.0,18900.0,2100.0,1800.0,2000.0,11500.0,14800.0,3600.0,8600.0,22000.0,4400.0,105400.0,Vehicle Loan,2869000.0,15.7,36,100440.0,24400.0,4400.0,0.0,0.0,28800.0,632,136900.0,826300.0,303100.0,No,Frequently,Low,Moderate,1.6894,7.18,-57700.0,5620.0,27.8,0.9969,1
22,Female,Manager,Salaried,Single,1,116500.0,12700.0,0.0,0.0,129200.0,33000.0,11800.0,5300.0,1300.0,800.0,9000.0,18300.0,3200.0,4500.0,23500.0,1800.0,112500.0,Education Loan,4439000.0,16.5,24,218410.0,0.0,0.0,17000.0,7200.0,24200.0,330,289300.0,1116000.0,978300.0,No,Occasionally,Low,Moderate,1.8778,10.28,-7500.0,33940.0,19.8,0.9999,1
44,Male,Business Owner,Salaried,Single,1,64200.0,0.0,0.0,0.0,64200.0,12900.0,18400.0,7900.0,5400.0,2300.0,5500.0,14600.0,1200.0,3400.0,18500.0,2800.0,92900.0,Home Loan,525000.0,17.5,180,8270.0,0.0,0.0,0.0,0.0,0.0,467,361900.0,1156600.0,1351000.0,No,Occasionally,Low,Low,0.1288,16.35,-28700.0,28890.0,63.9,0.2744,0
64,Male,Software Engineer,Salaried,Married,3,39500.0,0.0,94000.0,0.0,47333.333333333336,14700.0,12800.0,8600.0,2700.0,800.0,3300.0,15900.0,13800.0,3600.0,24800.0,7600.0,108600.0,Education Loan,2829000.0,15.3,24,137570.0,0.0,0.0,0.0,0.0,0.0,404,250200.0,688500.0,1175000.0,Yes,Occasionally,Low,Moderate,2.9064,8.64,-61266.67,21300.0,24.3,1.0,1
50,Male,Accountant,Salaried,Divorced,1,95000.0,0.0,205000.0,0.0,112083.33333333333,24700.0,9100.0,2500.0,2800.0,2200.0,3000.0,6700.0,1800.0,8300.0,15700.0,4600.0,81400.0,Vehicle Loan,6610000.0,8.1,120,80550.0,20800.0,6100.0,0.0,0.0,26900.0,321,491800.0,375100.0,46300.0,No,Occasionally,Moderate,Moderate,0.9587,8.0,3783.33,23540.0,22.3,0.9969,1
58,Female,Doctor,Salaried,Married,4,48200.0,0.0,0.0,0.0,48200.0,15700.0,23800.0,7400.0,5400.0,1200.0,2600.0,18500.0,6100.0,9400.0,2900.0,4600.0,97600.0,Personal Loan,1631000.0,7.7,60,32840.0,0.0,8400.0,0.0,0.0,8400.0,424,219600.0,896700.0,120700.0,No,Never,Moderate,Moderate,0.8556,10.53,-57800.0,13290.0,37.1,0.974,1
22,Female,Accountant,Salaried,Married,0,54700.0,0.0,0.0,0.0,54700.0,12400.0,16600.0,4300.0,4500.0,700.0,3400.0,0.0,3900.0,7400.0,13600.0,4700.0,71500.0,Education Loan,900000.0,15.3,180,12780.0,12800.0,3200.0,0.0,10000.0,26000.0,718,116800.0,102700.0,1403100.0,Yes,Frequently,Moderate,Moderate,0.709,2.25,-42800.0,0.0,36.9,0.8926,1
41,Male,Software Engineer,Salaried,Married,2,48000.0,0.0,0.0,0.0,48000.0,12700.0,11100.0,2600.0,4800.0,1100.0,7100.0,5700.0,11400.0,1700.0,7300.0,1800.0,67300.0,Education Loan,723000.0,8.1,180,6950.0,10000.0,0.0,0.0,0.0,10000.0,399,140500.0,591200.0,309100.0,No,Occasionally,Moderate,Moderate,0.3531,9.47,-29300.0,11600.0,52.1,0.9569,1
53,Male,Doctor,Salaried,Single,2,11200.0,3800.0,23000.0,0.0,16916.666666666668,5900.0,8800.0,5900.0,4400.0,900.0,8500.0,16600.0,10900.0,1400.0,9700.0,7800.0,80800.0,Vehicle Loan,138000.0,10.8,240,1410.0,5600.0,2300.0,0.0,0.0,7900.0,626,87600.0,184900.0,158400.0,Yes,Occasionally,Low,Moderate,0.5503,3.07,-71783.33,0.0,40.2,0.9088,1
32,Other,Analyst,Salaried,Single,2,109400.0,14700.0,272000.0,0.0,146766.66666666666,20100.0,9300.0,3300.0,1500.0,1500.0,4500.0,9100.0,12300.0,3400.0,13300.0,1600.0,79900.0,Vehicle Loan,5673000.0,8.9,48,140900.0,0.0,0.0,0.0,1900.0,1900.0,733,162200.0,348700.0,1484200.0,No,Never,Moderate,Moderate,0.973,6.25,64966.67,64140.0,58.9,0.4686,1
42,Female,Manager,Self-Employed,Married,2,62700.0,9600.0,0.0,0.0,72300.0,20500.0,11700.0,7900.0,5800.0,2400.0,7000.0,6100.0,9600.0,4200.0,8800.0,5900.0,89900.0,Home Loan,2263000.0,17.7,60,57100.0,0.0,0.0,0.0,0.0,0.0,339,278400.0,1028200.0,1878100.0,No,Occasionally,Moderate,Moderate,0.7898,14.53,-17600.0,32540.0,37.2,0.9637,1
64,Male,Doctor,Self-Employed,Divorced,1,57800.0,0.0,0.0,0.0,57800.0,7800.0,16700.0,7900.0,5500.0,1200.0,4800.0,7400.0,9300.0,5500.0,9100.0,1400.0,76600.0,Home Loan,1612000.0,10.8,48,41510.0,0.0,0.0,3100.0,0.0,3100.0,667,144400.0,1114900.0,282200.0,No,Occasionally,Moderate,Moderate,0.7718,15.8,-21900.0,22910.0,48.4,0.3782,0
45,Female,Manager,Salaried,Married,3,47500.0,12700.0,0.0,0.0,60200.0,18600.0,17100.0,8700.0,2200.0,1700.0,8700.0,3600.0,6700.0,1800.0,11200.0,4100.0,84400.0,Vehicle Loan,2040000.0,8.1,180,19610.0,0.0,0.0,0.0,7800.0,7800.0,822,130000.0,584600.0,1467400.0,Yes,Never,Low,Low,0.4553,7.75,-32000.0,19290.0,58.7,0.1511,0
47,Male,Other,Salaried,Single,2,53200.0,0.0,62000.0,0.0,58366.666666666664,14500.0,14400.0,5000.0,5000.0,2300.0,11900.0,4500.0,9900.0,9000.0,8600.0,7300.0,92400.0,Education Loan,3094000.0,17.5,36,111080.0,9700.0,0.0,0.0,0.0,9700.0,340,110500.0,628300.0,818900.0,No,Frequently,Low,Low,2.0693,7.24,-43733.33,16560.0,16.4,1.0,1
62,Female,Sales Executive,Self-Employed,Single,0,36400.0,11200.0,53000.0,0.0,52016.666666666664,17400.0,12200.0,2100.0,3000.0,1800.0,8600.0,0.0,2600.0,8800.0,5900.0,6400.0,68800.0,Business Loan,462000.0,13.9,24,22160.0,0.0,5500.0,0.0,12800.0,18300.0,303,95300.0,431400.0,1222100.0,No,Never,Low,Low,0.7778,6.05,-35083.33,5110.0,28.2,0.9994,1
48,Female,Other,Business,Single,2,66700.0,0.0,36000.0,117100.0,186800.0,59100.0,20500.0,4100.0,4400.0,1200.0,1600.0,17700.0,10600.0,4800.0,19600.0,3300.0,146900.0,Home Loan,6524000.0,7.9,48,158960.0,0.0,0.0,20400.0,5300.0,25700.0,772,378100.0,3293100.0,3855800.0,Yes,Never,Moderate,High,0.9885,21.27,14200.0,58360.0,52.7,0.0318,0
36,Male,Business Owner,Salaried,Divorced,1,25500.0,0.0,0.0,0.0,25500.0,3000.0,7300.0,5700.0,1800.0,2500.0,6200.0,10600.0,2500.0,7200.0,11100.0,4900.0,62800.0,Vehicle Loan,1111000.0,16.3,60,27190.0,5300.0,0.0,0.0,0.0,5300.0,302,103400.0,475000.0,560100.0,No,Occasionally,Moderate,Low,1.2741,8.49,-42600.0,6180.0,23.7,0.9999,1
35,Female,Sales Executive,Salaried,Married,0,53800.0,21000.0,136000.0,0.0,86133.33333333333,11600.0,13700.0,7600.0,3700.0,900.0,9500.0,0.0,13100.0,2100.0,21100.0,2200.0,85500.0,Business Loan,5029000.0,9.1,12,440030.0,0.0,0.0,0.0,1100.0,1100.0,675,126100.0,736000.0,294200.0,No,Never,Low,Moderate,5.1215,9.95,-466.67,37660.0,39.5,1.0,1
64,Female,Sales Executive,Salaried,Married,3,64900.0,23100.0,121000.0,0.0,98083.33333333333,24500.0,23000.0,5100.0,1600.0,1500.0,7000.0,16800.0,8100.0,5600.0,22300.0,7700.0,123200.0,Business Loan,4481000.0,15.9,36,157320.0,0.0,0.0,0.0,0.0,0.0,496,884900.0,1758300.0,908600.0,No,Never,Moderate,High,1.6039,21.45,-25116.67,44140.0,31.2,0.9848,1
23,Female,Teacher,Salaried,Single,1,44400.0,0.0,23000.0,0.0,46316.666666666664,10600.0,9000.0,6300.0,3700.0,2100.0,11500.0,9100.0,8400.0,10400.0,19300.0,6000.0,96400.0,Business Loan,1628000.0,13.8,240,20010.0,13600.0,0.0,0.0,0.0,13600.0,461,242200.0,226200.0,315600.0,Yes,Never,Low,Low,0.7257,4.26,-63683.33,7240.0,33.3,0.9951,1
57,Male,Sales Executive,Salaried,Married,2,59000.0,0.0,0.0,0.0,59000.0,8400.0,19700.0,6200.0,2200.0,500.0,1600.0,14100.0,9200.0,8300.0,11100.0,3600.0,84900.0,Business Loan,2783000.0,9.4,60,58310.0,0.0,5700.0,3700.0,2400.0,11800.0,864,312400.0,572300.0,222900.0,No,Occasionally,Low,Moderate,1.1883,9.15,-37700.0,14750.0,39.8,0.4716,1
27,Male,Software Engineer,Salaried,Married,0,29900.0,0.0,37000.0,0.0,32983.333333333336,4400.0,13800.0,3300.0,3300.0,1900.0,4200.0,0.0,11900.0,2100.0,18600.0,3200.0,66700.0,Personal Loan,1974000.0,15.4,12,178540.0,5200.0,0.0,0.0,1100.0,6300.0,593,82600.0,190900.0,632500.0,No,Never,Moderate,High,5.604,3.75,-40016.67,8540.0,25.1,1.0,1
41,Male,Other,Self-Employed,Single,0,30200.0,13400.0,0.0,0.0,43600.0,10500.0,4200.0,7000.0,4300.0,1000.0,3400.0,0.0,7700.0,10300.0,5600.0,2700.0,56700.0,Home Loan,2349000.0,12.3,48,62200.0,0.0,0.0,0.0,0.0,0.0,762,381000.0,229100.0,909200.0,No,Occasionally,Moderate,Low,1.4266,10.76,-13100.0,19620.0,43.0,0.8876,1
29,Female,Manager,Salaried,Married,1,55200.0,0.0,83000.0,0.0,62116.666666666664,7000.0,9200.0,5500.0,5400.0,800.0,9400.0,6700.0,7000.0,8500.0,17200.0,6500.0,83200.0,Business Loan,615000.0,14.2,240,7740.0,0.0,6500.0,8500.0,10000.0,25000.0,640,519700.0,1073600.0,263600.0,No,Occasionally,Low,High,0.5271,14.73,-46083.33,2950.0,59.0,0.1812,0
59,Male,Business Owner,Salaried,Single,0,68800.0,8200.0,0.0,0.0,77000.0,24500.0,12500.0,8500.0,1800.0,1000.0,6800.0,0.0,5000.0,6000.0,11300.0,4000.0,81400.0,Business Loan,2819000.0,16.6,240,40490.0,0.0,11500.0,0.0,0.0,11500.0,303,63600.0,1121900.0,1775300.0,No,Never,Moderate,Moderate,0.6752,12.76,-15900.0,23150.0,38.1,0.9883,1
38,Female,Sales Executive,Salaried,Single,2,19200.0,0.0,12000.0,0.0,20200.0,6100.0,15000.0,7500.0,5500.0,2400.0,2500.0,4300.0,2800.0,8600.0,17100.0,3300.0,75100.0,Vehicle Loan,975000.0,10.2,24,45080.0,0.0,2000.0,2300.0,0.0,4300.0,677,150600.0,45900.0,173800.0,No,Occasionally,High,High,2.4446,2.47,-59200.0,4790.0,23.2,1.0,1
24,Female,Business Owner,Salaried,Married,0,63600.0,0.0,140000.0,0.0,75266.66666666667,22300.0,11400.0,2900.0,3000.0,2300.0,4100.0,0.0,3700.0,2900.0,19400.0,7300.0,79300.0,Vehicle Loan,3158000.0,11.3,360,30790.0,0.0,9000.0,0.0,11800.0,20800.0,602,169400.0,1158400.0,850800.0,Yes,Never,Low,Low,0.6854,13.26,-24833.33,13070.0,49.6,0.527,1
45,Male,Business Owner,Salaried,Married,1,37400.0,3200.0,0.0,0.0,40600.0,4200.0,9200.0,5900.0,5200.0,900.0,6700.0,7900.0,1000.0,7100.0,14900.0,2100.0,65100.0,Personal Loan,1134000.0,18.0,12,103970.0,0.0,0.0,0.0,0.0,0.0,710,234600.0,482600.0,1209800.0,No,Never,Low,Low,2.5608,11.02,-24500.0,18270.0,39.2,0.9997,1
34,Female,Sales Executive,Salaried,Married,0,44500.0,0.0,129000.0,0.0,55250.0,6200.0,13500.0,7600.0,3600.0,700.0,12000.0,0.0,13200.0,7800.0,16800.0,2800.0,84200.0,Business Loan,1256000.0,12.8,240,14540.0,0.0,0.0,0.0,0.0,0.0,406,484500.0,881400.0,318200.0,No,Never,Low,Low,0.2632,16.22,-28950.0,24860.0,57.4,0.6633,1
29,Male,Sales Executive,Business,Married,0,25100.0,0.0,0.0,50100.0,75200.0,17900.0,7700.0,2700.0,5300.0,1200.0,5000.0,0.0,11700.0,11200.0,6900.0,3400.0,73000.0,Personal Loan,2969000.0,13.4,240,35630.0,0.0,0.0,0.0,0.0,0.0,583,704900.0,923000.0,266500.0,Yes,Occasionally,Moderate,High,0.4738,22.3,2200.0,33840.0,56.7,0.063,0
46,Female,Teacher,Salaried,Single,2,32000.0,0.0,0.0,0.0,32000.0,11200.0,13500.0,8300.0,4300.0,1700.0,2700.0,8200.0,4100.0,1700.0,15600.0,2800.0,74100.0,Vehicle Loan,886000.0,10.5,120,11960.0,8500.0,0.0,0.0,8900.0,17400.0,688,72100.0,261500.0,257800.0,No,Occasionally,Moderate,High,0.9175,3.65,-59500.0,0.0,38.2,0.9611,1
22,Male,Teacher,Self-Employed,Married,0,79500.0,12800.0,0.0,0.0,92300.0,17100.0,9200.0,3800.0,3500.0,2200.0,6500.0,0.0,1000.0,5100.0,12600.0,5100.0,66100.0,Home Loan,2451000.0,11.9,12,217650.0,22200.0,0.0,13200.0,0.0,35400.0,703,870000.0,960300.0,2580200.0,No,Occasionally,High,Moderate,2.7416,18.03,-9200.0,6140.0,41.1,0.9985,1
40,Male,Teacher,Business,Married,2,49800.0,13400.0,0.0,26800.0,90000.0,16700.0,17400.0,6000.0,2600.0,2400.0,4400.0,6100.0,7900.0,11300.0,11800.0,5200.0,91800.0,Education Loan,4592000.0,12.8,360,50080.0,0.0,16300.0,0.0,0.0,16300.0,393,104500.0,332200.0,324100.0,No,Occasionally,Moderate,Moderate,0.7376,4.04,-18100.0,24200.0,28.2,0.9926,1
48,Male,Manager,Salaried,Married,3,40500.0,12100.0,33000.0,0.0,55350.0,7400.0,11300.0,9500.0,5800.0,2000.0,7200.0,16300.0,6800.0,3400.0,11400.0,1400.0,82500.0,Education Loan,1238000.0,10.2,36,40060.0,0.0,0.0,0.0,0.0,0.0,844,505800.0,382000.0,1022800.0,No,Occasionally,Low,Low,0.7238,10.76,-27150.0,24910.0,54.8,0.1538,0
27,Male,Manager,Salaried,Married,2,46200.0,11000.0,0.0,0.0,57200.0,15400.0,10900.0,6600.0,5000.0,1700.0,6100.0,6800.0,11900.0,9900.0,9200.0,2000.0,85500.0,Personal Loan,2315000.0,10.0,12,203530.0,9100.0,0.0,0.0,0.0,9100.0,491,448300.0,81500.0,1360900.0,Yes,Never,High,Low,3.7173,5.6,-37400.0,16640.0,26.3,1.0,1
64,Female,Teacher,Salaried,Single,2,62600.0,13500.0,49000.0,0.0,80183.33333333333,21000.0,10800.0,5400.0,2900.0,800.0,8600.0,16100.0,6600.0,1000.0,9000.0,2400.0,84600.0,Vehicle Loan,4253000.0,13.8,180,56070.0,0.0,9700.0,11200.0,0.0,20900.0,752,736200.0,699100.0,2218800.0,No,Frequently,Low,Low,0.9599,13.6,-25316.67,15180.0,49.3,0.309,0
28,Female,Teacher,Business,Single,0,61100.0,0.0,109000.0,116700.0,186883.3333333333,23400.0,5500.0,2100.0,1800.0,600.0,11100.0,0.0,13100.0,1300.0,18100.0,1500.0,78500.0,Education Loan,7325000.0,9.4,60,153480.0,0.0,0.0,0.0,10300.0,10300.0,488,743500.0,510800.0,2680100.0,Yes,Never,Moderate,Moderate,0.8764,14.12,98083.33,73800.0,60.5,0.8811,1
55,Female,Analyst,Business,Married,0,47200.0,0.0,85000.0,51600.0,105883.33333333334,23000.0,6900.0,3100.0,4900.0,1700.0,3200.0,0.0,2300.0,4600.0,14800.0,1900.0,66400.0,Business Loan,3399000.0,13.3,24,162070.0,29300.0,0.0,6800.0,6100.0,42200.0,357,999300.0,1434900.0,1453900.0,No,Occasionally,Low,Moderate,1.9292,22.41,-2716.67,5450.0,22.1,0.9984,1
34,Male,Analyst,Self-Employed,Single,3,84700.0,18400.0,248000.0,0.0,123766.66666666667,33000.0,18500.0,6600.0,5900.0,1600.0,10000.0,5800.0,6100.0,9500.0,2700.0,2700.0,102400.0,Home Loan,859000.0,14.9,12,77490.0,0.0,0.0,0.0,2700.0,2700.0,542,1024300.0,2269700.0,3072900.0,No,Never,High,Moderate,0.6479,31.34,18666.67,53000.0,47.8,0.0089,0
37,Male,Sales Executive,Salaried,Married,2,79600.0,10700.0,0.0,0.0,90300.0,20200.0,18300.0,6000.0,2400.0,2200.0,11400.0,18200.0,14100.0,2100.0,3100.0,3400.0,101400.0,Vehicle Loan,3837000.0,9.6,120,49860.0,0.0,0.0,9000.0,2300.0,11300.0,378,326800.0,1361100.0,530500.0,No,Occasionally,Moderate,High,0.6773,14.98,-22400.0,29340.0,41.7,0.9266,1
56,Male,Accountant,Self-Employed,Single,2,60300.0,0.0,74000.0,0.0,66466.66666666667,17900.0,17200.0,4900.0,5600.0,1100.0,5100.0,13200.0,1200.0,5200.0,15100.0,6500.0,93000.0,Personal Loan,3979000.0,15.3,12,359700.0,0.0,10600.0,0.0,1200.0,11800.0,605,247200.0,328400.0,921500.0,No,Never,Low,Low,5.5893,5.49,-38333.33,18110.0,27.2,1.0,1
60,Female,Accountant,Salaried,Single,2,50400.0,0.0,0.0,0.0,50400.0,15300.0,14700.0,9400.0,1600.0,600.0,2300.0,6100.0,6500.0,2400.0,21500.0,2500.0,82900.0,Vehicle Loan,2493000.0,11.3,120,34770.0,11900.0,0.0,0.0,0.0,11900.0,579,196200.0,536000.0,964300.0,Yes,Never,Moderate,Low,0.926,7.72,-44400.0,10780.0,37.8,0.9865,1
24,Female,Teacher,Salaried,Single,1,68100.0,0.0,56000.0,0.0,72766.66666666667,19800.0,6700.0,4700.0,5800.0,1300.0,10000.0,15000.0,4600.0,3500.0,3000.0,5700.0,80100.0,Home Loan,2903000.0,17.9,12,266010.0,0.0,0.0,0.0,0.0,0.0,311,443400.0,1057100.0,1528300.0,No,Never,High,High,3.6557,18.73,-7333.33,32750.0,21.8,1.0,1
22,Male,Business Owner,Salaried,Divorced,0,57400.0,0.0,137000.0,0.0,68816.66666666667,17500.0,17400.0,6300.0,4700.0,2400.0,8700.0,0.0,8400.0,6500.0,13700.0,1400.0,87000.0,Vehicle Loan,2120000.0,17.8,180,33840.0,0.0,0.0,0.0,7800.0,7800.0,584,153300.0,1122300.0,230900.0,No,Occasionally,Low,Moderate,0.6051,13.46,-25983.33,23170.0,49.2,0.6757,1
26,Male,Teacher,Salaried,Single,2,83300.0,0.0,186000.0,0.0,98800.0,31000.0,10400.0,6500.0,2700.0,2100.0,3300.0,8600.0,4900.0,4500.0,21600.0,5600.0,101200.0,Personal Loan,1713000.0,15.9,180,25040.0,0.0,0.0,0.0,0.0,0.0,561,456300.0,630100.0,2570300.0,No,Occasionally,Moderate,Moderate,0.2534,10.74,-2400.0,44460.0,59.7,0.1869,0
62,Female,Analyst,Self-Employed,Married,2,76900.0,18000.0,0.0,0.0,94900.0,30900.0,17400.0,6200.0,2500.0,600.0,5900.0,12500.0,13200.0,3300.0,2100.0,6600.0,101200.0,Business Loan,4087000.0,11.1,48,105830.0,0.0,0.0,10000.0,0.0,10000.0,410,108400.0,955100.0,2329600.0,Yes,Occasionally,Low,Moderate,1.2205,9.56,-16300.0,32700.0,26.6,0.9981,1
24,Female,Sales Executive,Salaried,Married,1,29500.0,0.0,18000.0,0.0,31000.0,6100.0,18800.0,5800.0,4200.0,2200.0,7400.0,8000.0,14100.0,5300.0,8300.0,5200.0,85400.0,Vehicle Loan,457000.0,17.3,180,7130.0,0.0,0.0,0.0,10800.0,10800.0,700,121000.0,92500.0,294900.0,No,Never,High,Moderate,0.5784,2.22,-65200.0,3150.0,45.9,0.778,1
49,Female,Teacher,Salaried,Single,3,28500.0,18300.0,69000.0,0.0,52550.0,7500.0,19800.0,4700.0,4000.0,1400.0,2900.0,4400.0,12900.0,8700.0,23200.0,2400.0,91900.0,Personal Loan,2827000.0,18.0,240,43630.0,0.0,0.0,5100.0,0.0,5100.0,612,359100.0,777800.0,751000.0,No,Occasionally,High,Low,0.9273,11.72,-44450.0,18550.0,38.0,0.9171,1
38,Female,Other,Salaried,Married,0,34500.0,24300.0,73000.0,0.0,64883.333333333336,19800.0,7100.0,9300.0,5600.0,1200.0,8900.0,0.0,6600.0,2300.0,3900.0,3300.0,68000.0,Business Loan,1588000.0,12.4,240,17930.0,22100.0,0.0,0.0,0.0,22100.0,331,395800.0,600800.0,747500.0,No,Never,Low,Moderate,0.617,11.06,-25216.67,7100.0,38.4,0.9913,1
46,Male,Business Owner,Business,Married,0,79900.0,16600.0,0.0,133500.0,230000.0,35300.0,8400.0,5600.0,4800.0,1200.0,8600.0,0.0,14900.0,6300.0,16000.0,6600.0,107700.0,Education Loan,6207000.0,14.0,36,212140.0,66600.0,0.0,0.0,7000.0,73600.0,388,806600.0,412200.0,6769600.0,No,Never,Moderate,Low,1.2423,6.72,48700.0,29900.0,24.9,0.9973,1
64,Male,Other,Self-Employed,Married,3,22300.0,0.0,44000.0,0.0,25966.666666666668,8600.0,10400.0,6200.0,3700.0,1700.0,10800.0,10800.0,11300.0,4000.0,13700.0,4000.0,85200.0,Vehicle Loan,438000.0,7.6,240,3560.0,7200.0,0.0,0.0,10800.0,18000.0,680,76400.0,287200.0,454900.0,No,Never,Moderate,Moderate,0.8303,3.52,-77233.33,0.0,42.3,0.9275,1
54,Female,Sales Executive,Salaried,Married,2,59700.0,0.0,0.0,0.0,59700.0,6300.0,16600.0,7300.0,5600.0,1600.0,7200.0,9900.0,6000.0,5200.0,5500.0,2800.0,74000.0,Business Loan,1880000.0,8.0,36,58910.0,0.0,8500.0,0.0,0.0,8500.0,846,215400.0,957400.0,484400.0,No,Never,High,Low,1.1291,14.22,-22800.0,18360.0,45.3,0.2019,0
30,Female,Sales Executive,Salaried,Single,1,58800.0,0.0,85000.0,0.0,65883.33333333333,21800.0,14600.0,2500.0,4000.0,1800.0,7300.0,9200.0,2300.0,10000.0,3000.0,7500.0,84000.0,Education Loan,2795000.0,12.8,60,63310.0,0.0,0.0,0.0,2200.0,2200.0,838,76500.0,121500.0,1474400.0,No,Occasionally,Moderate,Low,0.9943,2.3,-20316.67,27450.0,42.0,0.8075,1
56,Male,Manager,Salaried,Single,0,87700.0,0.0,82000.0,0.0,94533.33333333333,23400.0,14200.0,8300.0,5200.0,1600.0,7800.0,0.0,10300.0,11200.0,13600.0,5500.0,101100.0,Vehicle Loan,2047000.0,13.9,12,183700.0,0.0,7800.0,0.0,0.0,7800.0,462,278600.0,819000.0,2330200.0,No,Never,Low,High,2.0257,10.08,-14366.67,34740.0,26.3,0.9998,1
34,Female,Doctor,Business,Divorced,0,53600.0,0.0,0.0,39700.0,93300.0,27400.0,4200.0,6100.0,5200.0,800.0,4000.0,0.0,11200.0,3700.0,18900.0,6600.0,88100.0,Vehicle Loan,4068000.0,10.8,180,45730.0,0.0,0.0,0.0,0.0,0.0,317,674200.0,947500.0,2032400.0,Yes,Occasionally,Moderate,High,0.4901,18.41,5200.0,41980.0,44.3,0.8293,1
51,Female,Other,Salaried,Single,2,25000.0,11600.0,0.0,0.0,36600.0,7300.0,19400.0,7300.0,5600.0,1000.0,9300.0,13400.0,2700.0,7900.0,6100.0,1200.0,81200.0,Home Loan,1432000.0,8.5,240,12430.0,10100.0,0.0,0.0,12500.0,22600.0,649,80500.0,731700.0,91700.0,No,Occasionally,Low,Low,0.9571,7.82,-67200.0,0.0,34.9,0.9287,1
35,Female,Manager,Salaried,Married,1,30300.0,0.0,30000.0,0.0,32800.0,11400.0,16300.0,8200.0,1300.0,2200.0,8300.0,4100.0,8700.0,8400.0,17900.0,3400.0,90200.0,Vehicle Loan,836000.0,15.7,48,23560.0,0.0,0.0,0.0,10300.0,10300.0,827,59500.0,169100.0,283100.0,No,Occasionally,Low,High,1.0323,2.27,-67700.0,4460.0,34.9,0.9418,1
28,Female,Analyst,Salaried,Married,2,27100.0,14000.0,0.0,0.0,41100.0,6400.0,10000.0,9000.0,3900.0,1800.0,10200.0,16700.0,14800.0,10300.0,14600.0,4200.0,101900.0,Vehicle Loan,913000.0,11.9,180,10900.0,9800.0,0.0,0.0,10800.0,20600.0,616,350900.0,680800.0,446900.0,No,Occasionally,Moderate,High,0.7664,8.42,-81400.0,0.0,42.9,0.9251,1
34,Male,Software Engineer,Salaried,Single,3,37500.0,16900.0,0.0,0.0,54400.0,9000.0,14900.0,5100.0,3300.0,1400.0,9500.0,5900.0,5600.0,10900.0,10200.0,5100.0,80900.0,Business Loan,2849000.0,14.3,180,38520.0,0.0,0.0,0.0,11700.0,11700.0,676,149500.0,205200.0,353900.0,Yes,Never,Moderate,Moderate,0.9232,3.83,-38200.0,12780.0,31.6,0.9685,1
43,Female,Business Owner,Self-Employed,Married,2,44700.0,9200.0,124000.0,0.0,64233.333333333336,7200.0,16900.0,8500.0,3500.0,900.0,8000.0,13800.0,5200.0,6100.0,17300.0,2300.0,89700.0,Personal Loan,363000.0,14.3,120,5700.0,0.0,0.0,0.0,0.0,0.0,529,185300.0,1240700.0,927600.0,No,Occasionally,Low,Moderate,0.0887,15.9,-25466.67,28900.0,66.0,0.0796,0
60,Female,Software Engineer,Salaried,Single,1,27400.0,18400.0,30000.0,0.0,48300.0,16200.0,12900.0,4100.0,3300.0,500.0,2800.0,10600.0,13600.0,11800.0,6400.0,4500.0,86700.0,Home Loan,2143000.0,13.2,60,48980.0,0.0,0.0,0.0,5200.0,5200.0,681,236600.0,329800.0,463000.0,No,Occasionally,Moderate,Moderate,1.1217,6.16,-43600.0,16540.0,29.5,0.9399,1
41,Female,Analyst,Salaried,Single,2,102300.0,0.0,139000.0,0.0,113883.33333333333,24400.0,9600.0,7300.0,5200.0,1100.0,11100.0,16100.0,2600.0,11700.0,12500.0,5800.0,107400.0,Vehicle Loan,3183000.0,9.4,48,79820.0,0.0,14200.0,0.0,12000.0,26200.0,428,567500.0,428900.0,124600.0,No,Never,Low,Moderate,0.931,7.46,-19716.67,25050.0,24.6,0.9868,1
36,Female,Analyst,Salaried,Single,1,25300.0,22600.0,0.0,0.0,47900.0,12900.0,7200.0,2800.0,2600.0,600.0,5000.0,17000.0,14100.0,6600.0,14600.0,3400.0,86800.0,Business Loan,2130000.0,14.0,60,49560.0,0.0,0.0,0.0,0.0,0.0,372,108700.0,395300.0,937000.0,No,Occasionally,Low,Low,1.0347,5.81,-38900.0,21560.0,17.6,0.9994,1
38,Female,Software Engineer,Salaried,Married,0,96100.0,0.0,0.0,0.0,96100.0,26100.0,14900.0,2200.0,3300.0,1500.0,11600.0,0.0,11900.0,7000.0,12500.0,5800.0,96800.0,Business Loan,3163000.0,10.9,180,35750.0,0.0,6300.0,0.0,2900.0,9200.0,783,555800.0,123900.0,1256900.0,No,Frequently,Low,Low,0.4677,6.41,-9900.0,34040.0,54.8,0.1421,0
44,Male,Other,Business,Single,0,88700.0,9500.0,203000.0,92800.0,207916.6666666667,66200.0,6200.0,2800.0,2000.0,2100.0,5400.0,0.0,6500.0,8300.0,11100.0,3700.0,114300.0,Personal Loan,1999000.0,16.1,240,27960.0,0.0,0.0,0.0,0.0,0.0,791,1478200.0,638000.0,175300.0,No,Occasionally,High,High,0.1345,18.51,93616.67,93560.0,93.2,0.0009,0
46,Female,Doctor,Salaried,Married,1,76800.0,0.0,206000.0,0.0,93966.66666666667,25000.0,8400.0,4600.0,2300.0,1100.0,2600.0,6200.0,2200.0,5100.0,19000.0,4300.0,80800.0,Education Loan,5545000.0,9.5,48,139310.0,0.0,0.0,0.0,0.0,0.0,728,479500.0,979800.0,2629800.0,No,Never,High,High,1.4825,18.06,13166.67,42280.0,49.5,0.6121,1
45,Female,Other,Business,Divorced,3,34700.0,0.0,33000.0,48200.0,85650.0,20600.0,21600.0,2200.0,4300.0,2200.0,10700.0,5100.0,1300.0,8300.0,17100.0,1900.0,95300.0,Vehicle Loan,834000.0,10.6,60,17970.0,0.0,0.0,0.0,0.0,0.0,613,771400.0,1616400.0,1672800.0,No,Occasionally,Low,Moderate,0.2098,25.06,-9650.0,38540.0,63.2,0.0021,0
61,Female,Software Engineer,Self-Employed,Married,0,58200.0,0.0,129000.0,0.0,68950.0,19100.0,12600.0,7000.0,1600.0,1900.0,9700.0,0.0,6300.0,6700.0,16700.0,5600.0,87200.0,Education Loan,946000.0,12.1,120,13630.0,0.0,8200.0,0.0,0.0,8200.0,831,684000.0,651800.0,153000.0,No,Never,Moderate,Low,0.3166,14.0,-26450.0,22830.0,70.7,0.0089,0
49,Female,Other,Salaried,Married,0,25900.0,0.0,0.0,0.0,25900.0,7500.0,12500.0,4500.0,1900.0,800.0,9600.0,0.0,10900.0,1400.0,22500.0,2600.0,74200.0,Personal Loan,728000.0,15.3,360,9380.0,4800.0,0.0,0.0,0.0,4800.0,792,143000.0,350800.0,691100.0,No,Occasionally,High,High,0.5475,6.25,-53100.0,6860.0,53.8,0.2091,0
35,Female,Accountant,Salaried,Married,4,77300.0,0.0,0.0,0.0,77300.0,11300.0,18700.0,7900.0,3600.0,1800.0,2000.0,6900.0,7800.0,10400.0,24900.0,6800.0,102100.0,Business Loan,4403000.0,15.1,120,71310.0,0.0,0.0,9500.0,0.0,9500.0,471,752900.0,1115800.0,976000.0,No,Occasionally,Moderate,Low,1.0454,16.74,-34300.0,25280.0,26.6,0.951,1
21,Male,Other,Salaried,Single,0,47200.0,0.0,59000.0,0.0,52116.666666666664,6600.0,12000.0,2400.0,1200.0,800.0,10700.0,0.0,11300.0,11300.0,15000.0,4900.0,76200.0,Education Loan,1101000.0,11.0,180,12510.0,0.0,0.0,0.0,14600.0,14600.0,601,346100.0,88300.0,374600.0,Yes,Occasionally,Low,Low,0.5202,4.78,-38683.33,8850.0,46.3,0.9279,1
45,Male,Sales Executive,Self-Employed,Married,2,39900.0,23300.0,21000.0,0.0,64950.0,7700.0,16400.0,3700.0,1600.0,1800.0,7600.0,11000.0,10400.0,1300.0,10000.0,4900.0,76400.0,Personal Loan,2356000.0,12.9,240,27430.0,0.0,6900.0,0.0,9900.0,16800.0,681,358800.0,462400.0,89600.0,No,Never,Low,Low,0.681,8.81,-28250.0,12430.0,48.6,0.6641,1
27,Male,Manager,Salaried,Married,0,26600.0,0.0,48000.0,0.0,30600.0,5900.0,17500.0,5300.0,5300.0,800.0,6200.0,0.0,9000.0,9700.0,19900.0,7400.0,87000.0,Education Loan,1031000.0,10.0,36,33270.0,0.0,0.0,3300.0,0.0,3300.0,659,268200.0,610300.0,683700.0,No,Never,Low,Moderate,1.1951,9.73,-59700.0,10470.0,28.7,0.959,1
29,Male,Business Owner,Salaried,Divorced,0,14200.0,0.0,12000.0,0.0,15200.0,3400.0,7100.0,5100.0,5200.0,1300.0,11000.0,0.0,14500.0,5200.0,5300.0,2200.0,60300.0,Business Loan,352000.0,15.6,60,8490.0,3900.0,0.0,0.0,8800.0,12700.0,804,147200.0,17200.0,442000.0,Yes,Occasionally,Low,High,1.3941,2.25,-57800.0,0.0,35.0,0.9786,1
44,Female,Other,Salaried,Divorced,3,29200.0,0.0,18000.0,0.0,30700.0,7800.0,13000.0,3000.0,2700.0,1600.0,8300.0,12200.0,11200.0,7400.0,13800.0,4700.0,85700.0,Vehicle Loan,1329000.0,9.6,48,33450.0,8700.0,4000.0,0.0,13400.0,26100.0,663,306700.0,305000.0,170700.0,No,Occasionally,Moderate,Moderate,1.9397,5.47,-81100.0,0.0,29.9,0.9998,1
21,Female,Doctor,Self-Employed,Married,0,85500.0,0.0,192000.0,0.0,101500.0,34500.0,4800.0,10000.0,2700.0,600.0,2500.0,0.0,13800.0,6500.0,14100.0,3700.0,93200.0,Home Loan,3307000.0,16.1,12,300200.0,0.0,0.0,0.0,8900.0,8900.0,571,782800.0,1716500.0,1269500.0,No,Occasionally,Low,Moderate,3.0453,24.48,-600.0,36780.0,27.5,0.9997,1
64,Male,Doctor,Salaried,Married,1,40100.0,0.0,0.0,0.0,40100.0,7300.0,15200.0,4300.0,5700.0,800.0,6700.0,8700.0,4400.0,7100.0,24600.0,7800.0,92600.0,Business Loan,1476000.0,17.3,48,42820.0,0.0,0.0,0.0,0.0,0.0,722,204900.0,259800.0,285700.0,No,Never,Moderate,Low,1.0678,5.02,-52500.0,18040.0,35.5,0.9722,1
28,Male,Other,Salaried,Married,0,45000.0,13900.0,74000.0,0.0,65066.666666666664,18900.0,11700.0,7800.0,1100.0,1100.0,8000.0,0.0,11000.0,6400.0,24800.0,6500.0,97300.0,Education Loan,1077000.0,17.9,24,53720.0,0.0,0.0,5500.0,5000.0,10500.0,652,215500.0,1297200.0,1117500.0,No,Occasionally,Low,Moderate,0.987,14.03,-42733.33,18780.0,51.3,0.8273,1
44,Female,Teacher,Salaried,Married,0,68000.0,0.0,149000.0,0.0,80416.66666666667,18700.0,5600.0,3800.0,3900.0,1400.0,10900.0,0.0,9400.0,10400.0,20400.0,6300.0,90800.0,Vehicle Loan,4500000.0,16.5,48,128690.0,0.0,8500.0,0.0,4100.0,12600.0,840,466500.0,823100.0,2102000.0,Yes,Never,Moderate,Low,1.757,12.47,-22983.33,23590.0,43.6,0.9373,1
31,Male,Analyst,Salaried,Married,0,120900.0,0.0,0.0,0.0,120900.0,18700.0,9100.0,9000.0,4000.0,2200.0,4100.0,0.0,13900.0,8500.0,12900.0,2400.0,84800.0,Home Loan,1340000.0,9.8,24,61710.0,0.0,0.0,0.0,0.0,0.0,595,953500.0,2220400.0,474000.0,No,Never,Low,Low,0.5104,37.43,36100.0,54400.0,68.2,0.0006,0
37,Male,Other,Self-Employed,Single,0,95100.0,0.0,197000.0,0.0,111516.66666666667,28300.0,6500.0,5100.0,4900.0,900.0,9700.0,0.0,8100.0,5500.0,14600.0,2700.0,86300.0,Personal Loan,4791000.0,11.9,48,125930.0,38900.0,18400.0,0.0,5600.0,62900.0,626,84200.0,1230900.0,997700.0,No,Occasionally,High,Low,1.6933,8.81,-37683.33,0.0,29.1,0.996,1
28,Male,Analyst,Salaried,Divorced,0,30100.0,0.0,0.0,0.0,30100.0,10300.0,8600.0,9200.0,5800.0,1200.0,9800.0,0.0,4900.0,8600.0,9400.0,1200.0,69000.0,Vehicle Loan,1617000.0,8.4,48,39780.0,0.0,0.0,0.0,10300.0,10300.0,408,91600.0,257500.0,148700.0,No,Occasionally,Low,High,1.6638,4.4,-49200.0,3240.0,15.0,0.9999,1
55,Male,Accountant,Self-Employed,Married,2,18600.0,0.0,40000.0,0.0,21933.333333333332,2900.0,21300.0,4700.0,2800.0,1500.0,2400.0,4400.0,6400.0,11600.0,21100.0,5500.0,84600.0,Business Loan,211000.0,9.2,36,6730.0,0.0,0.0,2500.0,0.0,2500.0,610,84900.0,317900.0,150500.0,Yes,Occasionally,Low,Moderate,0.4208,4.62,-65166.67,7370.0,53.0,0.8658,1
55,Male,Software Engineer,Self-Employed,Married,1,159500.0,2400.0,0.0,0.0,161900.0,36700.0,15600.0,2100.0,3200.0,1100.0,1200.0,19800.0,4100.0,1900.0,19200.0,3600.0,108500.0,Education Loan,1066000.0,8.0,60,21610.0,0.0,0.0,0.0,7200.0,7200.0,325,1280500.0,3109600.0,631100.0,No,Never,Moderate,Moderate,0.1779,37.94,46200.0,65660.0,66.4,0.0035,0
53,Male,Accountant,Salaried,Married,0,152400.0,0.0,179000.0,0.0,167316.66666666666,18900.0,4100.0,6100.0,4400.0,1800.0,7400.0,0.0,4100.0,5300.0,19700.0,3200.0,75000.0,Home Loan,3902000.0,14.2,360,46850.0,53200.0,0.0,0.0,0.0,53200.0,694,1058900.0,1362900.0,3185500.0,Yes,Occasionally,Low,High,0.598,18.89,39116.67,22090.0,68.2,0.0117,0
25,Male,Other,Self-Employed,Divorced,1,53900.0,0.0,86000.0,0.0,61066.666666666664,11000.0,9500.0,6200.0,5800.0,1000.0,9700.0,16700.0,7600.0,10600.0,5200.0,5500.0,88800.0,Vehicle Loan,2959000.0,13.1,12,264430.0,18400.0,0.0,0.0,0.0,18400.0,545,277500.0,1064600.0,79700.0,No,Occasionally,Low,Low,4.6315,12.52,-46133.33,9080.0,30.7,1.0,1
62,Female,Doctor,Salaried,Single,3,26000.0,11800.0,42000.0,0.0,41300.0,10500.0,10100.0,3000.0,5500.0,2000.0,7100.0,13200.0,13500.0,9100.0,11200.0,6800.0,92000.0,Home Loan,1836000.0,17.1,180,28390.0,0.0,0.0,0.0,0.0,0.0,580,381300.0,558900.0,903200.0,No,Never,High,High,0.6874,10.22,-50700.0,18580.0,47.4,0.8843,1
59,Male,Teacher,Salaried,Married,3,79300.0,0.0,193000.0,0.0,95383.33333333333,29600.0,20000.0,3900.0,4300.0,1500.0,9900.0,10100.0,3700.0,11300.0,14400.0,1900.0,110600.0,Home Loan,4790000.0,12.4,12,426480.0,0.0,5500.0,0.0,0.0,5500.0,469,535300.0,781500.0,406700.0,No,Occasionally,Moderate,Low,4.5289,11.34,-20716.67,37420.0,27.3,1.0,1
61,Female,Analyst,Self-Employed,Married,2,46400.0,22500.0,66000.0,0.0,74400.0,21000.0,14600.0,8300.0,5300.0,700.0,7800.0,13700.0,5000.0,1400.0,4900.0,7400.0,90100.0,Vehicle Loan,1999000.0,14.2,12,179670.0,0.0,0.0,0.0,7200.0,7200.0,475,548900.0,152800.0,595200.0,No,Never,Moderate,Moderate,2.5117,7.21,-22900.0,26280.0,24.4,1.0,1
48,Male,Manager,Salaried,Single,3,46300.0,0.0,0.0,0.0,46300.0,10000.0,23900.0,2300.0,1400.0,1800.0,8200.0,4600.0,12900.0,10500.0,10500.0,1200.0,87300.0,Education Loan,2762000.0,11.7,24,129630.0,10200.0,0.0,0.0,3400.0,13600.0,813,311500.0,320200.0,479600.0,No,Never,Low,Moderate,3.0935,6.26,-54600.0,7240.0,35.0,1.0,1
27,Male,Analyst,Salaried,Married,0,76700.0,0.0,0.0,0.0,76700.0,25100.0,14300.0,5900.0,2900.0,1600.0,1300.0,0.0,5700.0,9700.0,4000.0,1700.0,72200.0,Personal Loan,1928000.0,16.2,120,32540.0,0.0,0.0,0.0,0.0,0.0,556,663900.0,1288100.0,876800.0,No,Occasionally,Low,Low,0.4243,27.04,4500.0,34520.0,62.8,0.0145,0
29,Female,Sales Executive,Salaried,Married,1,57900.0,13800.0,60000.0,0.0,76700.0,13500.0,13300.0,6200.0,1100.0,1200.0,2000.0,12200.0,14500.0,10000.0,24100.0,6900.0,105000.0,Vehicle Loan,3781000.0,17.2,360,54520.0,14600.0,0.0,0.0,0.0,14600.0,433,630300.0,215400.0,397900.0,No,Never,Moderate,Moderate,0.9012,7.07,-42900.0,19920.0,28.9,0.9957,1
28,Male,Business Owner,Business,Married,2,27100.0,0.0,0.0,53600.0,80700.0,23300.0,19300.0,7500.0,1900.0,500.0,9000.0,19300.0,4800.0,7600.0,19300.0,4400.0,116900.0,Personal Loan,1961000.0,12.0,36,65130.0,0.0,0.0,0.0,5600.0,5600.0,802,798600.0,958000.0,1183400.0,No,Frequently,Moderate,Moderate,0.8765,14.34,-41800.0,30720.0,53.0,0.2322,0
32,Male,Other,Salaried,Single,2,41700.0,3400.0,0.0,0.0,45100.0,9900.0,17900.0,2300.0,4200.0,900.0,9400.0,13800.0,7200.0,1600.0,16300.0,7600.0,91100.0,Home Loan,767000.0,8.4,60,15700.0,15400.0,0.0,0.0,0.0,15400.0,339,185000.0,483700.0,1210600.0,No,Occasionally,Low,High,0.6896,6.28,-61400.0,4900.0,25.7,0.9977,1
54,Female,Accountant,Salaried,Married,1,68200.0,0.0,0.0,0.0,68200.0,22100.0,9400.0,6700.0,5400.0,1300.0,7000.0,5600.0,2300.0,6900.0,6700.0,4200.0,77600.0,Home Loan,1604000.0,9.2,240,14640.0,0.0,0.0,0.0,2300.0,2300.0,591,140900.0,925600.0,938600.0,No,Never,Low,Low,0.2484,13.35,-11700.0,28390.0,65.5,0.129,0
53,Female,Manager,Salaried,Married,1,63300.0,20600.0,0.0,0.0,83900.0,25100.0,13400.0,2000.0,4200.0,900.0,7500.0,11100.0,14900.0,5500.0,9700.0,7500.0,101800.0,Education Loan,1309000.0,15.1,120,21200.0,0.0,6100.0,0.0,1400.0,7500.0,556,647600.0,1580800.0,70100.0,No,Frequently,Moderate,Moderate,0.3421,20.39,-25400.0,30260.0,54.1,0.0847,0
43,Male,Doctor,Self-Employed,Married,4,55900.0,19200.0,152000.0,0.0,87766.66666666667,28600.0,19800.0,4100.0,4300.0,1700.0,7800.0,4000.0,13500.0,6800.0,5300.0,2700.0,98600.0,Vehicle Loan,1062000.0,10.9,36,34720.0,0.0,0.0,0.0,12400.0,12400.0,796,773200.0,1341400.0,956800.0,No,Never,Moderate,High,0.5369,19.05,-23233.33,27100.0,59.7,0.0116,0
44,Male,Doctor,Self-Employed,Single,2,78200.0,6700.0,231000.0,0.0,104150.0,16000.0,14300.0,6000.0,1500.0,1900.0,2200.0,15700.0,12400.0,9100.0,14300.0,5300.0,98700.0,Vehicle Loan,2606000.0,15.7,24,127220.0,0.0,6300.0,0.0,14200.0,20500.0,826,105900.0,1114600.0,1259600.0,No,Occasionally,Moderate,Moderate,1.4183,10.24,-15050.0,26370.0,37.1,0.7516,1
57,Female,Doctor,Salaried,Divorced,1,40900.0,21800.0,0.0,0.0,62700.0,16700.0,8500.0,9300.0,4300.0,2200.0,8300.0,11500.0,3200.0,7600.0,20900.0,8000.0,100500.0,Business Loan,820000.0,15.4,36,28590.0,13800.0,0.0,0.0,5800.0,19600.0,492,229600.0,1051900.0,533000.0,No,Never,Low,Moderate,0.7686,10.67,-57400.0,8620.0,36.3,0.9597,1
55,Male,Sales Executive,Business,Married,2,53600.0,9900.0,143000.0,33800.0,109216.66666666667,31100.0,11100.0,3000.0,3300.0,1800.0,6300.0,9300.0,14600.0,4200.0,2400.0,3600.0,90700.0,Education Loan,3564000.0,14.8,120,57060.0,0.0,0.0,0.0,9400.0,9400.0,324,892100.0,1565300.0,969800.0,No,Never,Low,Moderate,0.6085,24.55,9116.67,39750.0,46.3,0.5623,1
64,Female,Doctor,Salaried,Married,0,9100.0,0.0,0.0,0.0,9100.0,2600.0,7900.0,3400.0,4300.0,1900.0,7600.0,0.0,14000.0,7600.0,4400.0,1000.0,54700.0,Vehicle Loan,63000.0,16.0,60,1530.0,0.0,0.0,600.0,11000.0,11600.0,642,63600.0,163900.0,54300.0,No,Never,Low,High,1.4429,3.43,-57200.0,0.0,22.4,0.9984,1
60,Female,Doctor,Salaried,Married,0,39200.0,0.0,111000.0,0.0,48450.0,10900.0,4100.0,7400.0,2600.0,1700.0,7200.0,0.0,7100.0,1900.0,7300.0,1400.0,51600.0,Home Loan,1392000.0,15.4,240,18740.0,12300.0,0.0,0.0,0.0,12300.0,745,371900.0,715200.0,1390500.0,Yes,Never,Moderate,Moderate,0.6407,17.01,-15450.0,9500.0,52.1,0.1005,0
42,Other,Other,Business,Single,1,71800.0,0.0,0.0,138600.0,210400.0,21600.0,18800.0,5000.0,3900.0,2500.0,9400.0,19200.0,10500.0,1100.0,18400.0,7000.0,117400.0,Education Loan,12138000.0,14.1,24,583350.0,70400.0,0.0,19700.0,0.0,90100.0,370,1190900.0,3220700.0,3341900.0,No,Never,Low,High,3.2008,21.26,2900.0,4580.0,20.2,1.0,1
47,Male,Sales Executive,Business,Married,1,40300.0,0.0,120000.0,48300.0,98600.0,16300.0,15600.0,7000.0,3100.0,1000.0,4500.0,6800.0,14900.0,5400.0,22600.0,4400.0,101600.0,Business Loan,2439000.0,7.5,24,109750.0,0.0,16200.0,5700.0,9600.0,31500.0,566,407000.0,256000.0,1587700.0,No,Occasionally,Moderate,Moderate,1.4326,4.98,-34500.0,12870.0,26.9,0.997,1
55,Female,Teacher,Self-Employed,Married,0,38800.0,7700.0,0.0,0.0,46500.0,8400.0,13700.0,10000.0,3800.0,1000.0,5100.0,0.0,6700.0,9300.0,19300.0,4800.0,82100.0,Business Loan,585000.0,12.9,48,15670.0,0.0,0.0,0.0,10200.0,10200.0,635,381700.0,49900.0,593700.0,Yes,Occasionally,Low,High,0.5563,4.68,-45800.0,10720.0,44.2,0.9172,1
21,Female,Teacher,Business,Married,2,29100.0,0.0,0.0,55500.0,84600.0,26500.0,16000.0,9900.0,1700.0,800.0,5300.0,19100.0,2600.0,10000.0,14100.0,6600.0,112600.0,Home Loan,1843000.0,13.8,360,21550.0,20700.0,0.0,0.0,0.0,20700.0,593,488000.0,1620700.0,1565700.0,No,Never,Moderate,Moderate,0.4994,15.82,-48700.0,17370.0,54.3,0.2809,0
55,Male,Sales Executive,Salaried,Married,1,81000.0,0.0,150000.0,0.0,93500.0,29000.0,15700.0,4800.0,3000.0,1500.0,9400.0,12700.0,13100.0,7000.0,4400.0,6700.0,107300.0,Vehicle Loan,4537000.0,17.6,60,114230.0,0.0,0.0,0.0,0.0,0.0,692,504200.0,541200.0,1187300.0,No,Never,High,Low,1.2217,9.74,-13800.0,42080.0,37.4,0.9309,1
57,Male,Business Owner,Business,Married,1,64500.0,2400.0,0.0,120300.0,187200.0,23600.0,19700.0,6000.0,2900.0,700.0,5700.0,6600.0,7700.0,10500.0,19400.0,4300.0,107100.0,Home Loan,4165000.0,14.3,180,56310.0,0.0,22000.0,0.0,0.0,22000.0,303,1400400.0,774400.0,3869200.0,No,Never,Moderate,Moderate,0.4183,16.85,58100.0,62240.0,59.1,0.6033,1
34,Female,Manager,Salaried,Single,0,74100.0,0.0,103000.0,0.0,82683.33333333333,27900.0,9400.0,9200.0,4700.0,1000.0,2900.0,0.0,14800.0,2400.0,4400.0,7000.0,83700.0,Business Loan,2157000.0,13.5,180,28000.0,0.0,0.0,0.0,6300.0,6300.0,867,191300.0,332000.0,218800.0,No,Never,Low,High,0.4148,5.81,-7316.67,30910.0,61.1,0.0666,0
23,Male,Analyst,Salaried,Married,0,20700.0,0.0,57000.0,0.0,25450.0,3700.0,14000.0,2700.0,4500.0,1500.0,11800.0,0.0,8700.0,11600.0,10000.0,4300.0,72800.0,Education Loan,1231000.0,13.2,120,18530.0,0.0,0.0,0.0,4700.0,4700.0,403,154400.0,382300.0,22700.0,No,Never,Low,Low,0.9128,6.93,-52050.0,6750.0,31.7,0.9965,1
21,Male,Other,Salaried,Single,3,45200.0,0.0,0.0,0.0,45200.0,9200.0,15000.0,5600.0,5500.0,2400.0,6400.0,15000.0,1400.0,11100.0,9100.0,5700.0,86400.0,Vehicle Loan,874000.0,8.6,120,10880.0,0.0,5600.0,0.0,0.0,5600.0,450,153300.0,85000.0,762700.0,No,Never,Moderate,Low,0.3646,2.59,-46800.0,14740.0,37.0,0.9884,1
25,Male,Software Engineer,Salaried,Single,2,42600.0,0.0,84000.0,0.0,49600.0,7600.0,20000.0,5000.0,4200.0,2400.0,2200.0,8000.0,7900.0,7600.0,10300.0,1200.0,76400.0,Home Loan,1553000.0,12.0,360,15970.0,7600.0,4800.0,0.0,3300.0,15700.0,673,34900.0,672500.0,1092300.0,No,Never,Moderate,High,0.6385,7.68,-42500.0,6620.0,47.2,0.6647,1
46,Female,Teacher,Salaried,Divorced,4,42600.0,22600.0,0.0,0.0,65200.0,20500.0,24000.0,4400.0,2600.0,2000.0,8400.0,6200.0,11100.0,1600.0,9600.0,2000.0,92400.0,Vehicle Loan,553000.0,8.9,48,13740.0,22100.0,0.0,0.0,12400.0,34500.0,303,496400.0,773100.0,1308600.0,No,Never,Low,Low,0.7399,10.0,-61700.0,0.0,35.5,0.9955,1
34,Female,Sales Executive,Salaried,Married,4,36000.0,0.0,53000.0,0.0,40416.666666666664,11600.0,24600.0,10000.0,4900.0,1300.0,9100.0,13600.0,1400.0,6000.0,19700.0,7000.0,109200.0,Education Loan,589000.0,8.1,24,26670.0,12700.0,7300.0,0.0,3400.0,23400.0,723,202500.0,153500.0,483400.0,No,Never,Low,Moderate,1.2388,2.68,-92183.33,0.0,32.7,0.9866,1
59,Female,Manager,Salaried,Married,1,41200.0,0.0,112000.0,0.0,50533.333333333336,9500.0,6100.0,7900.0,3500.0,2200.0,6500.0,11200.0,6800.0,3000.0,5900.0,3200.0,65800.0,Business Loan,835000.0,11.0,180,9490.0,14900.0,0.0,3000.0,0.0,17900.0,395,458900.0,180600.0,4900.0,No,Never,Low,Moderate,0.542,7.64,-33166.67,4840.0,45.4,0.9753,1
47,Male,Sales Executive,Salaried,Married,0,75000.0,9300.0,0.0,0.0,84300.0,22800.0,8200.0,5100.0,2000.0,2300.0,8100.0,0.0,3200.0,7900.0,21500.0,3300.0,84400.0,Home Loan,2571000.0,14.3,120,40380.0,27000.0,0.0,0.0,12400.0,39400.0,479,442700.0,296800.0,305500.0,No,Never,Moderate,Low,0.9464,5.97,-39500.0,0.0,25.2,0.9929,1
29,Male,Analyst,Salaried,Married,3,18800.0,0.0,38000.0,0.0,21966.666666666668,3200.0,11900.0,8600.0,4700.0,2300.0,2900.0,4900.0,10000.0,3100.0,21700.0,5600.0,78900.0,Business Loan,1102000.0,16.6,48,31570.0,0.0,0.0,0.0,0.0,0.0,529,13100.0,130300.0,258300.0,No,Frequently,High,Moderate,1.4372,1.82,-56933.33,9880.0,18.3,0.9998,1
35,Female,Manager,Salaried,Married,4,119200.0,23400.0,0.0,0.0,142600.0,27900.0,18400.0,5900.0,1700.0,1800.0,5000.0,5300.0,14400.0,6300.0,13300.0,5100.0,105100.0,Home Loan,3493000.0,16.0,12,316920.0,43400.0,7900.0,0.0,7500.0,58800.0,653,625000.0,1881500.0,2842100.0,No,Occasionally,Moderate,High,2.6348,15.29,-21300.0,5370.0,37.4,0.9997,1
35,Male,Teacher,Salaried,Married,2,62400.0,10300.0,105000.0,0.0,81450.0,15800.0,14900.0,9000.0,1900.0,900.0,2800.0,9200.0,9700.0,3300.0,4400.0,1600.0,73500.0,Vehicle Loan,2112000.0,10.6,48,54180.0,0.0,0.0,0.0,0.0,0.0,871,173100.0,401600.0,762500.0,No,Frequently,Low,Moderate,0.6652,7.82,7950.0,36650.0,59.1,0.0541,0
46,Male,Doctor,Self-Employed,Single,2,48000.0,0.0,0.0,0.0,48000.0,7700.0,11600.0,4100.0,4800.0,700.0,5300.0,7400.0,10700.0,3000.0,15200.0,6400.0,76900.0,Personal Loan,1035000.0,8.0,120,12560.0,0.0,0.0,0.0,0.0,0.0,586,444000.0,650000.0,765500.0,Yes,Never,Moderate,Moderate,0.2617,14.23,-28900.0,21600.0,63.4,0.2515,0
62,Female,Sales Executive,Business,Divorced,2,77100.0,0.0,0.0,95000.0,172100.0,54900.0,18100.0,3800.0,4900.0,2300.0,7200.0,13500.0,6600.0,3700.0,20900.0,5300.0,141200.0,Home Loan,3894000.0,11.7,36,128780.0,33100.0,0.0,0.0,0.0,33100.0,715,814900.0,3349500.0,906200.0,No,Never,Low,Low,0.9406,23.89,-2200.0,44340.0,53.0,0.0207,0
33,Other,Software Engineer,Self-Employed,Married,1,23700.0,0.0,18000.0,0.0,25200.0,6800.0,9800.0,4000.0,5000.0,600.0,5900.0,9200.0,8900.0,1300.0,8700.0,7000.0,67200.0,Home Loan,685000.0,10.8,12,60480.0,0.0,0.0,0.0,0.0,0.0,335,134900.0,438000.0,128200.0,No,Occasionally,Low,Low,2.4,8.53,-42000.0,11340.0,15.8,1.0,1
52,Female,Teacher,Salaried,Married,1,35200.0,23600.0,0.0,0.0,58800.0,10000.0,18000.0,6300.0,2500.0,1100.0,7500.0,14600.0,8600.0,8900.0,21300.0,4700.0,103500.0,Business Loan,3203000.0,11.4,24,149880.0,19200.0,6900.0,0.0,13000.0,39100.0,728,233600.0,950400.0,1310300.0,No,Never,High,High,3.2139,8.3,-83800.0,0.0,30.6,1.0,1
59,Female,Accountant,Self-Employed,Single,2,46100.0,0.0,58000.0,0.0,50933.333333333336,8200.0,10500.0,4300.0,5300.0,1500.0,6500.0,16100.0,11600.0,4400.0,17600.0,3900.0,89900.0,Personal Loan,323000.0,13.4,120,4900.0,17500.0,0.0,6600.0,0.0,24100.0,846,278200.0,969400.0,669900.0,No,Never,Low,Low,0.5694,10.94,-63066.67,0.0,63.3,0.0503,0
52,Female,Software Engineer,Salaried,Single,2,97000.0,0.0,209000.0,0.0,114416.66666666667,12000.0,13100.0,3200.0,4600.0,500.0,4500.0,6200.0,13000.0,8700.0,24700.0,3600.0,94100.0,Personal Loan,4503000.0,7.8,12,391290.0,0.0,0.0,0.0,8100.0,8100.0,743,147200.0,1445900.0,3257600.0,No,Occasionally,High,Moderate,3.4907,15.59,12216.67,43390.0,42.5,0.9999,1
24,Male,Business Owner,Salaried,Single,0,47900.0,17500.0,62000.0,0.0,70566.66666666667,13200.0,12700.0,10000.0,5200.0,2300.0,2600.0,0.0,10300.0,8200.0,21000.0,1000.0,86500.0,Personal Loan,3798000.0,11.4,120,53180.0,0.0,10500.0,0.0,0.0,10500.0,826,342800.0,1101400.0,447300.0,No,Never,Moderate,Moderate,0.9024,14.89,-26433.33,21260.0,54.0,0.0792,0
50,Female,Teacher,Salaried,Single,0,61400.0,0.0,97000.0,0.0,69483.33333333333,16100.0,12500.0,9200.0,4500.0,1100.0,3800.0,0.0,14700.0,1700.0,6600.0,1300.0,71500.0,Personal Loan,1941000.0,13.4,12,173730.0,0.0,0.0,0.0,3800.0,3800.0,355,472700.0,1091200.0,933400.0,No,Occasionally,Moderate,Moderate,2.555,20.77,-5816.67,27470.0,24.2,0.9999,1
57,Female,Doctor,Self-Employed,Married,0,36500.0,0.0,23000.0,0.0,38416.666666666664,6500.0,5100.0,7100.0,3900.0,600.0,3200.0,0.0,12600.0,4400.0,12300.0,1900.0,57600.0,Education Loan,1567000.0,12.0,12,139230.0,12300.0,0.0,0.0,13600.0,25900.0,656,155100.0,749700.0,217000.0,No,Occasionally,Low,Moderate,4.2984,10.84,-45083.33,0.0,34.0,1.0,1
43,Male,Teacher,Salaried,Single,0,62500.0,23400.0,0.0,0.0,85900.0,23600.0,15800.0,9100.0,1500.0,2500.0,8800.0,0.0,2700.0,7200.0,4400.0,7500.0,83100.0,Vehicle Loan,3197000.0,14.5,120,50600.0,0.0,8200.0,0.0,0.0,8200.0,542,363400.0,1142200.0,659600.0,No,Never,High,Moderate,0.6845,16.49,-5400.0,30460.0,44.7,0.4834,1
59,Female,Analyst,Salaried,Single,3,113400.0,0.0,201000.0,0.0,130150.0,26400.0,18400.0,9500.0,4600.0,1100.0,10000.0,7500.0,8100.0,11100.0,3600.0,7200.0,107500.0,Home Loan,3075000.0,9.5,12,269630.0,0.0,0.0,16700.0,6500.0,23200.0,322,1100500.0,805400.0,2499100.0,Yes,Never,Low,Low,2.2499,14.58,-550.0,35370.0,22.5,1.0,1
35,Female,Manager,Salaried,Single,0,80600.0,21000.0,45000.0,0.0,105350.0,18900.0,16200.0,7400.0,4500.0,2300.0,8900.0,0.0,13600.0,5400.0,18200.0,4500.0,99900.0,Vehicle Loan,1323000.0,9.1,360,10740.0,0.0,0.0,0.0,0.0,0.0,534,589700.0,497000.0,2874900.0,No,Occasionally,High,Low,0.1019,10.88,5450.0,47410.0,63.4,0.197,0
63,Female,Sales Executive,Business,Single,0,47100.0,8200.0,0.0,61300.0,116600.0,39000.0,16100.0,6100.0,2600.0,1400.0,8100.0,0.0,14200.0,6600.0,23000.0,2300.0,119400.0,Vehicle Loan,1991000.0,10.7,24,92520.0,19200.0,0.0,16100.0,10000.0,45300.0,626,709200.0,796100.0,449200.0,No,Occasionally,Moderate,Low,1.182,9.14,-48100.0,7170.0,35.1,0.9428,1
49,Female,Manager,Salaried,Single,0,68700.0,0.0,0.0,0.0,68700.0,11400.0,11600.0,9100.0,4700.0,1800.0,4400.0,0.0,6300.0,9300.0,24400.0,2000.0,85000.0,Vehicle Loan,561000.0,8.6,360,4350.0,0.0,0.0,8300.0,7900.0,16200.0,449,228100.0,1063000.0,267100.0,Yes,Never,Low,Moderate,0.2991,12.76,-32500.0,14720.0,54.8,0.8212,1
56,Female,Manager,Salaried,Married,2,65400.0,24300.0,159000.0,0.0,102950.0,20500.0,20800.0,6500.0,3800.0,1000.0,8800.0,11600.0,11200.0,9800.0,8200.0,2800.0,105000.0,Vehicle Loan,4845000.0,10.0,60,102940.0,0.0,10600.0,14700.0,0.0,25300.0,847,523800.0,1387200.0,2941700.0,No,Occasionally,Moderate,Moderate,1.2457,14.67,-27350.0,21030.0,40.1,0.2976,0
33,Female,Teacher,Salaried,Married,1,63200.0,0.0,142000.0,0.0,75033.33333333333,14700.0,17900.0,3000.0,3800.0,1500.0,7700.0,13500.0,6700.0,11200.0,6600.0,7400.0,94000.0,Education Loan,2574000.0,8.4,60,52690.0,0.0,0.0,0.0,10800.0,10800.0,466,76000.0,387600.0,1657400.0,No,Never,Moderate,Moderate,0.8462,4.42,-29766.67,22960.0,33.5,0.9894,1
52,Male,Analyst,Salaried,Single,0,85500.0,5700.0,73000.0,0.0,97283.33333333333,15600.0,17400.0,4900.0,2800.0,1000.0,1500.0,0.0,2700.0,6500.0,14900.0,4700.0,72000.0,Business Loan,4690000.0,11.7,240,50660.0,0.0,0.0,0.0,0.0,0.0,391,446300.0,1686600.0,913000.0,Yes,Occasionally,Moderate,Moderate,0.5207,29.62,25283.33,43780.0,55.5,0.0758,0
27,Female,Sales Executive,Self-Employed,Married,0,85200.0,0.0,183000.0,0.0,100450.0,15500.0,15900.0,5600.0,1600.0,2400.0,11000.0,0.0,13400.0,3100.0,6600.0,6600.0,81700.0,Education Loan,2106000.0,15.0,12,190080.0,0.0,0.0,0.0,3800.0,3800.0,664,816200.0,1973400.0,1226300.0,No,Never,Low,High,1.9301,32.63,14950.0,41400.0,48.5,0.4151,0
42,Male,Sales Executive,Salaried,Married,0,46000.0,0.0,0.0,0.0,46000.0,8100.0,15500.0,9500.0,2100.0,600.0,1900.0,0.0,14000.0,9400.0,8800.0,4500.0,74400.0,Home Loan,2266000.0,10.5,360,20730.0,7400.0,0.0,0.0,0.0,7400.0,337,93600.0,707800.0,1088700.0,No,Never,Low,Moderate,0.6115,9.8,-35800.0,13300.0,37.0,0.9904,1
48,Male,Manager,Business,Single,1,67600.0,0.0,131000.0,83000.0,161516.6666666667,51000.0,12600.0,7300.0,4800.0,1000.0,6500.0,6200.0,8100.0,2400.0,21300.0,5300.0,126500.0,Personal Loan,3554000.0,7.5,12,308340.0,39800.0,0.0,0.0,8800.0,48600.0,719,1253800.0,352100.0,3386100.0,No,Never,High,Moderate,2.2099,9.17,-13583.33,24080.0,32.7,0.9967,1
22,Male,Business Owner,Salaried,Married,0,40500.0,0.0,111000.0,0.0,49750.0,14500.0,7000.0,9000.0,2400.0,2300.0,6600.0,0.0,1300.0,5600.0,20600.0,5300.0,74600.0,Business Loan,581000.0,13.3,60,13310.0,0.0,0.0,0.0,6700.0,6700.0,448,201700.0,642900.0,909700.0,Yes,Never,Moderate,Low,0.4022,10.39,-31550.0,15690.0,48.5,0.9143,1
62,Male,Analyst,Self-Employed,Married,3,30900.0,24800.0,0.0,0.0,55700.0,15100.0,22700.0,8100.0,1000.0,1500.0,10200.0,14400.0,12400.0,7900.0,22600.0,1200.0,117100.0,Home Loan,1914000.0,14.8,240,24920.0,0.0,0.0,0.0,12000.0,12000.0,577,42200.0,1048100.0,1444900.0,No,Never,Low,Moderate,0.6628,8.45,-73400.0,13060.0,44.1,0.781,1
26,Male,Business Owner,Salaried,Married,1,42800.0,15100.0,0.0,0.0,57900.0,12400.0,16100.0,4500.0,6000.0,1700.0,11000.0,8500.0,7700.0,8600.0,13100.0,4100.0,93700.0,Personal Loan,3300000.0,11.6,12,292580.0,0.0,3500.0,0.0,14700.0,18200.0,706,553300.0,402200.0,542700.0,Yes,Occasionally,Low,Moderate,5.3675,8.54,-54000.0,7860.0,33.0,1.0,1
48,Female,Other,Salaried,Married,0,47200.0,19800.0,0.0,0.0,67000.0,15200.0,7900.0,7700.0,2100.0,1800.0,11300.0,0.0,2100.0,9100.0,15000.0,7000.0,79200.0,Education Loan,1862000.0,10.6,60,40110.0,13000.0,0.0,0.0,0.0,13000.0,553,148900.0,812300.0,424600.0,No,Frequently,Low,Low,0.7927,10.43,-25200.0,17150.0,40.1,0.9334,1
48,Female,Other,Salaried,Single,2,21400.0,0.0,44000.0,0.0,25066.666666666668,4200.0,12800.0,3600.0,4300.0,600.0,7300.0,6100.0,3700.0,3100.0,19700.0,4400.0,69800.0,Vehicle Loan,836000.0,12.7,36,28050.0,4700.0,0.0,1600.0,0.0,6300.0,562,92300.0,133200.0,308200.0,No,Never,Low,Low,1.3703,2.96,-51033.33,4980.0,19.5,0.9988,1
64,Female,Software Engineer,Salaried,Divorced,0,75400.0,0.0,0.0,0.0,75400.0,8900.0,13600.0,5300.0,5600.0,500.0,8500.0,0.0,3100.0,11800.0,7500.0,4000.0,68800.0,Home Loan,2248000.0,8.6,240,19650.0,0.0,0.0,0.0,0.0,0.0,832,382000.0,1337100.0,16900.0,No,Never,Low,Moderate,0.2606,24.99,6600.0,33930.0,79.9,0.0002,0
64,Male,Manager,Salaried,Married,2,12300.0,3000.0,0.0,0.0,15300.0,2800.0,14700.0,8400.0,4000.0,2400.0,2000.0,19800.0,10600.0,3000.0,20900.0,4700.0,93300.0,Vehicle Loan,461000.0,14.3,36,15820.0,2600.0,0.0,0.0,5400.0,8000.0,471,145700.0,268200.0,232800.0,No,Occasionally,Low,Low,1.5569,4.09,-86000.0,0.0,17.7,0.9999,1
40,Female,Sales Executive,Self-Employed,Married,0,190500.0,0.0,0.0,0.0,190500.0,42700.0,5100.0,6900.0,5000.0,1000.0,6400.0,0.0,5200.0,2100.0,2400.0,3700.0,80500.0,Vehicle Loan,3198000.0,15.2,240,42580.0,0.0,0.0,0.0,6100.0,6100.0,434,1147000.0,1509600.0,2087300.0,No,Never,Moderate,Moderate,0.2555,30.68,103900.0,79620.0,81.6,0.0083,0
50,Female,Teacher,Salaried,Single,1,103900.0,3600.0,0.0,0.0,107500.0,12300.0,8000.0,8600.0,5900.0,1300.0,10900.0,16600.0,2800.0,8300.0,20300.0,4600.0,99600.0,Vehicle Loan,3035000.0,14.9,24,147010.0,0.0,0.0,0.0,0.0,0.0,446,978300.0,821800.0,425500.0,No,Occasionally,Moderate,Low,1.3675,18.07,7900.0,48380.0,33.4,0.9788,1
31,Female,Sales Executive,Self-Employed,Divorced,2,43000.0,2200.0,0.0,0.0,45200.0,5500.0,18400.0,4000.0,5300.0,1900.0,6000.0,17700.0,13800.0,11000.0,19800.0,1900.0,105300.0,Business Loan,1461000.0,11.0,36,47830.0,0.0,8000.0,0.0,0.0,8000.0,308,265000.0,45300.0,1187200.0,Yes,Occasionally,Low,Moderate,1.2352,2.74,-68100.0,12340.0,10.0,0.9999,1
48,Male,Sales Executive,Self-Employed,Married,3,49300.0,0.0,59000.0,0.0,54216.666666666664,9000.0,14600.0,8000.0,3800.0,1000.0,1800.0,3800.0,14400.0,7200.0,8900.0,7800.0,80300.0,Personal Loan,2492000.0,16.3,12,226460.0,17100.0,5100.0,0.0,14100.0,36300.0,684,132900.0,381200.0,316200.0,No,Never,High,Low,4.8465,4.41,-62383.33,0.0,29.7,1.0,1
45,Male,Doctor,Salaried,Married,0,57000.0,11000.0,0.0,0.0,68000.0,13000.0,11100.0,3600.0,2800.0,2000.0,3200.0,0.0,2900.0,7600.0,18700.0,1200.0,66100.0,Vehicle Loan,863000.0,17.4,12,78870.0,0.0,0.0,0.0,1800.0,1800.0,863,398600.0,1077600.0,1440200.0,Yes,Frequently,Moderate,High,1.1863,21.74,100.0,28800.0,43.4,0.0448,0
59,Male,Sales Executive,Self-Employed,Single,0,36500.0,7500.0,101000.0,0.0,52416.666666666664,10400.0,14700.0,6400.0,3400.0,1400.0,5700.0,0.0,4200.0,6900.0,6900.0,4400.0,64400.0,Home Loan,1910000.0,10.6,48,48990.0,0.0,0.0,3200.0,13200.0,16400.0,534,76200.0,80900.0,1109700.0,No,Never,Low,Moderate,1.2475,1.94,-28383.33,7190.0,21.6,0.9992,1
53,Male,Software Engineer,Self-Employed,Married,1,54000.0,3500.0,97000.0,0.0,65583.33333333333,8500.0,16500.0,5500.0,5200.0,2200.0,3600.0,19400.0,9300.0,1500.0,15300.0,2500.0,89500.0,Business Loan,2717000.0,10.3,60,58130.0,0.0,0.0,3300.0,0.0,3300.0,638,105700.0,318200.0,83800.0,No,Occasionally,Low,High,0.9367,4.57,-27216.67,26210.0,37.9,0.9713,1
21,Male,Business Owner,Salaried,Divorced,3,45600.0,0.0,86000.0,0.0,52766.666666666664,8300.0,12300.0,6500.0,5300.0,1100.0,5300.0,12200.0,3100.0,8500.0,18100.0,1400.0,82100.0,Personal Loan,1375000.0,14.9,36,47600.0,0.0,0.0,0.0,6900.0,6900.0,570,84400.0,784900.0,677000.0,Yes,Never,Low,Moderate,1.0328,9.77,-36233.33,16840.0,36.5,0.987,1
47,Female,Other,Self-Employed,Married,3,46800.0,0.0,62000.0,0.0,51966.666666666664,8600.0,11400.0,3100.0,5200.0,900.0,4700.0,7000.0,3200.0,4900.0,18400.0,5600.0,73000.0,Home Loan,1829000.0,14.9,24,88600.0,0.0,0.0,0.0,0.0,0.0,490,32000.0,691800.0,742700.0,No,Never,Moderate,Low,1.7049,9.92,-21033.33,23380.0,25.1,0.9988,1
33,Male,Sales Executive,Salaried,Married,0,53700.0,0.0,0.0,0.0,53700.0,6300.0,12300.0,4900.0,4000.0,2200.0,4500.0,0.0,5700.0,11300.0,24600.0,7900.0,83700.0,Business Loan,2368000.0,12.9,12,211390.0,0.0,8300.0,0.0,0.0,8300.0,705,104000.0,1060400.0,1317000.0,Yes,Never,Moderate,High,4.0911,12.66,-38300.0,15860.0,39.8,1.0,1
61,Male,Sales Executive,Salaried,Divorced,0,25400.0,0.0,0.0,0.0,25400.0,4600.0,14400.0,7300.0,3400.0,1200.0,2000.0,0.0,14300.0,3100.0,6200.0,6200.0,62700.0,Business Loan,777000.0,17.2,36,27780.0,0.0,0.0,0.0,0.0,0.0,872,97900.0,213900.0,475800.0,No,Occasionally,Low,Moderate,1.0937,4.97,-37300.0,11430.0,37.2,0.6448,1
23,Male,Doctor,Self-Employed,Married,1,50000.0,0.0,0.0,0.0,50000.0,5900.0,8100.0,6500.0,2600.0,1300.0,10700.0,18000.0,14500.0,4300.0,13100.0,2800.0,87800.0,Personal Loan,1167000.0,9.0,12,102060.0,14400.0,0.0,0.0,6800.0,21200.0,489,59300.0,176600.0,95000.0,No,Never,Low,Low,2.4652,2.16,-59000.0,1300.0,12.7,1.0,1
59,Male,Analyst,Salaried,Married,0,53200.0,24000.0,91000.0,0.0,84783.33333333333,23400.0,9200.0,6400.0,1000.0,2100.0,8600.0,0.0,12800.0,6600.0,22200.0,4500.0,96800.0,Vehicle Loan,4270000.0,12.5,120,62500.0,28300.0,0.0,0.0,0.0,28300.0,824,47400.0,1155600.0,1141400.0,No,Frequently,Low,Low,1.071,9.62,-40316.67,9850.0,44.6,0.5132,1
26,Male,Teacher,Salaried,Married,0,52300.0,18500.0,0.0,0.0,70800.0,13900.0,16200.0,6100.0,4800.0,1800.0,7900.0,0.0,10700.0,6300.0,14900.0,1300.0,83900.0,Home Loan,4204000.0,7.9,36,131540.0,0.0,0.0,0.0,0.0,0.0,799,110900.0,177100.0,639000.0,No,Never,Low,Moderate,1.8579,3.43,-13100.0,31860.0,26.3,0.9984,1
28,Male,Analyst,Salaried,Divorced,0,44000.0,0.0,33000.0,0.0,46750.0,8500.0,17200.0,9600.0,2400.0,1400.0,7700.0,0.0,11100.0,5400.0,22200.0,4700.0,90200.0,Education Loan,791000.0,8.1,48,19350.0,14900.0,8900.0,4300.0,10500.0,38600.0,761,439100.0,150500.0,239800.0,Yes,Occasionally,Moderate,Moderate,1.2396,4.58,-82050.0,0.0,29.8,0.9799,1
47,Male,Teacher,Self-Employed,Single,2,86600.0,0.0,156000.0,0.0,99600.0,13100.0,14400.0,9500.0,2600.0,1000.0,5400.0,19500.0,7600.0,4500.0,12000.0,1700.0,91300.0,Vehicle Loan,5370000.0,8.1,240,45250.0,16200.0,18400.0,0.0,0.0,34600.0,533,547200.0,1174300.0,824800.0,No,Never,High,High,0.8017,13.67,-26300.0,10220.0,44.0,0.7586,1
29,Female,Sales Executive,Business,Married,3,41100.0,6800.0,80000.0,23300.0,77866.66666666666,12200.0,11100.0,4900.0,5200.0,2000.0,10100.0,6100.0,8400.0,2600.0,20300.0,6600.0,89500.0,Education Loan,2725000.0,12.7,60,61580.0,0.0,0.0,0.0,4500.0,4500.0,665,360700.0,776100.0,1962800.0,No,Occasionally,Low,Low,0.8486,12.09,-16133.33,30540.0,51.6,0.674,1
57,Female,Doctor,Salaried,Married,4,54900.0,0.0,129000.0,0.0,65650.0,10400.0,15600.0,4800.0,1300.0,900.0,11200.0,9900.0,9900.0,10000.0,22000.0,1400.0,97400.0,Home Loan,1946000.0,13.7,60,44980.0,0.0,0.0,5000.0,12600.0,17600.0,716,336700.0,394500.0,1221100.0,No,Occasionally,High,Low,0.9532,6.36,-49350.0,11940.0,36.9,0.8797,1
53,Male,Accountant,Self-Employed,Married,1,93800.0,19800.0,102000.0,0.0,122100.0,42300.0,9300.0,6400.0,5600.0,2400.0,1100.0,13900.0,11200.0,5900.0,21500.0,1100.0,120700.0,Education Loan,6609000.0,7.5,240,53240.0,0.0,0.0,0.0,0.0,0.0,684,704600.0,1230900.0,1595000.0,No,Occasionally,Low,Moderate,0.436,16.04,1400.0,54940.0,57.5,0.041,0
62,Male,Manager,Business,Married,1,47100.0,18700.0,0.0,75000.0,140800.0,43500.0,9300.0,2800.0,1000.0,800.0,1900.0,19600.0,2400.0,7300.0,22000.0,7000.0,117600.0,Education Loan,7754000.0,14.1,48,212280.0,0.0,0.0,0.0,0.0,0.0,502,214600.0,2463700.0,3043300.0,No,Never,High,Moderate,1.5077,22.77,23200.0,63360.0,38.6,0.882,1
64,Female,Other,Salaried,Married,3,54600.0,10300.0,105000.0,0.0,73650.0,7600.0,16900.0,4400.0,5700.0,2100.0,8400.0,8200.0,4100.0,7000.0,7000.0,7600.0,79000.0,Personal Loan,1473000.0,12.6,240,16840.0,18100.0,6600.0,4400.0,0.0,29100.0,825,446000.0,1088200.0,2139300.0,No,Never,Low,Low,0.6238,14.19,-34450.0,4040.0,60.9,0.0283,0
44,Male,Business Owner,Salaried,Divorced,0,46700.0,14600.0,0.0,0.0,61300.0,15600.0,12200.0,3800.0,3300.0,1300.0,3600.0,0.0,14500.0,7300.0,12100.0,1600.0,75300.0,Personal Loan,1515000.0,9.8,60,32040.0,0.0,0.0,0.0,0.0,0.0,848,516500.0,591000.0,1705100.0,No,Occasionally,Low,Moderate,0.5227,14.71,-14000.0,27580.0,64.5,0.0119,0
35,Male,Other,Self-Employed,Single,2,91000.0,17000.0,95000.0,0.0,115916.66666666667,19000.0,9700.0,3800.0,1500.0,900.0,11000.0,10900.0,5700.0,8800.0,6000.0,3000.0,80300.0,Personal Loan,6011000.0,7.7,120,71980.0,0.0,19700.0,0.0,0.0,19700.0,800,675300.0,801600.0,336800.0,No,Never,Low,Low,0.7909,14.77,15916.67,32460.0,55.2,0.0286,0
52,Female,Business Owner,Self-Employed,Married,1,43100.0,0.0,128000.0,0.0,53766.666666666664,6800.0,18500.0,7100.0,4400.0,1300.0,8300.0,7300.0,4800.0,7900.0,6200.0,6200.0,78800.0,Education Loan,1720000.0,9.1,12,150500.0,0.0,0.0,0.0,1100.0,1100.0,825,477900.0,648500.0,536000.0,No,Never,Moderate,Moderate,2.8196,14.1,-26133.33,23100.0,46.2,0.9979,1
52,Male,Analyst,Business,Single,0,93100.0,0.0,0.0,86000.0,179100.0,49500.0,12700.0,5100.0,5500.0,900.0,5100.0,0.0,6900.0,4000.0,13200.0,4800.0,107700.0,Education Loan,3733000.0,13.8,360,43640.0,0.0,0.0,0.0,0.0,0.0,411,324700.0,188900.0,1682400.0,No,Frequently,Low,Moderate,0.2437,4.77,71400.0,80600.0,55.2,0.8045,1
44,Female,Software Engineer,Salaried,Single,1,46500.0,0.0,119000.0,0.0,56416.666666666664,7500.0,14400.0,3400.0,3200.0,800.0,5600.0,4600.0,5100.0,7100.0,24100.0,7600.0,83400.0,Business Loan,3268000.0,14.4,48,89960.0,0.0,10100.0,0.0,0.0,10100.0,449,470800.0,842200.0,937400.0,No,Occasionally,Moderate,Moderate,1.7736,14.04,-37083.33,15290.0,28.1,0.9994,1
61,Female,Sales Executive,Salaried,Married,0,31900.0,0.0,0.0,0.0,31900.0,6700.0,17800.0,9100.0,4500.0,1000.0,8600.0,0.0,2300.0,3700.0,15600.0,3700.0,73000.0,Business Loan,540000.0,14.3,12,48560.0,0.0,4200.0,0.0,15000.0,19200.0,586,216800.0,518300.0,86500.0,No,Occasionally,Low,Low,2.1241,7.97,-60300.0,0.0,31.8,0.9997,1
32,Male,Accountant,Salaried,Married,2,68900.0,12000.0,86000.0,0.0,88066.66666666667,22700.0,16800.0,9000.0,5900.0,2200.0,2600.0,12100.0,3900.0,7500.0,21600.0,1000.0,105300.0,Personal Loan,3397000.0,9.1,180,34660.0,22400.0,0.0,0.0,0.0,22400.0,629,549100.0,291800.0,2435200.0,No,Occasionally,Low,Moderate,0.6479,6.58,-39633.33,17230.0,45.0,0.9015,1
59,Male,Business Owner,Salaried,Married,0,42100.0,0.0,27000.0,0.0,44350.0,10600.0,17000.0,8900.0,2200.0,700.0,10700.0,0.0,10000.0,5800.0,23600.0,1100.0,90600.0,Business Loan,1266000.0,17.1,48,36600.0,7600.0,0.0,0.0,0.0,7600.0,451,270200.0,383600.0,1041200.0,No,Never,High,Moderate,0.9966,6.66,-53850.0,12360.0,26.3,0.9974,1
22,Female,Manager,Salaried,Single,0,66900.0,6000.0,96000.0,0.0,80900.0,27900.0,8000.0,5100.0,5100.0,2400.0,1100.0,0.0,4100.0,1400.0,4000.0,5000.0,64100.0,Vehicle Loan,2413000.0,11.8,60,53430.0,0.0,12200.0,12000.0,4000.0,28200.0,656,131900.0,303900.0,298000.0,No,Occasionally,Low,Low,1.009,4.72,-11400.0,8200.0,29.5,0.9496,1
23,Male,Business Owner,Self-Employed,Single,0,12500.0,0.0,0.0,0.0,12500.0,3700.0,7400.0,2500.0,2500.0,500.0,11800.0,0.0,10100.0,9100.0,5700.0,6300.0,59600.0,Business Loan,135000.0,15.6,180,1950.0,0.0,0.0,0.0,3900.0,3900.0,333,82500.0,237800.0,95400.0,No,Occasionally,Moderate,Moderate,0.468,5.04,-51000.0,1720.0,34.3,0.9964,1
57,Male,Software Engineer,Salaried,Married,3,49100.0,0.0,0.0,0.0,49100.0,14400.0,17200.0,2900.0,3100.0,1800.0,2800.0,10600.0,2400.0,4000.0,8700.0,6500.0,74400.0,Business Loan,940000.0,9.2,180,9650.0,16900.0,0.0,0.0,1300.0,18200.0,675,210600.0,819700.0,210700.0,No,Never,High,Moderate,0.5672,11.13,-43500.0,3900.0,61.3,0.4973,1
37,Female,Other,Self-Employed,Married,1,39000.0,13300.0,74000.0,0.0,58466.666666666664,11000.0,13100.0,4200.0,2400.0,2200.0,9200.0,5100.0,1600.0,11100.0,16200.0,7400.0,83500.0,Vehicle Loan,829000.0,12.4,360,8780.0,0.0,5400.0,0.0,1100.0,6500.0,770,64400.0,80800.0,837800.0,No,Never,Low,High,0.2613,1.61,-31533.33,19810.0,54.2,0.4044,0
22,Female,Doctor,Salaried,Single,1,28800.0,0.0,15000.0,0.0,30050.0,3100.0,9200.0,3800.0,3200.0,2400.0,1400.0,3700.0,13100.0,4100.0,3400.0,2600.0,50000.0,Vehicle Loan,1389000.0,13.0,360,15370.0,0.0,0.0,2800.0,3600.0,6400.0,602,73600.0,584100.0,802400.0,Yes,Never,Moderate,Low,0.7245,11.66,-26350.0,7120.0,49.0,0.9034,1
22,Male,Other,Salaried,Married,1,37200.0,23800.0,0.0,0.0,61000.0,17300.0,15800.0,9000.0,1000.0,800.0,5700.0,16200.0,11600.0,12000.0,20100.0,6200.0,115700.0,Home Loan,2646000.0,15.6,180,38130.0,0.0,0.0,0.0,3500.0,3500.0,804,287000.0,225400.0,1179700.0,No,Never,Low,Moderate,0.6825,4.3,-58200.0,23950.0,45.5,0.3632,0
48,Female,Doctor,Salaried,Divorced,1,36800.0,19600.0,0.0,0.0,56400.0,19700.0,6400.0,9900.0,2500.0,1900.0,7900.0,8600.0,10300.0,6100.0,3500.0,6800.0,83600.0,Education Loan,2745000.0,14.0,360,32520.0,0.0,3700.0,0.0,0.0,3700.0,852,560200.0,146400.0,1024600.0,No,Never,Low,Moderate,0.6422,8.09,-30900.0,21680.0,55.0,0.2174,0
43,Male,Other,Salaried,Married,0,47900.0,0.0,0.0,0.0,47900.0,9700.0,13700.0,8500.0,3200.0,700.0,1800.0,0.0,1400.0,1300.0,5600.0,6900.0,52800.0,Education Loan,2082000.0,11.7,60,46000.0,0.0,0.0,0.0,0.0,0.0,643,219900.0,77600.0,107000.0,No,Never,Moderate,Moderate,0.9603,5.63,-4900.0,21560.0,29.8,0.9164,1
57,Female,Manager,Salaried,Married,2,24700.0,0.0,33000.0,0.0,27450.0,9500.0,14400.0,7800.0,4200.0,1200.0,5900.0,13500.0,4400.0,1800.0,10800.0,3900.0,77400.0,Personal Loan,332000.0,10.5,24,15400.0,9600.0,0.0,1600.0,0.0,11200.0,333,52800.0,439800.0,746300.0,No,Never,Low,Moderate,0.969,5.56,-61150.0,1150.0,21.4,0.9997,1
52,Female,Other,Business,Single,0,57400.0,0.0,0.0,108100.0,165500.0,22400.0,13600.0,6700.0,4200.0,2000.0,4300.0,0.0,12400.0,1900.0,14800.0,5400.0,87700.0,Home Loan,9735000.0,17.7,360,144330.0,0.0,0.0,0.0,0.0,0.0,346,1500500.0,3075000.0,1394000.0,No,Frequently,Low,Low,0.8721,52.17,77800.0,74480.0,50.8,0.0015,0
53,Female,Manager,Self-Employed,Married,0,97100.0,14200.0,0.0,0.0,111300.0,19400.0,10700.0,8200.0,3900.0,1200.0,6500.0,0.0,3000.0,1600.0,22300.0,4900.0,81700.0,Home Loan,1711000.0,10.5,120,23090.0,0.0,6000.0,15300.0,0.0,21300.0,831,92900.0,313500.0,3005500.0,Yes,Occasionally,Low,Moderate,0.3988,3.95,8300.0,28780.0,64.2,0.1028,0
21,Male,Manager,Salaried,Married,2,56400.0,24600.0,61000.0,0.0,86083.33333333333,12300.0,21700.0,9600.0,2500.0,1100.0,6600.0,10800.0,12400.0,3900.0,24200.0,5200.0,110300.0,Home Loan,2090000.0,8.9,120,26360.0,0.0,0.0,0.0,0.0,0.0,571,146700.0,1694400.0,1172500.0,Yes,Occasionally,Moderate,Moderate,0.3062,16.69,-24216.67,38740.0,56.8,0.2751,0
39,Female,Doctor,Salaried,Single,0,73500.0,0.0,0.0,0.0,73500.0,16100.0,8700.0,6800.0,5700.0,700.0,9600.0,0.0,9200.0,4600.0,22300.0,3000.0,86700.0,Home Loan,3225000.0,10.7,360,29980.0,22400.0,0.0,0.0,0.0,22400.0,733,367500.0,514600.0,1166000.0,No,Never,High,High,0.7127,8.09,-35600.0,10680.0,47.6,0.5764,1
22,Male,Analyst,Business,Divorced,0,84700.0,15200.0,247000.0,98400.0,218883.3333333333,65500.0,17800.0,3200.0,3000.0,600.0,2400.0,0.0,11400.0,2200.0,4500.0,5800.0,116400.0,Business Loan,2785000.0,10.9,12,246010.0,0.0,0.0,0.0,15000.0,15000.0,692,302400.0,3042100.0,3972700.0,No,Never,Low,High,1.1925,25.45,87483.33,83500.0,56.4,0.0544,0
64,Female,Teacher,Salaried,Married,1,91000.0,0.0,0.0,0.0,91000.0,16900.0,6900.0,3300.0,2100.0,700.0,1900.0,4800.0,10000.0,5800.0,16500.0,6000.0,74900.0,Home Loan,1308000.0,8.8,24,59640.0,17900.0,0.0,0.0,8100.0,26000.0,663,539600.0,1796300.0,787600.0,No,Never,Low,Low,0.9411,23.15,-9900.0,14950.0,44.0,0.0811,0
46,Male,Sales Executive,Salaried,Married,1,124900.0,5600.0,0.0,0.0,130500.0,42600.0,15600.0,6700.0,3800.0,2300.0,5400.0,13200.0,6800.0,5000.0,12200.0,2400.0,116000.0,Personal Loan,6944000.0,14.9,36,240380.0,0.0,0.0,0.0,1300.0,1300.0,686,260800.0,151600.0,3271200.0,No,Never,Low,High,1.852,3.52,13200.0,57420.0,30.2,0.9979,1
52,Male,Business Owner,Salaried,Single,2,38200.0,2300.0,81000.0,0.0,47250.0,11200.0,14400.0,4700.0,4700.0,500.0,10800.0,13600.0,5100.0,8000.0,4900.0,4100.0,82000.0,Education Loan,1099000.0,14.0,12,98680.0,0.0,0.0,0.0,0.0,0.0,757,315800.0,538100.0,1358500.0,No,Occasionally,Moderate,Moderate,2.0885,10.41,-34750.0,21260.0,37.7,0.9985,1
26,Male,Teacher,Business,Single,2,34200.0,17900.0,0.0,60000.0,112100.0,24300.0,19500.0,9300.0,1100.0,1900.0,10400.0,16000.0,10400.0,3200.0,14800.0,4000.0,114900.0,Home Loan,4664000.0,10.8,48,120090.0,35800.0,0.0,8300.0,0.0,44100.0,812,181400.0,1509300.0,953400.0,No,Never,Moderate,High,1.4647,10.63,-46900.0,6340.0,37.8,0.9078,1
52,Female,Software Engineer,Salaried,Single,2,72500.0,4300.0,0.0,0.0,76800.0,22800.0,19100.0,6900.0,2400.0,2000.0,7200.0,18900.0,12300.0,11100.0,10200.0,6200.0,119100.0,Education Loan,4011000.0,17.9,24,200050.0,18500.0,12900.0,0.0,0.0,31400.0,738,629500.0,618700.0,300.0,No,Occasionally,Low,Low,3.0137,8.29,-73700.0,3160.0,33.5,1.0,1
24,Female,Analyst,Salaried,Married,2,69900.0,0.0,0.0,0.0,69900.0,8800.0,19200.0,7400.0,5100.0,1600.0,10800.0,10500.0,1600.0,6700.0,10000.0,5700.0,87400.0,Vehicle Loan,4091000.0,14.4,36,140620.0,17200.0,0.0,3900.0,10400.0,31500.0,562,522200.0,216000.0,1102200.0,Yes,Never,Low,Moderate,2.4624,6.21,-49000.0,0.0,25.1,1.0,1
31,Male,Teacher,Business,Married,0,72200.0,19100.0,0.0,78000.0,169300.0,49700.0,5300.0,2000.0,3500.0,2000.0,9900.0,0.0,6300.0,7900.0,4200.0,4300.0,95100.0,Personal Loan,2805000.0,14.9,240,36730.0,0.0,0.0,0.0,0.0,0.0,522,1573000.0,2167300.0,3011100.0,No,Occasionally,High,Moderate,0.217,39.33,74200.0,76180.0,74.0,0.0004,0
37,Male,Doctor,Salaried,Single,0,126100.0,0.0,242000.0,0.0,146266.66666666666,23500.0,15500.0,6000.0,3000.0,1800.0,4100.0,0.0,5900.0,1400.0,24500.0,5600.0,91300.0,Vehicle Loan,1720000.0,13.4,48,46490.0,38600.0,0.0,17700.0,8100.0,64400.0,532,168200.0,276900.0,278600.0,No,Occasionally,High,Low,0.7581,2.86,-9433.33,1420.0,29.5,0.9625,1
58,Female,Software Engineer,Salaried,Married,1,49300.0,16500.0,0.0,0.0,65800.0,11200.0,9000.0,5400.0,5700.0,1400.0,2900.0,18300.0,8800.0,7100.0,18700.0,2800.0,91300.0,Home Loan,3010000.0,13.3,360,34000.0,0.0,0.0,0.0,0.0,0.0,805,380000.0,1220300.0,1328300.0,Yes,Never,Low,Low,0.5167,17.53,-25500.0,29610.0,66.3,0.0244,0
44,Male,Accountant,Salaried,Married,0,60700.0,0.0,48000.0,0.0,64700.0,16200.0,4400.0,7600.0,1400.0,1300.0,4300.0,0.0,2600.0,5000.0,8400.0,2600.0,53800.0,Business Loan,993000.0,7.7,120,11890.0,0.0,11300.0,0.0,3700.0,15000.0,827,468000.0,632700.0,566900.0,Yes,Occasionally,Moderate,Low,0.4156,16.0,-4100.0,14120.0,68.1,0.0105,0
25,Male,Analyst,Business,Married,4,30000.0,9300.0,18000.0,33200.0,74000.0,24100.0,15000.0,5100.0,4100.0,2400.0,3500.0,19500.0,14100.0,11200.0,23100.0,2700.0,124800.0,Business Loan,2731000.0,15.6,12,247270.0,0.0,7900.0,0.0,2100.0,10000.0,577,671600.0,1353800.0,2128200.0,No,Never,High,Low,3.4766,15.03,-60800.0,23300.0,33.7,1.0,1
54,Female,Teacher,Salaried,Married,2,142600.0,7000.0,0.0,0.0,149600.0,36600.0,14700.0,9800.0,2700.0,2400.0,7800.0,6900.0,8700.0,10700.0,23800.0,1200.0,125300.0,Personal Loan,5131000.0,17.1,120,89500.0,0.0,15700.0,9500.0,12700.0,37900.0,561,759900.0,2527400.0,3507000.0,No,Never,Moderate,Moderate,0.8516,20.14,-13600.0,29420.0,40.9,0.3134,0
26,Female,Software Engineer,Unemployed,Married,0,41400.0,4500.0,0.0,0.0,45900.0,12000.0,14400.0,7400.0,1400.0,1800.0,7400.0,0.0,13900.0,8000.0,20600.0,5800.0,92700.0,Home Loan,1643000.0,8.8,180,16470.0,0.0,0.0,0.0,0.0,0.0,416,437800.0,49100.0,99900.0,No,Occasionally,Moderate,Moderate,0.3588,5.25,-46800.0,20660.0,43.6,0.996,1
42,Other,Accountant,Self-Employed,Married,0,42000.0,0.0,30000.0,0.0,44500.0,13100.0,7100.0,7300.0,2100.0,900.0,7600.0,0.0,12400.0,9400.0,17200.0,7900.0,85000.0,Home Loan,1813000.0,15.9,48,51290.0,0.0,8400.0,0.0,8700.0,17100.0,300,74000.0,432800.0,1274100.0,No,Never,Moderate,High,1.5369,4.96,-57600.0,2920.0,10.0,1.0,1
31,Male,Other,Salaried,Married,0,41200.0,3400.0,0.0,0.0,44600.0,7400.0,5600.0,9400.0,4100.0,1400.0,3100.0,0.0,3700.0,8100.0,10700.0,3200.0,56700.0,Home Loan,2310000.0,13.1,240,27230.0,15500.0,7600.0,0.0,12700.0,35800.0,301,205900.0,796900.0,304000.0,No,Never,High,Moderate,1.4132,10.84,-47900.0,0.0,16.3,0.9999,1
36,Male,Software Engineer,Unemployed,Single,0,35500.0,4000.0,0.0,0.0,39500.0,12100.0,13000.0,10000.0,1100.0,1500.0,9700.0,0.0,2900.0,1200.0,12000.0,7500.0,71000.0,Home Loan,788000.0,10.5,36,25610.0,0.0,0.0,0.0,14200.0,14200.0,759,114800.0,318800.0,946000.0,No,Occasionally,Low,Moderate,1.0078,5.09,-45700.0,3580.0,39.3,0.9581,1
53,Female,Doctor,Salaried,Single,0,34000.0,11900.0,0.0,0.0,45900.0,9400.0,17800.0,3600.0,4000.0,2000.0,5800.0,0.0,13100.0,8700.0,12500.0,5200.0,82100.0,Personal Loan,1631000.0,17.2,180,25330.0,0.0,0.0,0.0,0.0,0.0,369,90700.0,327800.0,885800.0,No,Occasionally,Low,Moderate,0.5519,5.1,-36200.0,20660.0,33.0,0.9938,1
29,Female,Other,Salaried,Single,1,37700.0,0.0,113000.0,0.0,47116.666666666664,6800.0,14400.0,8500.0,5800.0,1800.0,6200.0,9800.0,8500.0,2900.0,23800.0,2600.0,91100.0,Personal Loan,1108000.0,7.7,180,10400.0,9300.0,4700.0,0.0,12400.0,26400.0,493,151900.0,660900.0,758100.0,No,Occasionally,Moderate,Low,0.781,6.92,-70383.33,0.0,34.9,0.9883,1
26,Female,Doctor,Salaried,Married,3,24800.0,0.0,28000.0,0.0,27133.333333333332,5100.0,19700.0,3300.0,5000.0,1500.0,12000.0,9200.0,1300.0,8500.0,19500.0,1100.0,86200.0,Personal Loan,611000.0,10.4,48,15610.0,0.0,0.0,0.0,0.0,0.0,336,184900.0,390600.0,759200.0,No,Never,Low,Moderate,0.5753,6.68,-59066.67,12210.0,36.0,0.9954,1
36,Female,Teacher,Salaried,Single,2,33100.0,0.0,0.0,0.0,33100.0,5300.0,15900.0,5700.0,2700.0,1900.0,4100.0,7700.0,14100.0,1100.0,8700.0,6100.0,73300.0,Business Loan,203000.0,16.8,12,18500.0,0.0,0.0,3900.0,1500.0,5400.0,316,168500.0,437600.0,601600.0,Yes,Occasionally,Low,Moderate,0.7221,7.7,-45600.0,9500.0,28.7,0.9991,1
49,Male,Sales Executive,Salaried,Single,0,129900.0,0.0,142000.0,0.0,141733.33333333334,22300.0,15000.0,2800.0,1700.0,500.0,5300.0,0.0,7600.0,4400.0,16400.0,5900.0,81900.0,Home Loan,5381000.0,12.6,120,79080.0,0.0,0.0,0.0,14400.0,14400.0,305,315300.0,1120300.0,3651300.0,No,Never,Low,High,0.6595,14.91,45433.33,49380.0,48.7,0.9542,1
23,Female,Teacher,Salaried,Married,1,70800.0,0.0,146000.0,0.0,82966.66666666667,14200.0,19700.0,7000.0,3300.0,2100.0,8400.0,15700.0,5200.0,6700.0,15700.0,2600.0,100600.0,Vehicle Loan,4853000.0,13.8,180,63980.0,0.0,0.0,9700.0,0.0,9700.0,684,66500.0,183300.0,2060100.0,No,Never,Low,Moderate,0.8881,2.26,-27333.33,27640.0,33.3,0.9596,1
40,Male,Other,Salaried,Single,1,77900.0,0.0,0.0,0.0,77900.0,11300.0,13600.0,5700.0,3000.0,900.0,10700.0,8000.0,8200.0,4700.0,20700.0,3300.0,90100.0,Education Loan,3651000.0,15.4,36,127280.0,0.0,0.0,0.0,11500.0,11500.0,511,722400.0,1444000.0,1570900.0,No,Never,High,High,1.7815,21.32,-23700.0,23560.0,30.5,0.9851,1
56,Male,Manager,Self-Employed,Single,2,88300.0,0.0,72000.0,0.0,94300.0,25200.0,13800.0,7000.0,5900.0,1800.0,2400.0,15000.0,12500.0,8600.0,4200.0,7300.0,103700.0,Personal Loan,1731000.0,9.1,60,36020.0,32800.0,0.0,0.0,7200.0,40000.0,843,328600.0,662700.0,1387200.0,No,Never,Low,Low,0.8062,6.9,-49400.0,2440.0,44.3,0.4044,0
39,Female,Teacher,Salaried,Single,2,122600.0,0.0,83000.0,0.0,129516.66666666667,31700.0,20000.0,7400.0,5900.0,700.0,9100.0,9300.0,2500.0,6700.0,18100.0,2100.0,113500.0,Personal Loan,5749000.0,9.8,240,54720.0,0.0,0.0,0.0,14200.0,14200.0,444,221700.0,2087400.0,381400.0,No,Occasionally,Moderate,Moderate,0.5321,18.08,1816.67,44080.0,48.8,0.3411,0
46,Male,Other,Unemployed,Married,3,20200.0,0.0,45000.0,0.0,23950.0,6300.0,23600.0,7000.0,3100.0,700.0,11100.0,16600.0,6000.0,11600.0,9600.0,6800.0,102400.0,Business Loan,511000.0,18.0,180,8230.0,6600.0,0.0,0.0,0.0,6600.0,702,45200.0,184000.0,110600.0,No,Never,Low,Low,0.6192,2.1,-85050.0,4180.0,42.9,0.9554,1
23,Male,Software Engineer,Salaried,Single,1,26500.0,21400.0,0.0,0.0,47900.0,8900.0,7800.0,4400.0,1700.0,600.0,5700.0,5800.0,5500.0,4900.0,5000.0,2200.0,52500.0,Business Loan,2225000.0,10.0,24,102670.0,11600.0,9400.0,5400.0,0.0,26400.0,802,139300.0,498200.0,765600.0,Yes,Occasionally,Moderate,Moderate,2.6946,8.08,-31000.0,0.0,37.5,0.9998,1
39,Female,Teacher,Salaried,Married,2,32800.0,0.0,67000.0,0.0,38383.333333333336,11200.0,16100.0,8700.0,5600.0,2300.0,4200.0,5700.0,12800.0,8900.0,18800.0,4400.0,98700.0,Education Loan,1997000.0,13.2,48,53770.0,0.0,0.0,0.0,2400.0,2400.0,348,103400.0,310900.0,382500.0,No,Never,Moderate,Moderate,1.4634,4.1,-62716.67,14870.0,11.2,1.0,1
40,Male,Software Engineer,Salaried,Married,0,38800.0,0.0,105000.0,0.0,47550.0,6300.0,15100.0,6400.0,5000.0,1700.0,8500.0,0.0,11900.0,10200.0,9600.0,4500.0,79200.0,Business Loan,1112000.0,10.6,180,12360.0,15200.0,3300.0,0.0,0.0,18500.0,440,150100.0,121000.0,296500.0,No,Never,High,Moderate,0.649,2.77,-50150.0,2900.0,32.0,0.996,1
52,Female,Doctor,Salaried,Married,1,42200.0,0.0,99000.0,0.0,50450.0,12200.0,13500.0,5900.0,3600.0,1200.0,3700.0,18600.0,6600.0,3800.0,18800.0,4300.0,92200.0,Personal Loan,258000.0,16.4,360,3550.0,0.0,0.0,0.0,6900.0,6900.0,812,133300.0,366200.0,1463700.0,No,Never,Moderate,Moderate,0.2071,5.04,-48650.0,15800.0,66.4,0.0943,0
27,Male,Analyst,Salaried,Married,0,39200.0,22700.0,65000.0,0.0,67316.66666666667,11400.0,9700.0,9900.0,2800.0,2100.0,5200.0,0.0,10300.0,9300.0,5700.0,3000.0,69400.0,Home Loan,1466000.0,17.6,180,23190.0,0.0,0.0,0.0,0.0,0.0,849,309100.0,1289600.0,1734000.0,No,Never,Low,Moderate,0.3445,23.04,-2083.33,30290.0,71.7,0.0004,0
61,Female,Sales Executive,Self-Employed,Married,1,54700.0,9800.0,0.0,0.0,64500.0,15000.0,15200.0,4300.0,3200.0,1800.0,10900.0,4300.0,6500.0,5300.0,24700.0,2800.0,94000.0,Home Loan,1053000.0,9.0,240,9470.0,14300.0,0.0,0.0,12300.0,26600.0,337,501400.0,199700.0,832600.0,No,Never,Low,High,0.5592,5.81,-56100.0,2420.0,38.0,0.9972,1
53,Male,Doctor,Business,Single,2,49900.0,0.0,82000.0,65500.0,122233.33333333334,22100.0,11800.0,6200.0,5500.0,1700.0,7500.0,18900.0,9000.0,2400.0,20500.0,6100.0,111700.0,Business Loan,4770000.0,13.8,360,55760.0,0.0,0.0,0.0,0.0,0.0,847,92700.0,1413100.0,3194300.0,No,Occasionally,Low,High,0.4562,13.48,10533.33,55010.0,66.9,0.0066,0
60,Male,Doctor,Unemployed,Single,0,34200.0,0.0,27000.0,0.0,36450.0,10800.0,8900.0,7500.0,1900.0,1500.0,2000.0,0.0,14900.0,1000.0,8700.0,2900.0,60100.0,Education Loan,764000.0,16.0,12,69320.0,0.0,0.0,4700.0,0.0,4700.0,501,84200.0,707100.0,65000.0,No,Occasionally,Low,Moderate,2.0307,12.21,-28350.0,11700.0,31.7,1.0,1
59,Female,Other,Salaried,Single,0,16500.0,18900.0,0.0,0.0,35400.0,11400.0,17900.0,3000.0,5000.0,500.0,4600.0,0.0,8500.0,9200.0,19000.0,5300.0,84400.0,Home Loan,247000.0,16.1,36,8700.0,0.0,0.0,0.0,13500.0,13500.0,603,257100.0,49200.0,105400.0,Yes,Never,Moderate,Moderate,0.6271,3.13,-62500.0,2430.0,38.1,0.9709,1
38,Female,Manager,Business,Single,0,29800.0,0.0,0.0,39600.0,69400.0,19800.0,12900.0,4800.0,1100.0,1000.0,7900.0,0.0,14800.0,3000.0,5100.0,6900.0,77300.0,Personal Loan,2375000.0,12.1,120,34210.0,21600.0,0.0,0.0,0.0,21600.0,467,132900.0,160600.0,1973800.0,No,Occasionally,Low,High,0.8042,2.97,-29500.0,9630.0,22.0,0.9973,1
60,Male,Business Owner,Salaried,Single,0,37200.0,0.0,0.0,0.0,37200.0,5400.0,16200.0,8400.0,5600.0,700.0,6300.0,0.0,11500.0,1600.0,17000.0,6900.0,79600.0,Home Loan,1976000.0,9.9,240,18940.0,0.0,0.0,0.0,0.0,0.0,482,280600.0,679800.0,768700.0,No,Never,High,High,0.5091,12.07,-42400.0,16740.0,52.4,0.8184,1
21,Male,Manager,Salaried,Single,0,43300.0,0.0,55000.0,0.0,47883.333333333336,8100.0,15300.0,3900.0,3500.0,1800.0,8300.0,0.0,2700.0,6500.0,3400.0,2200.0,55700.0,Education Loan,1428000.0,11.6,180,16770.0,0.0,7400.0,0.0,12300.0,19700.0,703,258100.0,717100.0,1097900.0,No,Never,Low,Moderate,0.7616,12.93,-27516.67,1850.0,53.4,0.4117,0
31,Female,Other,Business,Married,0,27900.0,0.0,49000.0,40500.0,72483.33333333333,23900.0,13100.0,5900.0,2100.0,1000.0,9400.0,0.0,12100.0,4800.0,9700.0,5600.0,87600.0,Business Loan,1863000.0,15.4,120,30510.0,15800.0,13100.0,0.0,0.0,28900.0,552,643300.0,823500.0,1811100.0,Yes,Occasionally,Low,Moderate,0.8196,12.59,-44016.67,3720.0,47.6,0.9227,1
48,Female,Sales Executive,Salaried,Married,0,38400.0,22900.0,0.0,0.0,61300.0,12800.0,15800.0,7000.0,1000.0,1400.0,6300.0,0.0,3300.0,8600.0,24500.0,5200.0,85900.0,Vehicle Loan,908000.0,17.9,48,26630.0,0.0,0.0,0.0,0.0,0.0,301,36600.0,686300.0,97900.0,No,Never,Moderate,High,0.4344,8.42,-24600.0,27580.0,35.5,0.9892,1
45,Female,Other,Salaried,Single,0,27800.0,0.0,0.0,0.0,27800.0,9300.0,8000.0,7400.0,3800.0,1200.0,11900.0,0.0,8500.0,2200.0,4800.0,3000.0,60100.0,Home Loan,731000.0,13.3,240,8720.0,0.0,1400.0,0.0,0.0,1400.0,811,221000.0,542700.0,598700.0,No,Never,High,Moderate,0.364,12.42,-33700.0,11110.0,68.0,0.0279,0
43,Female,Accountant,Salaried,Married,4,46000.0,8200.0,87000.0,0.0,61450.0,12200.0,20900.0,7800.0,2200.0,800.0,11100.0,15000.0,9600.0,2500.0,15700.0,3700.0,101500.0,Personal Loan,1426000.0,9.5,48,35830.0,0.0,0.0,0.0,6900.0,6900.0,775,364800.0,85900.0,657800.0,No,Never,Low,Low,0.6954,4.16,-46950.0,20750.0,45.6,0.6185,1
51,Male,Doctor,Salaried,Single,0,28700.0,19300.0,69000.0,0.0,53750.0,18200.0,12300.0,8900.0,4200.0,2400.0,1700.0,0.0,13500.0,5400.0,3600.0,3000.0,73200.0,Education Loan,3210000.0,7.9,120,38780.0,0.0,0.0,3400.0,8300.0,11700.0,648,266300.0,330000.0,1319000.0,No,Frequently,Moderate,Moderate,0.9392,7.02,-31150.0,12490.0,40.7,0.9104,1
50,Male,Analyst,Self-Employed,Single,0,32100.0,0.0,0.0,0.0,32100.0,10600.0,12700.0,5100.0,2400.0,2400.0,3900.0,0.0,3900.0,6700.0,17400.0,4800.0,69900.0,Home Loan,214000.0,17.4,36,7670.0,0.0,0.0,0.0,0.0,0.0,800,60500.0,225300.0,373300.0,No,Occasionally,Moderate,Moderate,0.2389,4.09,-37800.0,14440.0,56.7,0.1276,0
62,Female,Accountant,Salaried,Married,1,25500.0,0.0,0.0,0.0,25500.0,6800.0,8400.0,7700.0,1400.0,700.0,4300.0,19900.0,13300.0,10100.0,8400.0,6600.0,87600.0,Vehicle Loan,462000.0,12.6,180,5720.0,0.0,0.0,0.0,13400.0,13400.0,389,69500.0,83400.0,587200.0,Yes,Occasionally,Low,Moderate,0.7498,1.51,-75500.0,0.0,24.7,0.9994,1
55,Male,Other,Unemployed,Single,3,45400.0,0.0,0.0,0.0,45400.0,4600.0,13900.0,7900.0,3500.0,2200.0,3000.0,5600.0,14100.0,7400.0,9100.0,7100.0,78400.0,Business Loan,398000.0,15.0,120,6420.0,0.0,6000.0,0.0,0.0,6000.0,393,361700.0,353500.0,1227600.0,No,Never,Moderate,Moderate,0.2736,8.47,-39000.0,14430.0,48.8,0.9912,1
27,Male,Accountant,Salaried,Single,2,31800.0,0.0,81000.0,0.0,38550.0,7700.0,12000.0,4400.0,3800.0,1500.0,4400.0,14200.0,2300.0,10900.0,9800.0,6100.0,77100.0,Home Loan,2011000.0,14.4,180,27320.0,0.0,0.0,0.0,0.0,0.0,616,73800.0,309900.0,392400.0,No,Never,Low,Low,0.7087,4.98,-38550.0,17350.0,42.5,0.9453,1
36,Female,Analyst,Salaried,Married,0,77100.0,0.0,178000.0,0.0,91933.33333333333,30100.0,12400.0,9700.0,3300.0,2000.0,5700.0,0.0,13400.0,3400.0,6700.0,4400.0,91100.0,Education Loan,2570000.0,16.9,60,63730.0,0.0,5500.0,0.0,5400.0,10900.0,741,506500.0,1766700.0,1294500.0,No,Occasionally,Moderate,Low,0.8118,22.29,-10066.67,30470.0,52.4,0.0247,0
46,Female,Other,Salaried,Divorced,1,60000.0,20700.0,161000.0,0.0,94116.66666666667,30200.0,19600.0,8900.0,3300.0,800.0,1600.0,7600.0,4600.0,7600.0,23700.0,7700.0,115600.0,Home Loan,4592000.0,10.3,60,98250.0,0.0,0.0,0.0,0.0,0.0,612,232700.0,884500.0,1517400.0,No,Never,Low,Low,1.0439,9.66,-21483.33,42350.0,35.9,0.9266,1
22,Female,Other,Salaried,Married,2,47300.0,0.0,0.0,0.0,47300.0,6900.0,21400.0,4300.0,3900.0,800.0,2400.0,14800.0,2100.0,8200.0,22800.0,4900.0,92500.0,Business Loan,2037000.0,12.1,24,95980.0,10700.0,0.0,0.0,0.0,10700.0,364,243500.0,887400.0,976000.0,No,Never,Low,Low,2.2554,10.96,-55900.0,10580.0,21.8,1.0,1
21,Female,Accountant,Salaried,Single,2,32900.0,5900.0,23000.0,0.0,40716.666666666664,8100.0,11200.0,7400.0,3600.0,2300.0,2100.0,14400.0,14400.0,9000.0,22000.0,4300.0,98800.0,Education Loan,2282000.0,17.1,120,39810.0,14100.0,0.0,0.0,0.0,14100.0,711,118900.0,667400.0,1031100.0,Yes,Frequently,Moderate,Moderate,1.324,6.96,-72183.33,4220.0,31.7,0.9876,1
32,Female,Software Engineer,Self-Employed,Married,2,59300.0,0.0,47000.0,0.0,63216.666666666664,19500.0,12300.0,7700.0,1700.0,2300.0,1500.0,17600.0,6500.0,11900.0,4400.0,7000.0,92400.0,Vehicle Loan,399000.0,13.6,12,35750.0,0.0,3200.0,0.0,13100.0,16300.0,824,242500.0,948200.0,399000.0,No,Never,Moderate,Low,0.8234,10.95,-45483.33,12150.0,55.2,0.1125,0
25,Male,Teacher,Business,Married,3,69200.0,15200.0,0.0,88500.0,172900.0,42300.0,10500.0,5500.0,2000.0,1400.0,6300.0,17900.0,9700.0,6100.0,7400.0,2300.0,111400.0,Personal Loan,2836000.0,8.2,180,27430.0,0.0,0.0,0.0,5800.0,5800.0,872,1404500.0,1258700.0,4905000.0,No,Frequently,Moderate,Low,0.1922,22.72,55700.0,72000.0,85.5,0.0001,0
57,Male,Other,Business,Married,3,52600.0,24500.0,0.0,103600.0,180700.0,56300.0,15600.0,8900.0,1700.0,2200.0,4700.0,12600.0,8700.0,5100.0,16100.0,2100.0,134000.0,Business Loan,7881000.0,9.5,36,252450.0,0.0,29100.0,0.0,0.0,29100.0,768,154100.0,1646600.0,4258600.0,No,Never,Moderate,Moderate,1.5581,11.04,17600.0,52220.0,42.6,0.8333,1
52,Male,Accountant,Self-Employed,Married,1,109300.0,0.0,320000.0,0.0,135966.66666666666,41700.0,17700.0,7500.0,4500.0,1800.0,11300.0,8500.0,4000.0,10400.0,24300.0,6500.0,138200.0,Home Loan,5056000.0,10.0,24,233310.0,23200.0,0.0,11300.0,0.0,34500.0,851,1261900.0,251100.0,569200.0,No,Never,Low,Moderate,1.9697,8.76,-36733.33,26680.0,39.3,0.9888,1
29,Male,Business Owner,Business,Married,1,61700.0,0.0,86000.0,86500.0,155366.6666666667,50800.0,18800.0,7300.0,3600.0,900.0,2100.0,12000.0,10400.0,2900.0,15900.0,7100.0,131800.0,Vehicle Loan,6713000.0,17.9,180,107620.0,0.0,0.0,0.0,0.0,0.0,694,549100.0,1269300.0,1565300.0,No,Never,Low,Moderate,0.6927,13.8,23566.67,69920.0,52.6,0.163,0
61,Female,Sales Executive,Salaried,Single,2,77400.0,0.0,0.0,0.0,77400.0,10000.0,11300.0,3800.0,3100.0,1200.0,11200.0,9100.0,1600.0,1400.0,9500.0,1500.0,63700.0,Education Loan,2837000.0,9.9,360,24690.0,21300.0,13000.0,0.0,0.0,34300.0,496,477000.0,1357400.0,583700.0,No,Occasionally,High,Moderate,0.7621,18.72,-20600.0,530.0,36.7,0.5233,1
55,Male,Business Owner,Self-Employed,Married,2,52400.0,0.0,0.0,0.0,52400.0,7100.0,11700.0,5300.0,5000.0,800.0,2000.0,7700.0,3800.0,5900.0,20800.0,6300.0,76400.0,Education Loan,1937000.0,16.6,12,176300.0,0.0,0.0,0.0,13500.0,13500.0,312,136600.0,830300.0,250000.0,No,Never,Moderate,Low,3.6221,10.76,-37500.0,10080.0,15.8,1.0,1
39,Male,Accountant,Salaried,Married,0,68700.0,0.0,194000.0,0.0,84866.66666666667,10200.0,7100.0,5500.0,2600.0,2000.0,7800.0,0.0,14200.0,3700.0,5100.0,4000.0,62200.0,Education Loan,4777000.0,8.3,120,58720.0,0.0,0.0,0.0,12700.0,12700.0,503,331700.0,1388300.0,1641500.0,No,Occasionally,Low,Low,0.8416,22.96,9966.67,25490.0,44.5,0.563,1
36,Male,Doctor,Salaried,Married,4,32900.0,0.0,31000.0,0.0,35483.333333333336,11800.0,16900.0,7900.0,3800.0,2500.0,3700.0,14200.0,14300.0,5400.0,22300.0,5900.0,108700.0,Home Loan,1975000.0,9.4,240,18280.0,5700.0,0.0,3500.0,4300.0,13500.0,844,172700.0,184900.0,70000.0,No,Occasionally,Low,Low,0.8956,2.93,-86716.67,2470.0,43.0,0.7982,1
23,Male,Doctor,Salaried,Married,0,39000.0,0.0,108000.0,0.0,48000.0,10500.0,15300.0,6900.0,1400.0,1600.0,10100.0,0.0,7800.0,11800.0,24400.0,1900.0,91700.0,Business Loan,340000.0,16.7,24,16760.0,0.0,0.0,5900.0,0.0,5900.0,393,338100.0,239600.0,862200.0,Yes,Occasionally,Moderate,High,0.4721,5.92,-49600.0,15700.0,37.6,0.9873,1
40,Male,Accountant,Salaried,Divorced,1,58400.0,14000.0,0.0,0.0,72400.0,8400.0,15100.0,2700.0,4700.0,1800.0,1700.0,19200.0,3400.0,4800.0,24300.0,7800.0,93900.0,Vehicle Loan,2009000.0,16.9,60,49820.0,0.0,0.0,0.0,7200.0,7200.0,750,636700.0,984900.0,1797800.0,Yes,Occasionally,Low,High,0.7876,16.04,-28700.0,25380.0,47.4,0.316,0
44,Male,Other,Salaried,Married,3,58200.0,0.0,0.0,0.0,58200.0,10500.0,21000.0,4500.0,4500.0,2000.0,11500.0,8100.0,6900.0,8800.0,5400.0,7200.0,90400.0,Education Loan,1925000.0,9.4,48,48270.0,0.0,0.0,0.0,0.0,0.0,859,508000.0,778400.0,631900.0,No,Never,High,Moderate,0.8294,14.23,-32200.0,26190.0,58.3,0.1048,0
53,Male,Analyst,Business,Married,0,63200.0,0.0,0.0,109900.0,173100.0,32500.0,12200.0,5800.0,5000.0,900.0,1500.0,0.0,13300.0,3800.0,14600.0,3800.0,93400.0,Personal Loan,4273000.0,9.9,36,137680.0,0.0,0.0,23800.0,0.0,23800.0,778,640700.0,815500.0,2542900.0,No,Occasionally,Low,Moderate,0.9329,12.42,55900.0,54100.0,62.8,0.1,0
44,Male,Teacher,Salaried,Married,1,85000.0,0.0,107000.0,0.0,93916.66666666667,28400.0,9600.0,7900.0,5400.0,1200.0,3700.0,14300.0,2000.0,4300.0,15500.0,7300.0,99600.0,Business Loan,726000.0,13.1,240,8560.0,0.0,0.0,0.0,12700.0,12700.0,630,126100.0,1378100.0,406100.0,Yes,Occasionally,Moderate,High,0.2264,13.39,-18383.33,29560.0,63.5,0.1172,0
31,Male,Other,Salaried,Divorced,0,24000.0,0.0,41000.0,0.0,27416.666666666668,7800.0,7200.0,7900.0,4800.0,1300.0,6100.0,0.0,2800.0,3700.0,6500.0,7300.0,55400.0,Vehicle Loan,849000.0,8.1,24,38440.0,5100.0,0.0,0.0,0.0,5100.0,592,254600.0,223400.0,592500.0,No,Occasionally,Moderate,Low,1.5881,7.9,-33083.33,7240.0,29.0,0.9979,1
28,Female,Business Owner,Salaried,Single,1,30100.0,0.0,44000.0,0.0,33766.666666666664,9200.0,6100.0,5900.0,5200.0,1700.0,9300.0,3000.0,13500.0,7300.0,14600.0,4200.0,80000.0,Vehicle Loan,1981000.0,17.4,12,181050.0,0.0,0.0,0.0,0.0,0.0,536,26700.0,602700.0,920600.0,No,Occasionally,Moderate,Low,5.3618,7.87,-46233.33,15200.0,22.7,1.0,1
56,Male,Teacher,Salaried,Single,0,55000.0,19800.0,0.0,0.0,74800.0,7900.0,14900.0,2900.0,2700.0,2200.0,11500.0,0.0,6800.0,3500.0,16900.0,7600.0,76900.0,Education Loan,671000.0,11.3,12,59400.0,0.0,0.0,0.0,0.0,0.0,722,663500.0,592800.0,1644300.0,No,Never,Low,Low,0.7941,16.34,-2100.0,33660.0,54.0,0.0712,0
58,Male,Business Owner,Salaried,Married,1,34100.0,0.0,100000.0,0.0,42433.333333333336,13900.0,17900.0,4300.0,2700.0,1000.0,5700.0,7300.0,2200.0,8900.0,9600.0,7800.0,81300.0,Personal Loan,2118000.0,12.6,60,47760.0,12300.0,8000.0,0.0,9500.0,29800.0,670,31600.0,227800.0,156600.0,No,Occasionally,Low,High,1.8278,2.33,-68666.67,0.0,25.5,0.9994,1
60,Female,Accountant,Salaried,Married,1,265400.0,0.0,535000.0,0.0,309983.3333333333,47700.0,16800.0,4000.0,5700.0,1400.0,9300.0,17300.0,2900.0,8500.0,9300.0,2500.0,125400.0,Education Loan,4886000.0,8.6,360,37920.0,0.0,0.0,0.0,0.0,0.0,509,3031000.0,1463600.0,3212600.0,No,Occasionally,Moderate,Low,0.1223,35.84,184583.33,139490.0,81.8,0.0002,0
40,Male,Analyst,Salaried,Married,4,63400.0,0.0,146000.0,0.0,75566.66666666667,19400.0,13000.0,8200.0,5600.0,2000.0,9000.0,17700.0,13400.0,5600.0,3400.0,1500.0,98800.0,Business Loan,2775000.0,7.8,48,67490.0,0.0,10300.0,0.0,0.0,10300.0,735,45800.0,1365200.0,392600.0,No,Occasionally,High,Low,1.0294,12.93,-33533.33,23700.0,43.4,0.691,1
55,Female,Business Owner,Salaried,Married,4,47100.0,0.0,34000.0,0.0,49933.333333333336,5800.0,22700.0,3400.0,3700.0,700.0,7300.0,7800.0,7900.0,1300.0,24000.0,3300.0,87900.0,Home Loan,1313000.0,12.4,180,16100.0,0.0,0.0,0.0,11800.0,11800.0,822,33000.0,865900.0,883000.0,No,Never,Low,High,0.5587,9.02,-49766.67,10670.0,58.6,0.0989,0
45,Female,Analyst,Self-Employed,Single,0,37900.0,0.0,78000.0,0.0,44400.0,5300.0,4600.0,5700.0,2800.0,1500.0,8600.0,0.0,3300.0,1200.0,20500.0,4400.0,57900.0,Business Loan,1074000.0,8.8,24,48970.0,0.0,0.0,2600.0,12000.0,14600.0,533,236800.0,403700.0,962400.0,No,Never,Low,Moderate,1.4318,8.83,-28100.0,5380.0,28.4,0.9962,1
55,Male,Other,Self-Employed,Single,2,38600.0,17900.0,63000.0,0.0,61750.0,6300.0,9500.0,7400.0,5300.0,800.0,1400.0,6500.0,13500.0,6900.0,19500.0,1600.0,78700.0,Personal Loan,3265000.0,14.1,36,111750.0,9300.0,0.0,0.0,11200.0,20500.0,496,422000.0,344200.0,1806800.0,No,Never,Low,Moderate,2.1417,7.72,-37450.0,7290.0,18.9,1.0,1
45,Female,Accountant,Salaried,Married,0,49800.0,0.0,0.0,0.0,49800.0,12000.0,10200.0,9700.0,2600.0,1600.0,5900.0,0.0,12800.0,10200.0,2500.0,2000.0,69500.0,Home Loan,2915000.0,15.8,360,38730.0,0.0,0.0,6500.0,0.0,6500.0,323,191800.0,319000.0,751400.0,No,Never,Moderate,High,0.9082,6.72,-26200.0,15910.0,22.1,0.9991,1
49,Male,Sales Executive,Salaried,Single,0,51800.0,0.0,76000.0,0.0,58133.333333333336,15000.0,10700.0,10000.0,1800.0,2000.0,9600.0,0.0,1300.0,7600.0,16400.0,7800.0,82200.0,Vehicle Loan,1527000.0,7.8,60,30820.0,0.0,10100.0,0.0,0.0,10100.0,365,363700.0,483300.0,1111400.0,No,Never,Low,Moderate,0.7039,9.18,-34166.67,16060.0,34.4,0.9922,1
38,Female,Doctor,Salaried,Single,0,39000.0,4000.0,0.0,0.0,43000.0,4800.0,15400.0,9600.0,4200.0,1000.0,6200.0,0.0,9100.0,5800.0,6200.0,6200.0,68500.0,Education Loan,1730000.0,13.9,120,26760.0,11600.0,0.0,0.0,12000.0,23600.0,525,367000.0,79200.0,137500.0,No,Frequently,Moderate,Moderate,1.1712,4.84,-49100.0,0.0,21.4,0.9966,1
38,Male,Manager,Self-Employed,Single,4,42800.0,0.0,46000.0,0.0,46633.333333333336,8000.0,21500.0,7700.0,1200.0,2200.0,10600.0,11200.0,4400.0,10700.0,17200.0,7100.0,101800.0,Business Loan,1660000.0,16.1,36,58440.0,0.0,0.0,0.0,0.0,0.0,661,375800.0,106300.0,217200.0,No,Occasionally,Moderate,Moderate,1.2532,4.74,-55166.67,20980.0,25.0,0.9865,1
22,Female,Analyst,Salaried,Single,3,96000.0,0.0,110000.0,0.0,105166.66666666667,32900.0,12100.0,8000.0,2900.0,1200.0,10200.0,8400.0,8500.0,3200.0,16300.0,7800.0,111500.0,Education Loan,971000.0,12.1,120,13990.0,0.0,8800.0,0.0,0.0,8800.0,813,935900.0,1958400.0,731000.0,Yes,Never,Low,Moderate,0.2167,24.06,-15133.33,38520.0,74.3,0.0004,0
55,Male,Sales Executive,Salaried,Married,0,98000.0,16300.0,0.0,0.0,114300.0,14300.0,7200.0,8100.0,5000.0,900.0,10500.0,0.0,4900.0,5000.0,21600.0,3600.0,81100.0,Business Loan,830000.0,17.6,240,12550.0,0.0,0.0,8200.0,0.0,8200.0,543,230000.0,1778100.0,186300.0,No,Never,Moderate,Moderate,0.1815,22.49,25000.0,43240.0,68.6,0.0055,0
36,Male,Sales Executive,Self-Employed,Single,0,55600.0,0.0,70000.0,0.0,61433.333333333336,9500.0,8000.0,8900.0,2500.0,1400.0,2400.0,0.0,5400.0,7200.0,7900.0,5800.0,59000.0,Education Loan,2920000.0,8.7,12,254950.0,17600.0,0.0,0.0,0.0,17600.0,557,161800.0,1011500.0,752300.0,No,Never,Low,Moderate,4.4365,15.32,-15166.67,10040.0,28.7,1.0,1
61,Female,Analyst,Salaried,Married,0,25100.0,9400.0,28000.0,0.0,36833.333333333336,7600.0,5700.0,9600.0,5700.0,2300.0,3700.0,0.0,9400.0,4200.0,2600.0,2300.0,53100.0,Home Loan,983000.0,10.9,240,10080.0,0.0,0.0,2500.0,0.0,2500.0,662,224100.0,371800.0,1051100.0,No,Occasionally,Low,Moderate,0.3415,10.72,-18766.67,14080.0,59.0,0.3162,0
56,Male,Sales Executive,Salaried,Single,1,64200.0,0.0,40000.0,0.0,67533.33333333333,21000.0,10000.0,5600.0,5800.0,600.0,1300.0,19200.0,8500.0,12000.0,23000.0,4900.0,111900.0,Education Loan,1480000.0,9.9,240,14180.0,0.0,0.0,0.0,8600.0,8600.0,415,498000.0,535900.0,1322800.0,No,Occasionally,Low,Low,0.3373,8.58,-52966.67,21790.0,52.2,0.9708,1
53,Male,Business Owner,Salaried,Married,1,106600.0,0.0,276000.0,0.0,129600.0,21200.0,16200.0,5300.0,5100.0,1200.0,11800.0,9900.0,6500.0,6000.0,22900.0,2500.0,108600.0,Personal Loan,7673000.0,18.0,180,123570.0,33400.0,13000.0,0.0,0.0,46400.0,406,197000.0,356100.0,1695300.0,No,Never,Moderate,Moderate,1.3115,3.57,-25400.0,11920.0,15.2,0.9997,1
24,Female,Sales Executive,Business,Single,0,97200.0,0.0,64000.0,132700.0,235233.3333333333,82200.0,7400.0,5700.0,5900.0,1800.0,3600.0,0.0,2500.0,1600.0,12500.0,2100.0,125300.0,Personal Loan,2279000.0,10.6,48,58460.0,0.0,30400.0,0.0,0.0,30400.0,870,510100.0,2729600.0,3485300.0,No,Occasionally,Moderate,Moderate,0.3778,20.81,79533.33,75460.0,81.6,0.0004,0
53,Female,Teacher,Business,Married,2,70800.0,0.0,192000.0,36000.0,122800.0,23200.0,19700.0,7300.0,3700.0,1200.0,5000.0,7100.0,14600.0,2900.0,3800.0,1700.0,90200.0,Education Loan,2431000.0,11.6,12,215540.0,0.0,0.0,0.0,0.0,0.0,460,1138100.0,1857200.0,540200.0,No,Occasionally,Moderate,High,1.7552,33.21,32600.0,55260.0,37.6,0.7543,1
34,Male,Business Owner,Self-Employed,Married,0,99800.0,0.0,0.0,0.0,99800.0,19600.0,10600.0,8200.0,3800.0,600.0,4000.0,0.0,3400.0,6900.0,13500.0,5100.0,75700.0,Vehicle Loan,5202000.0,16.4,24,255700.0,0.0,0.0,0.0,3100.0,3100.0,481,74400.0,471300.0,289600.0,No,Never,Low,High,2.5932,6.93,21000.0,41810.0,25.6,1.0,1
41,Female,Sales Executive,Salaried,Single,3,50300.0,0.0,0.0,0.0,50300.0,6600.0,14500.0,9000.0,5200.0,1200.0,1400.0,8900.0,9900.0,7100.0,14100.0,7600.0,85500.0,Personal Loan,1400000.0,17.3,36,50120.0,0.0,0.0,0.0,0.0,0.0,586,217100.0,422200.0,390900.0,Yes,Occasionally,Low,Low,0.9964,7.48,-35200.0,22640.0,33.0,0.9773,1
40,Female,Other,Salaried,Married,2,67100.0,7600.0,0.0,0.0,74700.0,20200.0,13800.0,5600.0,3500.0,2100.0,3900.0,14000.0,2200.0,11800.0,20900.0,1900.0,99900.0,Business Loan,2774000.0,17.3,60,69390.0,0.0,5000.0,0.0,0.0,5000.0,830,187000.0,1390800.0,686900.0,No,Occasionally,Low,Moderate,0.9959,15.04,-30200.0,28620.0,50.0,0.2179,0
28,Female,Doctor,Unemployed,Married,1,34900.0,4100.0,61000.0,0.0,44083.333333333336,7100.0,15900.0,4900.0,3000.0,2400.0,2100.0,11800.0,10600.0,7600.0,18500.0,4500.0,88400.0,Education Loan,338000.0,13.4,36,11450.0,0.0,0.0,0.0,0.0,0.0,580,346300.0,750800.0,162500.0,Yes,Never,Moderate,Moderate,0.2597,12.41,-44316.67,19840.0,62.4,0.7788,1
27,Male,Accountant,Business,Married,2,56700.0,0.0,0.0,97300.0,154000.0,39600.0,15200.0,9900.0,4100.0,600.0,5300.0,7100.0,2300.0,8300.0,3600.0,5800.0,101800.0,Education Loan,8565000.0,14.5,240,109630.0,0.0,0.0,0.0,0.0,0.0,718,1340400.0,2489800.0,3194300.0,No,Occasionally,Moderate,Moderate,0.7119,37.62,52200.0,69300.0,66.3,0.0001,0
23,Female,Sales Executive,Salaried,Single,2,95300.0,0.0,185000.0,0.0,110716.66666666667,17200.0,8100.0,3900.0,4300.0,1600.0,11600.0,16000.0,4200.0,3400.0,18200.0,4500.0,93000.0,Personal Loan,1387000.0,11.2,120,19260.0,0.0,0.0,0.0,0.0,0.0,864,315100.0,193700.0,3066300.0,No,Never,Low,Moderate,0.174,5.47,17716.67,49820.0,71.4,0.0117,0
37,Male,Software Engineer,Self-Employed,Divorced,0,36500.0,12800.0,0.0,0.0,49300.0,9700.0,16900.0,3800.0,4800.0,700.0,8700.0,0.0,10100.0,2200.0,5100.0,7400.0,69400.0,Vehicle Loan,825000.0,13.9,36,28160.0,0.0,0.0,0.0,10200.0,10200.0,848,300900.0,204400.0,257900.0,No,Frequently,Moderate,High,0.7781,6.35,-30300.0,11980.0,52.2,0.3263,0
53,Other,Doctor,Salaried,Married,0,31900.0,21500.0,69000.0,0.0,59150.0,18600.0,4900.0,7700.0,4300.0,1900.0,8800.0,0.0,5000.0,7600.0,4100.0,2200.0,65100.0,Business Loan,806000.0,10.7,24,37450.0,0.0,0.0,5500.0,0.0,5500.0,854,503400.0,403100.0,1487300.0,No,Frequently,Low,Low,0.7261,12.84,-11450.0,21120.0,57.3,0.0708,0
32,Male,Other,Salaried,Single,3,51500.0,0.0,0.0,0.0,51500.0,14700.0,23100.0,3400.0,4700.0,500.0,6000.0,14500.0,8500.0,10500.0,11200.0,1200.0,98300.0,Personal Loan,1667000.0,15.3,36,58030.0,0.0,6500.0,0.0,2800.0,9300.0,686,318600.0,348600.0,460900.0,No,Never,High,High,1.3074,6.2,-56100.0,13880.0,27.1,0.9823,1
42,Male,Sales Executive,Self-Employed,Single,0,43800.0,9800.0,59000.0,0.0,58516.666666666664,8100.0,4400.0,5200.0,4400.0,500.0,9900.0,0.0,2700.0,7500.0,3800.0,3700.0,50200.0,Personal Loan,2922000.0,10.7,24,135780.0,0.0,0.0,0.0,0.0,0.0,858,363200.0,201900.0,1065400.0,No,Occasionally,High,Moderate,2.3204,11.26,8316.67,26330.0,46.8,0.9899,1
42,Female,Sales Executive,Salaried,Married,0,67800.0,0.0,174000.0,0.0,82300.0,20700.0,14800.0,4300.0,3400.0,2100.0,11000.0,0.0,3800.0,5900.0,21100.0,4900.0,92000.0,Home Loan,1620000.0,16.7,36,57520.0,19600.0,0.0,0.0,2800.0,22400.0,357,363900.0,534900.0,219000.0,No,Frequently,Moderate,Moderate,0.9711,7.86,-32100.0,14640.0,24.4,0.999,1
50,Male,Manager,Business,Married,1,39100.0,0.0,91000.0,53600.0,100283.33333333334,25800.0,13500.0,3300.0,1700.0,600.0,11600.0,19600.0,11300.0,7400.0,12700.0,2800.0,110300.0,Personal Loan,1286000.0,9.0,360,10350.0,28100.0,13400.0,0.0,0.0,41500.0,533,672300.0,916100.0,719900.0,No,Occasionally,Low,Moderate,0.517,10.46,-51516.67,3630.0,48.6,0.7627,1
58,Other,Teacher,Salaried,Married,2,115800.0,0.0,172000.0,0.0,130133.33333333333,16000.0,15100.0,6600.0,4900.0,1100.0,2100.0,17100.0,1500.0,6200.0,15500.0,2200.0,88300.0,Business Loan,3585000.0,13.5,12,321040.0,20000.0,0.0,0.0,8600.0,28600.0,430,1252300.0,252000.0,617100.0,Yes,Occasionally,Low,Moderate,2.6868,12.87,13233.33,29960.0,29.1,1.0,1
58,Female,Teacher,Salaried,Married,2,25700.0,7400.0,67000.0,0.0,38683.333333333336,8400.0,9000.0,5000.0,1200.0,2400.0,10700.0,5700.0,2600.0,2600.0,15300.0,6600.0,69500.0,Home Loan,2282000.0,13.0,36,76890.0,0.0,0.0,0.0,4300.0,4300.0,632,129500.0,335000.0,187200.0,No,Frequently,Low,High,2.0988,6.29,-35116.67,13110.0,28.8,0.9998,1
28,Female,Doctor,Business,Married,3,91800.0,23800.0,257000.0,130100.0,267116.6666666666,44100.0,13300.0,5700.0,6000.0,2500.0,3500.0,11800.0,4000.0,9200.0,24500.0,2300.0,126900.0,Vehicle Loan,1498000.0,10.3,180,16370.0,0.0,0.0,0.0,13600.0,13600.0,554,642600.0,2787100.0,7480300.0,Yes,Occasionally,Moderate,High,0.1122,24.41,126616.67,106600.0,83.1,0.0036,0
47,Male,Manager,Business,Single,1,33400.0,15200.0,62000.0,42600.0,96366.66666666666,20900.0,16900.0,3600.0,5100.0,800.0,5400.0,10200.0,1300.0,6900.0,23100.0,4100.0,98300.0,Vehicle Loan,3153000.0,7.8,24,142310.0,0.0,0.0,0.0,3000.0,3000.0,612,925300.0,171300.0,1051900.0,No,Never,Low,Low,1.5079,10.83,-4933.33,40360.0,35.4,0.9803,1
47,Female,Accountant,Salaried,Single,0,20000.0,0.0,0.0,0.0,20000.0,5900.0,16500.0,8100.0,4400.0,1600.0,4800.0,0.0,2300.0,5400.0,21500.0,7700.0,78200.0,Personal Loan,836000.0,9.1,36,26620.0,0.0,0.0,0.0,9400.0,9400.0,323,21400.0,276200.0,117700.0,No,Never,High,Moderate,1.801,3.4,-67600.0,0.0,11.8,1.0,1
54,Male,Business Owner,Salaried,Married,1,55200.0,4100.0,154000.0,0.0,72133.33333333333,10100.0,13400.0,4500.0,5800.0,1600.0,8400.0,19400.0,4900.0,7200.0,10800.0,5300.0,91400.0,Business Loan,3561000.0,17.7,120,63480.0,0.0,4100.0,0.0,9600.0,13700.0,450,611600.0,181500.0,370700.0,No,Never,Moderate,Moderate,1.07,7.55,-32966.67,18760.0,24.8,0.997,1
41,Male,Teacher,Salaried,Divorced,2,43200.0,0.0,42000.0,0.0,46700.0,6100.0,12900.0,4700.0,4100.0,1400.0,7600.0,5200.0,2300.0,3700.0,5300.0,4500.0,57800.0,Vehicle Loan,2150000.0,17.4,24,106710.0,0.0,3700.0,4200.0,1500.0,9400.0,471,427000.0,621600.0,942800.0,No,Never,Moderate,Moderate,2.4863,15.6,-20500.0,11620.0,26.9,1.0,1
50,Female,Manager,Salaried,Single,0,28100.0,0.0,0.0,0.0,28100.0,4700.0,4800.0,4000.0,1300.0,2300.0,2200.0,0.0,13100.0,5700.0,15600.0,3500.0,57200.0,Business Loan,256000.0,8.8,12,22360.0,0.0,0.0,0.0,9500.0,9500.0,422,72600.0,558800.0,605700.0,No,Never,Low,Moderate,1.1338,9.47,-38600.0,3140.0,24.0,0.9975,1
53,Male,Teacher,Business,Married,0,21100.0,0.0,28000.0,36500.0,59933.33333333333,20300.0,13600.0,5500.0,3800.0,2000.0,9600.0,0.0,1900.0,7800.0,12100.0,4600.0,81200.0,Business Loan,1822000.0,11.4,24,85260.0,0.0,4000.0,3800.0,0.0,7800.0,573,272400.0,129000.0,1761600.0,No,Never,Moderate,Low,1.5527,4.51,-29066.67,19170.0,20.0,0.9994,1
48,Male,Analyst,Business,Married,0,48800.0,0.0,113000.0,54500.0,112716.66666666666,32300.0,7900.0,5700.0,2400.0,2000.0,5800.0,0.0,13100.0,3500.0,7200.0,6100.0,86000.0,Home Loan,1052000.0,12.4,48,27910.0,0.0,0.0,0.0,0.0,0.0,554,188100.0,695600.0,2117100.0,Yes,Never,Low,Moderate,0.2476,10.28,26716.67,50720.0,67.0,0.3037,0
53,Female,Other,Salaried,Married,1,79900.0,9000.0,224000.0,0.0,107566.66666666667,11300.0,6800.0,6200.0,2800.0,1000.0,1000.0,9000.0,12500.0,9200.0,4200.0,6800.0,70800.0,Personal Loan,4205000.0,12.5,60,94600.0,0.0,0.0,11900.0,0.0,11900.0,467,428800.0,371900.0,1480600.0,No,Never,Moderate,Moderate,0.9901,9.68,24866.67,36500.0,42.3,0.979,1
25,Male,Accountant,Salaried,Married,3,65700.0,0.0,138000.0,0.0,77200.0,15500.0,19300.0,9700.0,3300.0,1400.0,5600.0,7900.0,2400.0,6700.0,12000.0,5500.0,89300.0,Business Loan,713000.0,10.6,12,62880.0,0.0,0.0,0.0,0.0,0.0,383,374000.0,618800.0,519100.0,No,Occasionally,Low,Moderate,0.8145,11.12,-12100.0,34740.0,37.6,0.9831,1
39,Male,Other,Salaried,Married,2,50400.0,6000.0,0.0,0.0,56400.0,9300.0,14800.0,9200.0,4900.0,1500.0,6700.0,17500.0,1400.0,10500.0,17000.0,6500.0,99300.0,Business Loan,432000.0,17.1,48,12490.0,0.0,0.0,0.0,0.0,0.0,625,301200.0,951500.0,66600.0,No,Never,High,Low,0.2215,12.62,-42900.0,25380.0,64.6,0.1934,0
24,Female,Sales Executive,Business,Single,4,62300.0,0.0,0.0,122000.0,184300.0,47800.0,12200.0,6900.0,3500.0,1100.0,1800.0,8600.0,1700.0,10300.0,16400.0,1600.0,111900.0,Business Loan,4024000.0,17.0,60,100010.0,0.0,34200.0,0.0,0.0,34200.0,541,306600.0,3438900.0,4869900.0,No,Occasionally,High,Moderate,0.7282,25.64,38200.0,48740.0,63.9,0.0685,0
55,Male,Teacher,Salaried,Divorced,0,48400.0,0.0,0.0,0.0,48400.0,10400.0,5600.0,2300.0,3400.0,700.0,2700.0,0.0,9300.0,6400.0,19800.0,1100.0,61700.0,Personal Loan,2741000.0,7.7,48,66530.0,0.0,4300.0,0.0,0.0,4300.0,669,209800.0,820600.0,1145400.0,No,Frequently,Moderate,Moderate,1.4634,15.61,-17600.0,17480.0,37.5,0.9029,1
37,Female,Sales Executive,Salaried,Married,3,24000.0,10000.0,0.0,0.0,34000.0,11600.0,19800.0,6900.0,2500.0,800.0,11900.0,19900.0,10400.0,3200.0,12700.0,6100.0,105800.0,Home Loan,1498000.0,14.3,24,72140.0,0.0,0.0,3800.0,0.0,3800.0,572,218900.0,480400.0,812100.0,No,Occasionally,Moderate,Low,2.2335,6.38,-75600.0,11500.0,20.3,0.9999,1
64,Other,Software Engineer,Salaried,Married,2,24100.0,0.0,70000.0,0.0,29933.333333333332,4600.0,8900.0,2700.0,3700.0,900.0,10600.0,17300.0,9700.0,9100.0,9400.0,2800.0,79700.0,Business Loan,156000.0,8.3,12,13590.0,0.0,0.0,0.0,0.0,0.0,747,157200.0,437800.0,289200.0,Yes,Occasionally,Moderate,Moderate,0.454,7.47,-49766.67,13470.0,57.7,0.3001,0
48,Female,Teacher,Salaried,Married,0,44300.0,13100.0,0.0,0.0,57400.0,14200.0,16100.0,7700.0,2200.0,900.0,2500.0,0.0,8600.0,5600.0,14400.0,7100.0,79300.0,Education Loan,1186000.0,13.8,48,32290.0,0.0,0.0,0.0,5800.0,5800.0,422,487500.0,188800.0,615800.0,No,Occasionally,Moderate,Moderate,0.6636,7.95,-27700.0,20030.0,40.8,0.9902,1
50,Female,Manager,Salaried,Married,4,45200.0,19000.0,28000.0,0.0,66533.33333333333,18300.0,16400.0,5100.0,2300.0,1000.0,7400.0,15100.0,3400.0,7500.0,24400.0,4800.0,105700.0,Home Loan,397000.0,16.6,24,19550.0,0.0,0.0,0.0,9300.0,9300.0,552,634400.0,380900.0,1564200.0,No,Never,High,High,0.4336,8.83,-48466.67,20640.0,50.0,0.8819,1
49,Male,Accountant,Salaried,Single,0,75000.0,0.0,79000.0,0.0,81583.33333333333,25000.0,5200.0,8700.0,4800.0,1000.0,5200.0,0.0,12800.0,2200.0,3000.0,4300.0,72200.0,Personal Loan,1729000.0,14.3,360,20900.0,20700.0,0.0,0.0,13700.0,34400.0,324,673900.0,645700.0,1682800.0,No,Never,High,Low,0.6778,12.38,-25016.67,2310.0,33.6,0.9703,1
26,Male,Sales Executive,Business,Single,3,71600.0,4700.0,80000.0,47400.0,130366.66666666667,26300.0,20600.0,9500.0,2700.0,1400.0,7000.0,16400.0,5600.0,7900.0,14200.0,6400.0,118000.0,Vehicle Loan,5567000.0,12.4,48,147700.0,0.0,0.0,0.0,9900.0,9900.0,855,123900.0,254600.0,2540600.0,No,Frequently,Moderate,High,1.2089,2.96,2466.67,48760.0,28.2,0.8404,1
55,Female,Teacher,Business,Married,3,66300.0,0.0,0.0,86600.0,152900.0,41500.0,17300.0,5300.0,1300.0,1500.0,6200.0,5600.0,14800.0,5100.0,9600.0,6200.0,114400.0,Business Loan,7154000.0,17.6,36,257200.0,50100.0,0.0,0.0,12800.0,62900.0,777,388300.0,2539900.0,2544400.0,No,Never,Low,Moderate,2.0935,16.52,-24400.0,5900.0,40.7,0.9621,1
61,Female,Software Engineer,Self-Employed,Single,2,42600.0,7300.0,0.0,0.0,49900.0,8800.0,12300.0,5700.0,2700.0,1100.0,1500.0,13800.0,6400.0,4700.0,4400.0,5900.0,67300.0,Education Loan,2456000.0,15.3,180,34880.0,0.0,0.0,0.0,0.0,0.0,790,66500.0,292300.0,551400.0,No,Frequently,Low,Moderate,0.699,5.33,-17400.0,22460.0,45.2,0.6181,1
57,Female,Other,Salaried,Single,1,24600.0,0.0,0.0,0.0,24600.0,5100.0,11700.0,6700.0,4200.0,2300.0,4500.0,16200.0,4700.0,11800.0,12000.0,5800.0,85000.0,Vehicle Loan,1354000.0,10.1,36,43750.0,5500.0,0.0,0.0,0.0,5500.0,851,113700.0,49000.0,547000.0,No,Never,Low,High,2.002,1.8,-65900.0,5570.0,30.7,0.9982,1
44,Male,Manager,Salaried,Married,0,60200.0,0.0,0.0,0.0,60200.0,19500.0,4300.0,3600.0,5100.0,1600.0,2400.0,0.0,13500.0,5800.0,16700.0,4600.0,77100.0,Vehicle Loan,1512000.0,11.6,240,16230.0,13000.0,0.0,0.0,0.0,13000.0,811,444000.0,143800.0,651800.0,No,Never,Moderate,Low,0.4855,6.52,-29900.0,14090.0,55.9,0.2937,0
49,Male,Analyst,Salaried,Married,1,63700.0,0.0,139000.0,0.0,75283.33333333333,25400.0,15300.0,9400.0,5800.0,2100.0,6400.0,19400.0,8900.0,8500.0,14100.0,7500.0,122800.0,Business Loan,3948000.0,15.5,60,94960.0,15900.0,7500.0,0.0,7900.0,31300.0,343,60800.0,1462000.0,1659300.0,No,Occasionally,High,Moderate,1.6771,9.88,-78816.67,2580.0,24.9,0.9999,1
51,Male,Teacher,Salaried,Single,1,14800.0,0.0,10000.0,0.0,15633.333333333334,4400.0,11100.0,5500.0,4700.0,2300.0,11000.0,4000.0,11100.0,7900.0,2700.0,7200.0,71900.0,Business Loan,704000.0,7.7,48,17090.0,0.0,0.0,0.0,0.0,0.0,731,47500.0,286500.0,89300.0,No,Occasionally,Moderate,Low,1.0932,4.65,-56266.67,7040.0,35.6,0.9539,1
55,Female,Analyst,Business,Married,2,32300.0,9900.0,0.0,18500.0,60700.0,11800.0,18000.0,3300.0,3100.0,800.0,12000.0,8900.0,6700.0,2100.0,15300.0,3300.0,85300.0,Vehicle Loan,2099000.0,8.2,12,182780.0,0.0,0.0,0.0,0.0,0.0,740,84500.0,1166400.0,1075200.0,No,Occasionally,Moderate,Moderate,3.0112,14.66,-24600.0,27320.0,37.8,0.9999,1
53,Male,Doctor,Salaried,Married,2,34700.0,22700.0,68000.0,0.0,63066.666666666664,19200.0,16800.0,8100.0,2500.0,1400.0,11400.0,11100.0,13400.0,9200.0,7300.0,6600.0,107000.0,Education Loan,3627000.0,16.5,60,89170.0,0.0,0.0,3300.0,0.0,3300.0,597,277200.0,1209500.0,676100.0,No,Occasionally,Low,Low,1.4662,13.48,-47233.33,25080.0,32.3,0.9948,1
41,Female,Accountant,Salaried,Married,3,52000.0,19100.0,0.0,0.0,71100.0,7600.0,19100.0,3800.0,1600.0,1400.0,11800.0,8300.0,13800.0,4600.0,9900.0,7200.0,89100.0,Home Loan,4062000.0,8.0,360,29810.0,0.0,0.0,7400.0,0.0,7400.0,438,660600.0,1151100.0,1767400.0,No,Occasionally,Low,High,0.5233,18.77,-25400.0,24600.0,50.1,0.5806,1
52,Female,Teacher,Business,Married,0,32800.0,0.0,60000.0,60400.0,98200.0,12300.0,15100.0,3100.0,4100.0,1200.0,1200.0,0.0,7100.0,9800.0,9200.0,5300.0,68400.0,Business Loan,5339000.0,14.6,240,68730.0,27400.0,0.0,0.0,0.0,27400.0,583,434200.0,613100.0,1528100.0,No,Occasionally,High,Low,0.9789,10.93,2400.0,16790.0,39.6,0.8695,1
43,Male,Software Engineer,Business,Married,2,48100.0,15800.0,0.0,31000.0,94900.0,25200.0,16800.0,6500.0,3500.0,500.0,9000.0,6000.0,4400.0,7700.0,21700.0,4900.0,106200.0,Business Loan,1530000.0,10.8,48,39400.0,19500.0,0.0,0.0,14100.0,33600.0,471,619700.0,680500.0,1776600.0,No,Never,Low,High,0.7692,9.3,-44900.0,9100.0,38.9,0.9711,1
53,Female,Sales Executive,Salaried,Single,3,44100.0,0.0,111000.0,0.0,53350.0,9200.0,15900.0,7400.0,4400.0,2100.0,4000.0,16800.0,10100.0,4500.0,3100.0,5700.0,83200.0,Personal Loan,877000.0,16.2,360,11940.0,9000.0,0.0,5900.0,12000.0,26900.0,831,222800.0,460800.0,133300.0,No,Never,Moderate,Moderate,0.728,6.21,-56750.0,0.0,53.7,0.389,0
23,Male,Doctor,Salaried,Single,2,45300.0,0.0,0.0,0.0,45300.0,15300.0,13500.0,6600.0,2200.0,700.0,10500.0,18400.0,14400.0,4900.0,10000.0,2100.0,98600.0,Business Loan,2471000.0,16.4,180,36980.0,0.0,0.0,0.0,0.0,0.0,427,337400.0,721000.0,673000.0,No,Occasionally,Moderate,High,0.8163,10.73,-53300.0,20380.0,34.2,0.9836,1
38,Female,Accountant,Salaried,Married,0,34300.0,0.0,0.0,0.0,34300.0,7200.0,5700.0,7300.0,2600.0,2500.0,10000.0,0.0,9700.0,9000.0,11100.0,1600.0,66700.0,Personal Loan,922000.0,17.5,24,45810.0,0.0,4000.0,2400.0,0.0,6400.0,685,259300.0,638300.0,803400.0,No,Occasionally,Low,Moderate,1.5222,12.28,-38800.0,9040.0,40.1,0.9626,1
45,Female,Other,Salaried,Married,0,35600.0,0.0,0.0,0.0,35600.0,7400.0,14900.0,2900.0,2500.0,2000.0,5700.0,0.0,14400.0,7100.0,16200.0,6700.0,79800.0,Vehicle Loan,1739000.0,8.5,180,17120.0,0.0,0.0,0.0,0.0,0.0,844,64500.0,333400.0,918500.0,No,Never,Moderate,Low,0.4809,4.99,-44200.0,16020.0,55.4,0.2437,0
62,Female,Manager,Salaried,Married,0,28600.0,17500.0,0.0,0.0,46100.0,12400.0,14700.0,5800.0,5000.0,1700.0,6200.0,0.0,5800.0,8400.0,20100.0,5000.0,85100.0,Education Loan,1972000.0,11.9,48,51830.0,0.0,0.0,3400.0,0.0,3400.0,693,309100.0,310200.0,997400.0,No,Never,High,Low,1.198,7.0,-42400.0,17340.0,24.6,0.9702,1
51,Female,Analyst,Salaried,Married,2,59300.0,0.0,73000.0,0.0,65383.333333333336,19100.0,11400.0,4900.0,1900.0,800.0,3900.0,11700.0,13800.0,2700.0,18700.0,1900.0,90800.0,Personal Loan,3068000.0,13.5,60,70590.0,0.0,10800.0,0.0,0.0,10800.0,382,272700.0,367100.0,821000.0,No,Occasionally,Low,Moderate,1.2448,6.3,-36216.67,18620.0,14.1,0.9995,1
23,Male,Doctor,Business,Married,2,65200.0,0.0,0.0,125900.0,191100.0,41800.0,20100.0,9800.0,4000.0,1500.0,4200.0,16400.0,2600.0,9700.0,19300.0,3900.0,133300.0,Personal Loan,1232000.0,17.1,12,112420.0,0.0,0.0,0.0,3000.0,3000.0,708,1656400.0,1122300.0,1476100.0,No,Never,Low,Low,0.604,20.39,54800.0,83000.0,64.7,0.0077,0
60,Male,Sales Executive,Salaried,Married,4,33300.0,5400.0,54000.0,0.0,43200.0,6600.0,20200.0,2400.0,1300.0,1000.0,11800.0,4200.0,6000.0,4500.0,6400.0,3100.0,67500.0,Home Loan,1238000.0,10.3,48,31580.0,11700.0,7900.0,0.0,3600.0,23200.0,646,86400.0,48900.0,504300.0,Yes,Never,Low,High,1.2681,1.49,-47500.0,0.0,26.5,0.9983,1
44,Female,Manager,Salaried,Single,1,104900.0,2500.0,291000.0,0.0,131650.0,38600.0,12700.0,4400.0,3700.0,1000.0,10800.0,13800.0,7900.0,7800.0,23000.0,7100.0,130800.0,Vehicle Loan,6864000.0,8.3,24,311380.0,43600.0,0.0,0.0,0.0,43600.0,846,1188200.0,717300.0,2218000.0,No,Never,Moderate,Low,2.6964,10.93,-42750.0,15640.0,42.1,0.9986,1
52,Male,Other,Salaried,Single,0,41900.0,7000.0,32000.0,0.0,51566.666666666664,9300.0,4200.0,9500.0,1300.0,2200.0,3100.0,0.0,10100.0,2300.0,11500.0,4600.0,58100.0,Personal Loan,1647000.0,9.6,360,13970.0,0.0,6100.0,0.0,14700.0,20800.0,534,276400.0,340500.0,9000.0,No,Occasionally,Moderate,Low,0.6743,7.82,-27333.33,2400.0,40.6,0.9793,1
42,Male,Sales Executive,Salaried,Married,2,105400.0,0.0,126000.0,0.0,115900.0,16700.0,13400.0,9900.0,1900.0,1300.0,4000.0,19500.0,5100.0,4500.0,2300.0,5000.0,83600.0,Personal Loan,4979000.0,12.7,240,57270.0,0.0,0.0,0.0,0.0,0.0,845,339300.0,1823800.0,3171000.0,No,Never,Low,Low,0.4941,25.87,32300.0,52160.0,80.6,0.0003,0
43,Male,Software Engineer,Business,Single,2,35600.0,20100.0,0.0,29200.0,84900.0,21900.0,17000.0,8600.0,1600.0,1400.0,2200.0,18300.0,13900.0,8100.0,17400.0,2600.0,113000.0,Vehicle Loan,3954000.0,14.7,36,136490.0,0.0,0.0,0.0,13600.0,13600.0,435,312400.0,969700.0,875400.0,No,Never,Low,Low,1.7678,10.13,-41700.0,24600.0,22.2,0.9998,1
22,Female,Analyst,Salaried,Single,3,17800.0,0.0,40000.0,0.0,21133.333333333332,2600.0,11300.0,2600.0,2700.0,2200.0,11900.0,19100.0,13600.0,4000.0,15900.0,6600.0,92500.0,Business Loan,246000.0,14.8,180,3410.0,0.0,0.0,3100.0,1500.0,4600.0,388,11600.0,154100.0,505200.0,No,Never,Low,High,0.379,1.71,-75966.67,4910.0,35.6,0.9934,1
47,Male,Teacher,Salaried,Married,2,59900.0,0.0,124000.0,0.0,70233.33333333333,24100.0,14400.0,6500.0,2700.0,700.0,11000.0,4800.0,12200.0,10700.0,4900.0,7500.0,99500.0,Education Loan,953000.0,8.3,180,9270.0,0.0,0.0,0.0,0.0,0.0,516,668900.0,867000.0,1126100.0,No,Occasionally,Moderate,Low,0.132,15.44,-29266.67,31600.0,62.4,0.1329,0
62,Female,Doctor,Salaried,Married,1,55500.0,10900.0,158000.0,0.0,79566.66666666667,20500.0,19900.0,5200.0,5100.0,1700.0,7100.0,11300.0,2600.0,8300.0,24100.0,6500.0,112300.0,Vehicle Loan,3569000.0,15.5,120,58680.0,0.0,0.0,0.0,11900.0,11900.0,856,209800.0,1271300.0,1580600.0,No,Never,High,Moderate,0.8871,11.93,-44633.33,23900.0,53.4,0.1226,0
22,Other,Teacher,Self-Employed,Married,2,49900.0,3700.0,124000.0,0.0,63933.333333333336,22200.0,18000.0,8500.0,2100.0,1700.0,8600.0,5800.0,2100.0,10600.0,14900.0,4500.0,99000.0,Home Loan,512000.0,14.4,36,17600.0,0.0,4600.0,0.0,0.0,4600.0,546,584500.0,805000.0,1456700.0,No,Occasionally,Moderate,Moderate,0.3472,13.41,-39666.67,24170.0,58.1,0.6188,1
46,Male,Manager,Salaried,Single,3,35600.0,20700.0,67000.0,0.0,61883.333333333336,11400.0,17700.0,2400.0,1400.0,1400.0,9200.0,13200.0,8000.0,5300.0,12800.0,6800.0,89600.0,Home Loan,1473000.0,11.8,360,14930.0,15300.0,0.0,0.0,5600.0,20900.0,807,532400.0,144500.0,534500.0,No,Never,Low,Moderate,0.579,6.13,-48616.67,6950.0,55.2,0.4624,1
37,Male,Teacher,Self-Employed,Single,1,48200.0,0.0,0.0,0.0,48200.0,16500.0,13500.0,3600.0,4000.0,2200.0,3200.0,7000.0,11700.0,1400.0,11200.0,2300.0,76600.0,Education Loan,2675000.0,13.5,360,30640.0,0.0,0.0,0.0,0.0,0.0,441,183900.0,268900.0,876400.0,No,Never,Moderate,Moderate,0.6357,5.91,-28400.0,21690.0,34.0,0.9838,1
60,Male,Business Owner,Salaried,Single,0,38000.0,7400.0,62000.0,0.0,50566.666666666664,6900.0,4600.0,5900.0,4400.0,2400.0,11300.0,0.0,2700.0,7300.0,6800.0,1800.0,54100.0,Home Loan,1850000.0,15.6,120,30530.0,7900.0,0.0,0.0,0.0,7900.0,479,126600.0,325200.0,1140200.0,No,Never,Moderate,Moderate,0.76,7.29,-11433.33,14860.0,30.4,0.9794,1
53,Female,Manager,Salaried,Married,0,42100.0,22600.0,94000.0,0.0,72533.33333333333,8000.0,17400.0,3300.0,2500.0,1400.0,6800.0,0.0,10000.0,4700.0,23900.0,4100.0,82100.0,Vehicle Loan,3995000.0,10.3,36,129470.0,0.0,0.0,0.0,0.0,0.0,534,330200.0,572700.0,1677500.0,No,Never,High,Moderate,1.785,11.0,-9566.67,32640.0,30.9,0.9991,1
29,Male,Analyst,Salaried,Single,0,74700.0,0.0,0.0,0.0,74700.0,8100.0,17000.0,7500.0,4000.0,1400.0,2000.0,0.0,8400.0,5900.0,18100.0,2300.0,74700.0,Business Loan,1645000.0,17.4,48,47810.0,0.0,9800.0,0.0,0.0,9800.0,859,699900.0,109700.0,932300.0,No,Never,Low,Moderate,0.7712,9.58,-9800.0,23820.0,48.7,0.0662,0
63,Male,Sales Executive,Business,Married,2,53800.0,0.0,156000.0,84900.0,151700.0,32800.0,17600.0,8600.0,4900.0,1500.0,5400.0,17000.0,11200.0,8500.0,15100.0,2800.0,125400.0,Home Loan,6070000.0,8.9,60,125710.0,33400.0,9400.0,0.0,8800.0,51600.0,541,1308200.0,2297000.0,3315500.0,No,Occasionally,Moderate,Low,1.1688,20.37,-25300.0,16660.0,33.2,0.783,1
59,Male,Analyst,Business,Married,0,66500.0,19300.0,0.0,105000.0,190800.0,23000.0,5400.0,7600.0,2700.0,1900.0,7600.0,0.0,7100.0,8700.0,16500.0,5100.0,85600.0,Vehicle Loan,3963000.0,17.0,360,56500.0,0.0,0.0,0.0,13300.0,13300.0,542,981100.0,1896000.0,1728100.0,No,Never,Moderate,Moderate,0.3658,29.09,91900.0,72560.0,77.8,0.0024,0
49,Female,Teacher,Salaried,Married,0,43700.0,0.0,0.0,0.0,43700.0,10000.0,6900.0,5500.0,3600.0,1800.0,4900.0,0.0,10700.0,1300.0,21300.0,3800.0,69800.0,Home Loan,486000.0,15.3,36,16920.0,0.0,0.0,0.0,0.0,0.0,538,248300.0,788100.0,162900.0,No,Never,Moderate,High,0.3872,14.85,-26100.0,19660.0,58.9,0.4808,1
62,Male,Accountant,Salaried,Single,0,41300.0,8700.0,22000.0,0.0,51833.333333333336,9400.0,6600.0,9000.0,1700.0,900.0,8700.0,0.0,3200.0,9500.0,16600.0,7100.0,72700.0,Personal Loan,3083000.0,14.4,360,37510.0,0.0,0.0,0.0,0.0,0.0,479,227100.0,561700.0,175600.0,Yes,Never,Low,Moderate,0.7237,10.85,-20866.67,23320.0,41.2,0.9771,1
46,Female,Manager,Salaried,Married,1,27500.0,0.0,19000.0,0.0,29083.333333333332,5300.0,13300.0,3100.0,1100.0,600.0,10700.0,19300.0,4000.0,6400.0,4600.0,2600.0,71000.0,Personal Loan,427000.0,8.4,60,8740.0,9300.0,0.0,0.0,0.0,9300.0,591,275600.0,575100.0,441200.0,No,Frequently,Moderate,Moderate,0.6203,10.59,-51216.67,3790.0,55.0,0.8057,1
55,Female,Sales Executive,Salaried,Married,1,40700.0,21700.0,36000.0,0.0,65400.0,16900.0,8900.0,4100.0,5900.0,2400.0,9500.0,13200.0,13600.0,7100.0,18000.0,8000.0,107600.0,Business Loan,1005000.0,17.1,120,17530.0,12000.0,0.0,3900.0,0.0,15900.0,350,647100.0,936100.0,752000.0,No,Occasionally,Low,High,0.5112,12.82,-58100.0,13530.0,39.9,0.975,1
45,Male,Other,Salaried,Divorced,2,9300.0,9200.0,6000.0,0.0,19000.0,2700.0,17700.0,5900.0,2500.0,1000.0,8100.0,13700.0,5600.0,4300.0,15000.0,3500.0,80000.0,Personal Loan,975000.0,10.6,24,45260.0,0.0,3700.0,1800.0,0.0,5500.0,715,61700.0,339200.0,132500.0,Yes,Occasionally,Moderate,Moderate,2.6716,4.69,-66500.0,3050.0,33.7,0.9999,1
44,Female,Software Engineer,Business,Divorced,0,36500.0,0.0,0.0,48800.0,85300.0,24900.0,11600.0,2500.0,2400.0,1800.0,6600.0,0.0,14800.0,5600.0,24200.0,4600.0,99000.0,Personal Loan,4190000.0,15.3,24,203760.0,28900.0,0.0,0.0,4800.0,33700.0,783,812300.0,1662700.0,1001000.0,No,Never,Low,Low,2.7838,18.65,-47400.0,4680.0,38.9,0.9988,1
33,Male,Analyst,Business,Single,0,47100.0,13900.0,63000.0,63000.0,129250.0,31700.0,4200.0,2800.0,5900.0,2200.0,3800.0,0.0,1600.0,8800.0,18900.0,1900.0,81800.0,Home Loan,7597000.0,16.8,24,374880.0,34100.0,0.0,0.0,5100.0,39200.0,726,1231600.0,1287800.0,1596900.0,No,Occasionally,Low,High,3.2037,20.82,8250.0,18960.0,41.6,0.9994,1
27,Female,Analyst,Salaried,Married,1,65000.0,0.0,0.0,0.0,65000.0,21400.0,16400.0,5200.0,4600.0,1100.0,6000.0,19900.0,7900.0,9500.0,9900.0,5100.0,107000.0,Home Loan,581000.0,10.1,180,6280.0,0.0,0.0,0.0,0.0,0.0,783,324900.0,846900.0,1079500.0,Yes,Occasionally,Low,Moderate,0.0966,10.95,-42000.0,29250.0,73.5,0.0705,0
56,Female,Manager,Salaried,Single,0,42900.0,0.0,0.0,0.0,42900.0,8200.0,6600.0,9600.0,3900.0,1800.0,4200.0,0.0,5500.0,5300.0,5100.0,7700.0,57900.0,Education Loan,437000.0,17.1,120,7620.0,0.0,0.0,0.0,1100.0,1100.0,304,190500.0,787900.0,74500.0,No,Never,Moderate,Moderate,0.2033,16.58,-16100.0,18200.0,55.5,0.8463,1
40,Female,Accountant,Business,Single,0,58300.0,0.0,0.0,49700.0,108000.0,37300.0,15500.0,9300.0,4500.0,700.0,11300.0,0.0,14900.0,8600.0,13100.0,6200.0,121400.0,Business Loan,3205000.0,13.9,180,42470.0,36000.0,0.0,0.0,10100.0,46100.0,695,945900.0,1288500.0,2942000.0,No,Occasionally,Moderate,Low,0.8201,13.34,-59500.0,2500.0,45.7,0.4895,1
21,Male,Teacher,Self-Employed,Single,0,16500.0,0.0,28000.0,0.0,18833.333333333332,4600.0,9000.0,5700.0,4500.0,2400.0,11000.0,0.0,14900.0,3800.0,17600.0,2700.0,76200.0,Personal Loan,707000.0,14.4,36,24300.0,0.0,2100.0,0.0,0.0,2100.0,766,178100.0,37700.0,210300.0,No,Never,Low,Moderate,1.4018,2.76,-59466.67,6380.0,35.4,0.9943,1
28,Male,Teacher,Salaried,Married,3,47600.0,11800.0,57000.0,0.0,64150.0,22000.0,14700.0,3100.0,4800.0,600.0,2700.0,10700.0,4300.0,10200.0,6100.0,4100.0,83300.0,Education Loan,455000.0,17.1,48,13150.0,0.0,0.0,0.0,0.0,0.0,531,277300.0,913700.0,1184300.0,No,Never,High,Moderate,0.205,14.3,-19150.0,28870.0,54.3,0.238,0
36,Male,Manager,Salaried,Married,2,21200.0,19100.0,61000.0,0.0,45383.333333333336,4800.0,8200.0,3400.0,1300.0,1400.0,10000.0,5900.0,4700.0,7700.0,16900.0,4000.0,68300.0,Home Loan,622000.0,13.0,120,9290.0,0.0,7200.0,0.0,0.0,7200.0,462,234900.0,852300.0,417200.0,No,Occasionally,High,Low,0.3633,14.4,-30116.67,13220.0,52.9,0.7281,1
34,Male,Analyst,Salaried,Single,0,26800.0,0.0,19000.0,0.0,28383.333333333332,8000.0,17800.0,5000.0,3100.0,1600.0,8700.0,0.0,11500.0,9500.0,21000.0,1700.0,87900.0,Education Loan,1240000.0,12.1,36,41240.0,0.0,0.0,0.0,0.0,0.0,683,104300.0,449700.0,648600.0,Yes,Occasionally,Low,Low,1.453,6.3,-59516.67,12770.0,31.7,0.9901,1
32,Male,Sales Executive,Salaried,Married,0,44600.0,0.0,0.0,0.0,44600.0,13600.0,12600.0,3700.0,2500.0,2100.0,11700.0,0.0,13500.0,6200.0,5600.0,7200.0,78700.0,Personal Loan,1863000.0,14.1,12,167360.0,7900.0,6000.0,2500.0,11600.0,28000.0,839,110800.0,715100.0,613700.0,No,Never,Low,Moderate,4.3803,7.74,-62100.0,0.0,41.3,1.0,1
43,Male,Software Engineer,Salaried,Single,4,92800.0,0.0,119000.0,0.0,102716.66666666667,11600.0,17900.0,2700.0,1400.0,700.0,6100.0,8400.0,10300.0,3500.0,18200.0,3700.0,84500.0,Education Loan,1020000.0,13.3,120,15410.0,0.0,0.0,0.0,11600.0,11600.0,652,1023500.0,257400.0,991600.0,Yes,Frequently,Moderate,Moderate,0.263,13.33,6616.67,34620.0,62.2,0.0493,0
35,Male,Manager,Salaried,Married,2,59000.0,23000.0,0.0,0.0,82000.0,20100.0,9400.0,7400.0,3100.0,1400.0,8900.0,5300.0,13100.0,5700.0,3600.0,4500.0,82500.0,Vehicle Loan,4612000.0,8.1,24,208800.0,0.0,10900.0,4900.0,0.0,15800.0,726,188100.0,1230800.0,2371000.0,No,Occasionally,Moderate,High,2.739,14.43,-16300.0,21100.0,33.0,0.9994,1
48,Male,Sales Executive,Salaried,Single,1,49500.0,17400.0,0.0,0.0,66900.0,20100.0,15800.0,6700.0,4100.0,1100.0,6700.0,16800.0,1900.0,5200.0,2200.0,3000.0,83600.0,Business Loan,1272000.0,9.4,180,13210.0,0.0,0.0,4900.0,0.0,4900.0,398,550900.0,107900.0,1736500.0,No,Occasionally,High,Low,0.2707,7.44,-21600.0,25200.0,51.5,0.901,1
54,Female,Sales Executive,Salaried,Single,2,48500.0,12100.0,33000.0,0.0,63350.0,15200.0,12000.0,4300.0,1900.0,1100.0,1800.0,6800.0,10000.0,4700.0,2800.0,2100.0,62700.0,Personal Loan,3408000.0,7.6,60,68450.0,0.0,0.0,8200.0,0.0,8200.0,828,284800.0,1183500.0,342700.0,No,Frequently,High,Moderate,1.2099,20.71,-7550.0,20310.0,43.8,0.0383,0
22,Male,Other,Salaried,Married,2,34300.0,15200.0,54000.0,0.0,54000.0,6300.0,21800.0,8200.0,2500.0,2100.0,1500.0,10100.0,10800.0,3300.0,16500.0,7300.0,90400.0,Vehicle Loan,3011000.0,8.6,12,262760.0,0.0,0.0,8100.0,0.0,8100.0,502,69900.0,992100.0,1135000.0,Yes,Occasionally,High,High,5.0159,10.78,-44500.0,16200.0,22.4,1.0,1
52,Male,Business Owner,Salaried,Single,2,37300.0,0.0,88000.0,0.0,44633.333333333336,12200.0,21300.0,8200.0,4200.0,500.0,2300.0,3300.0,3700.0,9400.0,24400.0,1300.0,90800.0,Education Loan,1426000.0,15.2,360,18260.0,0.0,4900.0,0.0,0.0,4900.0,463,160100.0,875900.0,1010000.0,No,Frequently,Moderate,Moderate,0.5189,10.83,-51066.67,15180.0,45.5,0.8662,1
43,Male,Software Engineer,Self-Employed,Married,1,60700.0,0.0,71000.0,0.0,66616.66666666667,7700.0,16300.0,5900.0,3900.0,2000.0,4300.0,4800.0,11900.0,1900.0,19700.0,3800.0,82200.0,Personal Loan,1842000.0,7.5,24,82890.0,0.0,0.0,0.0,1300.0,1300.0,848,85900.0,450400.0,69100.0,No,Occasionally,Low,Moderate,1.2638,6.42,-16883.33,28680.0,34.7,0.8282,1
42,Male,Doctor,Business,Single,1,24500.0,23200.0,47000.0,26300.0,77916.66666666666,23700.0,19600.0,2800.0,5300.0,2100.0,3900.0,18200.0,14200.0,10800.0,7900.0,6100.0,114600.0,Education Loan,1582000.0,10.7,24,73510.0,0.0,0.0,0.0,0.0,0.0,445,765800.0,877700.0,2246300.0,No,Never,Moderate,Moderate,0.9434,14.34,-36683.33,35060.0,38.4,0.9885,1
45,Female,Accountant,Salaried,Married,0,65900.0,11800.0,79000.0,0.0,84283.33333333333,9300.0,5500.0,9300.0,5000.0,2300.0,9000.0,0.0,13600.0,2900.0,3600.0,3200.0,63700.0,Business Loan,4164000.0,12.2,48,110060.0,0.0,0.0,0.0,3200.0,3200.0,586,254500.0,1011100.0,589100.0,No,Never,Moderate,High,1.3438,18.92,17383.33,34730.0,40.3,0.7654,1
42,Male,Business Owner,Salaried,Single,3,40400.0,8700.0,0.0,0.0,49100.0,6600.0,13900.0,7300.0,5800.0,1800.0,8900.0,17300.0,4400.0,11800.0,16200.0,4100.0,98100.0,Business Loan,776000.0,17.3,24,38480.0,14600.0,0.0,0.0,3700.0,18300.0,364,372500.0,568500.0,1338000.0,No,Never,Low,Low,1.1564,8.08,-67300.0,3800.0,19.9,0.9994,1
42,Female,Other,Unemployed,Married,2,74100.0,16700.0,0.0,0.0,90800.0,15300.0,11500.0,4000.0,4000.0,1200.0,11700.0,10000.0,5500.0,11900.0,2100.0,5000.0,82200.0,Home Loan,3561000.0,10.9,120,48850.0,0.0,0.0,0.0,1400.0,1400.0,458,412500.0,801900.0,1781700.0,No,Occasionally,Moderate,Moderate,0.5534,14.53,7200.0,39460.0,49.7,0.7694,1
62,Female,Software Engineer,Salaried,Married,0,79300.0,11600.0,0.0,0.0,90900.0,23500.0,5000.0,6900.0,4500.0,1400.0,4400.0,0.0,8000.0,5400.0,20200.0,8000.0,87300.0,Vehicle Loan,3290000.0,15.7,60,79480.0,0.0,0.0,12300.0,13900.0,26200.0,415,632200.0,1795400.0,1396500.0,No,Occasionally,High,Low,1.1626,21.39,-22600.0,14700.0,32.2,0.9568,1
26,Female,Teacher,Salaried,Single,3,21200.0,15700.0,0.0,0.0,36900.0,12700.0,23600.0,5200.0,5300.0,2400.0,11300.0,4800.0,3200.0,11900.0,7600.0,6300.0,94300.0,Business Loan,690000.0,11.8,36,22850.0,12700.0,0.0,0.0,0.0,12700.0,339,107900.0,658600.0,869900.0,No,Occasionally,Low,Moderate,0.9634,7.16,-70100.0,3900.0,26.7,0.9991,1
35,Female,Business Owner,Salaried,Married,3,36700.0,11700.0,0.0,0.0,48400.0,6300.0,10800.0,7100.0,5200.0,2300.0,7700.0,13300.0,14400.0,10600.0,8900.0,7800.0,94400.0,Vehicle Loan,2859000.0,8.5,24,129960.0,0.0,6300.0,0.0,2000.0,8300.0,582,67500.0,609700.0,980100.0,No,Occasionally,Moderate,High,2.8566,6.59,-54300.0,13480.0,28.3,1.0,1
63,Female,Teacher,Salaried,Single,4,32000.0,5500.0,31000.0,0.0,40083.333333333336,5400.0,24000.0,5800.0,4600.0,1400.0,6400.0,17100.0,3300.0,1900.0,9900.0,5900.0,85700.0,Education Loan,2066000.0,8.5,120,25620.0,0.0,0.0,3800.0,0.0,3800.0,799,327900.0,533400.0,890100.0,No,Never,High,Low,0.734,9.62,-49416.67,14240.0,53.5,0.2271,0
57,Other,Accountant,Salaried,Married,3,19800.0,0.0,57000.0,0.0,24550.0,4700.0,20800.0,5900.0,3500.0,2400.0,8300.0,18300.0,11700.0,11400.0,19600.0,2900.0,109500.0,Vehicle Loan,150000.0,12.0,24,7060.0,4300.0,0.0,0.0,14200.0,18500.0,659,179400.0,357700.0,631800.0,Yes,Frequently,Low,Low,1.0411,4.2,-103450.0,0.0,31.7,0.9827,1
53,Female,Teacher,Business,Single,4,29300.0,0.0,29000.0,34500.0,66216.66666666667,20500.0,17300.0,7900.0,2400.0,2100.0,8700.0,7900.0,5800.0,1500.0,8100.0,3000.0,85200.0,Personal Loan,1869000.0,8.1,48,45720.0,0.0,0.0,0.0,14500.0,14500.0,314,101900.0,825700.0,936000.0,No,Never,High,Moderate,0.9094,9.3,-33483.33,15300.0,24.5,0.9992,1
28,Female,Accountant,Salaried,Married,0,166100.0,0.0,0.0,0.0,166100.0,36000.0,4300.0,6900.0,5400.0,2300.0,2900.0,0.0,9000.0,3000.0,8500.0,6800.0,85100.0,Home Loan,4110000.0,13.5,60,94570.0,0.0,0.0,21300.0,10500.0,31800.0,446,1236400.0,2399000.0,2121400.0,No,Never,Moderate,Moderate,0.7608,31.1,49200.0,42940.0,55.0,0.0394,0
64,Female,Software Engineer,Salaried,Married,2,66500.0,13300.0,0.0,0.0,79800.0,14400.0,8100.0,2600.0,4900.0,1900.0,9300.0,4700.0,1700.0,7400.0,14400.0,4000.0,73400.0,Vehicle Loan,4274000.0,12.7,240,49160.0,0.0,12600.0,0.0,3500.0,16100.0,367,493000.0,1317800.0,2154100.0,No,Occasionally,Low,Moderate,0.8178,20.23,-9700.0,19810.0,34.5,0.8632,1
64,Female,Analyst,Business,Divorced,2,127900.0,0.0,0.0,251200.0,379100.0,91100.0,10900.0,2500.0,5200.0,2200.0,9000.0,16200.0,3900.0,1900.0,12600.0,3600.0,159100.0,Vehicle Loan,7410000.0,14.9,12,668460.0,93600.0,0.0,0.0,0.0,93600.0,442,807200.0,7422700.0,9074000.0,No,Occasionally,Moderate,Low,2.0102,32.57,126400.0,77000.0,36.7,0.9373,1
25,Female,Accountant,Salaried,Married,0,74200.0,0.0,105000.0,0.0,82950.0,13700.0,10900.0,4400.0,1700.0,2300.0,12000.0,0.0,7200.0,2800.0,24000.0,7600.0,86600.0,Business Loan,4970000.0,9.4,180,51600.0,26600.0,5300.0,0.0,5700.0,37600.0,528,692100.0,1421100.0,47900.0,Yes,Frequently,Low,Low,1.0753,17.01,-41250.0,0.0,34.0,0.9577,1
59,Male,Sales Executive,Salaried,Married,0,33800.0,0.0,0.0,0.0,33800.0,6800.0,10400.0,5400.0,2600.0,700.0,11000.0,0.0,10500.0,11500.0,8100.0,1100.0,68100.0,Personal Loan,541000.0,13.7,120,8300.0,0.0,0.0,0.0,0.0,0.0,802,241300.0,116900.0,663000.0,No,Never,Moderate,Low,0.2456,5.26,-34300.0,15210.0,62.3,0.1853,0
24,Male,Doctor,Salaried,Married,4,40500.0,11500.0,85000.0,0.0,59083.333333333336,10800.0,20200.0,4200.0,3100.0,2400.0,8500.0,18800.0,11900.0,11900.0,4100.0,4700.0,100600.0,Business Loan,1088000.0,9.3,36,34750.0,0.0,7200.0,0.0,11600.0,18800.0,734,314000.0,672500.0,1602200.0,No,Never,Moderate,Moderate,0.9063,8.26,-60316.67,7790.0,47.4,0.7192,1
26,Male,Doctor,Salaried,Divorced,0,65800.0,0.0,191000.0,0.0,81716.66666666667,24600.0,14800.0,7200.0,5200.0,1200.0,8800.0,0.0,1400.0,9800.0,14400.0,6400.0,93800.0,Vehicle Loan,3402000.0,15.1,12,307220.0,0.0,0.0,0.0,14600.0,14600.0,312,179500.0,1062800.0,1675800.0,No,Occasionally,Low,Low,3.9382,11.46,-26683.33,22170.0,23.7,1.0,1
52,Male,Manager,Salaried,Married,3,61000.0,0.0,179000.0,0.0,75916.66666666667,25100.0,15300.0,3600.0,5500.0,1400.0,11400.0,3900.0,3100.0,6700.0,6200.0,6200.0,88400.0,Education Loan,1052000.0,10.7,24,48890.0,0.0,0.0,0.0,0.0,0.0,358,427500.0,459200.0,1260500.0,Yes,Never,Low,High,0.644,10.03,-12483.33,34160.0,35.0,0.9799,1
50,Male,Doctor,Salaried,Single,0,36700.0,0.0,0.0,0.0,36700.0,10600.0,6200.0,7600.0,2400.0,2100.0,11600.0,0.0,11200.0,10900.0,11500.0,3600.0,77700.0,Business Loan,1978000.0,14.0,12,177600.0,0.0,0.0,0.0,0.0,0.0,753,75100.0,368300.0,193700.0,Yes,Never,High,Moderate,4.8392,5.71,-41000.0,16520.0,35.3,1.0,1
55,Male,Manager,Salaried,Married,0,23000.0,20300.0,55000.0,0.0,47883.333333333336,10000.0,15200.0,8200.0,4400.0,1800.0,10100.0,0.0,12400.0,2200.0,6300.0,4700.0,75300.0,Business Loan,529000.0,16.8,36,18810.0,0.0,0.0,0.0,13600.0,13600.0,868,107600.0,896400.0,1365500.0,No,Occasionally,Low,Low,0.6769,11.29,-41016.67,7950.0,51.8,0.0611,0
60,Female,Doctor,Self-Employed,Married,1,253700.0,0.0,484000.0,0.0,294033.3333333333,66500.0,10700.0,3000.0,1400.0,2300.0,9400.0,12400.0,4300.0,11400.0,22300.0,1000.0,144700.0,Personal Loan,17372000.0,12.6,12,1548360.0,75100.0,0.0,0.0,0.0,75100.0,649,821200.0,1740900.0,5525000.0,No,Occasionally,Moderate,Low,5.5213,11.66,74233.33,57220.0,46.6,1.0,1
36,Male,Accountant,Salaried,Married,0,45700.0,0.0,109000.0,0.0,54783.333333333336,7200.0,8000.0,7200.0,3000.0,1300.0,2200.0,0.0,4200.0,4900.0,9500.0,4700.0,52200.0,Business Loan,2909000.0,9.5,60,61090.0,17400.0,0.0,0.0,0.0,17400.0,399,368000.0,385000.0,166000.0,No,Never,High,Low,1.4327,10.82,-14816.67,7250.0,21.9,0.9995,1
33,Female,Sales Executive,Salaried,Married,2,41700.0,6800.0,0.0,0.0,48500.0,13900.0,18700.0,9700.0,3400.0,1200.0,10100.0,5700.0,2200.0,10500.0,19800.0,5100.0,100300.0,Business Loan,2482000.0,16.8,120,42820.0,0.0,0.0,0.0,0.0,0.0,586,337400.0,885500.0,1349700.0,No,Never,Moderate,Moderate,0.8829,12.19,-51800.0,21820.0,38.4,0.9321,1
62,Male,Analyst,Salaried,Single,1,51900.0,0.0,0.0,0.0,51900.0,12900.0,19100.0,3500.0,4800.0,600.0,3800.0,17800.0,3100.0,8400.0,23800.0,7100.0,104900.0,Home Loan,1422000.0,11.3,12,125880.0,0.0,0.0,0.0,6800.0,6800.0,568,61800.0,145000.0,804400.0,Yes,Never,Low,High,2.5565,1.85,-59800.0,16560.0,16.2,1.0,1
50,Male,Teacher,Salaried,Married,0,43400.0,0.0,0.0,0.0,43400.0,14100.0,16800.0,9300.0,5500.0,1400.0,7200.0,0.0,1100.0,11600.0,23600.0,2500.0,93100.0,Vehicle Loan,1443000.0,15.2,12,130380.0,0.0,0.0,0.0,10700.0,10700.0,648,290100.0,769200.0,204700.0,Yes,Occasionally,Low,Low,3.2507,10.21,-60400.0,8830.0,37.8,1.0,1
39,Female,Other,Salaried,Single,0,52100.0,13500.0,96000.0,0.0,73600.0,11100.0,5900.0,6800.0,2700.0,1900.0,5500.0,0.0,9300.0,10500.0,14100.0,6800.0,74600.0,Personal Loan,2215000.0,10.9,48,57140.0,0.0,12500.0,9800.0,0.0,22300.0,796,61000.0,498500.0,500200.0,No,Occasionally,Low,High,1.0793,5.77,-23300.0,10820.0,39.0,0.736,1
37,Female,Doctor,Business,Single,1,93300.0,0.0,0.0,185800.0,279100.0,80900.0,13000.0,6700.0,3600.0,1100.0,4800.0,8800.0,13700.0,10800.0,24600.0,6000.0,174000.0,Business Loan,16553000.0,10.6,48,424610.0,0.0,0.0,33400.0,0.0,33400.0,355,2539100.0,2922300.0,8103500.0,No,Occasionally,Low,Moderate,1.641,26.33,71700.0,92200.0,35.0,0.9689,1
39,Male,Analyst,Salaried,Single,0,46100.0,19100.0,126000.0,0.0,75700.0,20500.0,5300.0,2400.0,4200.0,1400.0,4400.0,0.0,3100.0,7900.0,17100.0,5700.0,72000.0,Vehicle Loan,523000.0,14.2,240,6580.0,0.0,0.0,0.0,5600.0,5600.0,601,597800.0,1000300.0,991600.0,Yes,Frequently,Low,Moderate,0.1609,20.59,-1900.0,28460.0,67.8,0.0194,0
48,Female,Analyst,Salaried,Married,2,27400.0,0.0,0.0,0.0,27400.0,4600.0,21500.0,8000.0,2600.0,900.0,10400.0,5600.0,11500.0,10200.0,5000.0,3800.0,84100.0,Personal Loan,712000.0,9.1,180,7260.0,0.0,0.0,0.0,0.0,0.0,799,202300.0,363900.0,345000.0,No,Occasionally,Low,Moderate,0.265,6.73,-56700.0,12330.0,62.7,0.1278,0
46,Female,Accountant,Self-Employed,Single,1,45200.0,0.0,0.0,0.0,45200.0,12100.0,9000.0,5800.0,5900.0,2000.0,9500.0,18800.0,9000.0,9300.0,22400.0,3600.0,107400.0,Business Loan,2633000.0,16.6,180,39780.0,0.0,0.0,0.0,0.0,0.0,759,125300.0,886800.0,659200.0,No,Never,High,Moderate,0.8801,9.42,-62200.0,20340.0,50.8,0.6412,1
57,Male,Software Engineer,Salaried,Single,0,38900.0,16500.0,64000.0,0.0,60733.333333333336,20100.0,6800.0,7800.0,5400.0,600.0,6800.0,0.0,14200.0,2800.0,12800.0,5900.0,83200.0,Education Loan,1538000.0,11.6,360,15350.0,0.0,0.0,0.0,0.0,0.0,488,600200.0,100900.0,1276300.0,No,Never,Moderate,Moderate,0.2527,8.43,-22466.67,27330.0,52.4,0.7732,1
46,Male,Software Engineer,Salaried,Married,1,99900.0,15300.0,0.0,0.0,115200.0,38000.0,18400.0,8500.0,2500.0,1900.0,8300.0,5000.0,12200.0,8100.0,5500.0,7900.0,116300.0,Home Loan,3100000.0,7.7,240,25350.0,0.0,0.0,0.0,6900.0,6900.0,661,1069200.0,1655700.0,1261500.0,No,Never,Low,High,0.2799,22.12,-8000.0,44940.0,54.4,0.0077,0
43,Other,Doctor,Self-Employed,Single,0,88000.0,0.0,154000.0,0.0,100833.33333333333,28200.0,17500.0,6200.0,3500.0,1300.0,11800.0,0.0,12900.0,2600.0,20200.0,3800.0,108000.0,Personal Loan,4005000.0,10.7,36,130550.0,0.0,0.0,12800.0,0.0,12800.0,495,519700.0,1720900.0,1273700.0,No,Occasionally,Low,Moderate,1.4217,18.55,-19966.67,32580.0,34.2,0.9656,1
29,Female,Other,Business,Single,0,51700.0,0.0,143000.0,91100.0,154716.66666666666,17300.0,13800.0,4100.0,2200.0,600.0,5400.0,0.0,9900.0,10600.0,16400.0,7400.0,87700.0,Education Loan,8494000.0,15.7,48,239420.0,49700.0,0.0,12500.0,12800.0,75000.0,828,128300.0,1884200.0,3463100.0,No,Frequently,Moderate,Low,2.0322,12.37,-7983.33,0.0,34.2,0.9268,1
32,Female,Doctor,Self-Employed,Single,0,25900.0,23800.0,53000.0,0.0,54116.666666666664,17200.0,5700.0,3100.0,3600.0,2200.0,7100.0,0.0,12400.0,1700.0,22300.0,5100.0,80400.0,Personal Loan,1147000.0,16.5,240,16390.0,0.0,0.0,0.0,0.0,0.0,447,290000.0,1057400.0,748800.0,No,Never,Moderate,Moderate,0.3029,16.76,-26283.33,24350.0,53.5,0.5172,1
21,Female,Doctor,Salaried,Single,3,26600.0,6400.0,70000.0,0.0,38833.333333333336,10300.0,16800.0,3300.0,4400.0,1500.0,6900.0,16800.0,5900.0,11900.0,21000.0,7100.0,105900.0,Personal Loan,2218000.0,13.5,60,51040.0,0.0,0.0,0.0,7600.0,7600.0,392,76200.0,347000.0,831300.0,No,Occasionally,Moderate,Moderate,1.51,3.73,-74666.67,9880.0,17.1,0.9999,1
21,Male,Manager,Salaried,Married,3,49400.0,0.0,45000.0,0.0,53150.0,9400.0,21400.0,8900.0,1400.0,1700.0,11300.0,12600.0,3900.0,5400.0,9400.0,2500.0,87900.0,Home Loan,1092000.0,10.6,60,23530.0,0.0,0.0,0.0,0.0,0.0,772,325800.0,810400.0,1534300.0,No,Never,High,Moderate,0.4427,12.93,-34750.0,23920.0,56.5,0.0702,0
54,Male,Sales Executive,Self-Employed,Single,2,58000.0,3200.0,160000.0,0.0,74533.33333333333,10900.0,16000.0,3000.0,5400.0,2000.0,4900.0,19900.0,13800.0,2900.0,7900.0,6300.0,93000.0,Education Loan,3715000.0,13.0,240,43520.0,13400.0,0.0,5300.0,0.0,18700.0,705,735800.0,1046500.0,2152200.0,No,Occasionally,Moderate,Moderate,0.8348,15.96,-37166.67,14840.0,48.5,0.2236,0
52,Male,Sales Executive,Salaried,Divorced,0,40600.0,0.0,0.0,0.0,40600.0,5200.0,5900.0,5100.0,4000.0,1800.0,11800.0,0.0,11300.0,11300.0,18900.0,6800.0,82100.0,Business Loan,819000.0,16.3,240,11580.0,0.0,0.0,0.0,6500.0,6500.0,757,312200.0,64800.0,544500.0,No,Occasionally,Low,Low,0.4453,4.26,-48000.0,11770.0,52.6,0.4407,0
45,Female,Other,Salaried,Married,0,38600.0,0.0,22000.0,0.0,40433.333333333336,4600.0,6400.0,4700.0,5900.0,2000.0,4400.0,0.0,2300.0,1500.0,15200.0,6800.0,53800.0,Vehicle Loan,364000.0,10.8,120,4970.0,0.0,0.0,5200.0,3500.0,8700.0,508,144000.0,465100.0,284100.0,No,Never,High,Moderate,0.3381,9.75,-22066.67,9500.0,55.7,0.7439,1
60,Female,Manager,Business,Single,1,36400.0,0.0,76000.0,68000.0,110733.33333333334,31900.0,18100.0,8900.0,1100.0,2000.0,2200.0,10300.0,13100.0,6200.0,3600.0,6500.0,103900.0,Education Loan,5501000.0,11.5,360,54480.0,0.0,0.0,14400.0,0.0,14400.0,857,470000.0,659700.0,834600.0,No,Occasionally,Low,Moderate,0.622,9.55,-7566.67,35430.0,60.0,0.0876,0
21,Female,Analyst,Salaried,Single,2,48500.0,0.0,140000.0,0.0,60166.666666666664,9600.0,15400.0,5800.0,5200.0,1700.0,3100.0,10700.0,5900.0,9500.0,6200.0,3100.0,76200.0,Personal Loan,1790000.0,13.2,48,48200.0,10100.0,0.0,0.0,0.0,10100.0,667,570000.0,664600.0,1478700.0,No,Frequently,Moderate,Low,0.969,14.31,-26133.33,16980.0,39.4,0.7279,1
36,Male,Manager,Self-Employed,Married,4,14900.0,0.0,10000.0,0.0,15733.333333333334,1700.0,21900.0,10000.0,5000.0,1200.0,5700.0,5200.0,5200.0,4500.0,5500.0,4700.0,70600.0,Education Loan,417000.0,16.8,12,37990.0,5000.0,0.0,0.0,0.0,5000.0,741,24300.0,280000.0,37600.0,No,Never,Moderate,Moderate,2.7324,4.03,-59866.67,2080.0,27.6,0.9999,1
59,Male,Doctor,Salaried,Married,0,28300.0,0.0,55000.0,0.0,32883.333333333336,6600.0,9200.0,7900.0,1700.0,1000.0,8100.0,0.0,9700.0,6800.0,15600.0,3100.0,69700.0,Vehicle Loan,942000.0,13.6,24,45050.0,0.0,0.0,0.0,0.0,0.0,511,294500.0,426600.0,39900.0,No,Never,Low,Low,1.37,10.35,-36816.67,14800.0,24.8,0.9969,1
25,Male,Software Engineer,Salaried,Single,0,35800.0,0.0,100000.0,0.0,44133.333333333336,9700.0,11500.0,8800.0,2700.0,2300.0,6700.0,0.0,9000.0,8700.0,4000.0,3400.0,66800.0,Education Loan,1705000.0,9.7,12,149660.0,0.0,0.0,0.0,0.0,0.0,813,53300.0,542100.0,902200.0,No,Frequently,Moderate,Moderate,3.3911,8.91,-22666.67,19860.0,33.0,1.0,1
42,Female,Business Owner,Salaried,Single,2,89700.0,0.0,0.0,0.0,89700.0,12800.0,21700.0,2800.0,5400.0,2400.0,5100.0,6000.0,8500.0,11500.0,6800.0,3100.0,86100.0,Vehicle Loan,1744000.0,8.4,48,42900.0,15100.0,0.0,0.0,6900.0,22000.0,863,398200.0,1235700.0,2449100.0,Yes,Never,High,Moderate,0.7235,15.11,-18400.0,18360.0,56.9,0.0198,0
49,Female,Other,Self-Employed,Married,2,32600.0,0.0,68000.0,0.0,38266.666666666664,4200.0,12600.0,4000.0,3600.0,1200.0,7200.0,11200.0,4600.0,2100.0,14500.0,3000.0,68200.0,Home Loan,691000.0,8.5,360,5310.0,0.0,5700.0,0.0,0.0,5700.0,584,290100.0,422400.0,265000.0,No,Occasionally,Moderate,Moderate,0.2877,9.64,-35633.33,11520.0,61.9,0.3062,0
23,Male,Analyst,Salaried,Single,2,53600.0,0.0,90000.0,0.0,61100.0,9000.0,17400.0,3100.0,3000.0,700.0,10200.0,5500.0,14400.0,2700.0,5100.0,5900.0,77000.0,Personal Loan,1930000.0,17.5,120,34160.0,16100.0,0.0,0.0,0.0,16100.0,305,259900.0,580900.0,100000.0,No,Frequently,Low,Moderate,0.8226,9.03,-32000.0,11400.0,30.5,0.9988,1
32,Female,Accountant,Salaried,Single,2,54900.0,13500.0,75000.0,0.0,74650.0,20100.0,10400.0,5700.0,5500.0,900.0,10200.0,5300.0,14300.0,6600.0,7700.0,5600.0,92300.0,Business Loan,520000.0,16.1,120,8740.0,22100.0,0.0,0.0,11900.0,34000.0,447,442300.0,605700.0,2005000.0,No,Occasionally,Moderate,High,0.5725,8.3,-51650.0,0.0,42.9,0.9811,1
46,Male,Business Owner,Self-Employed,Married,4,93800.0,0.0,0.0,0.0,93800.0,11300.0,13700.0,7700.0,1500.0,1800.0,9000.0,17900.0,1100.0,5600.0,22900.0,2400.0,94900.0,Education Loan,3785000.0,15.5,120,62230.0,0.0,0.0,0.0,2300.0,2300.0,766,484200.0,1341500.0,996600.0,Yes,Occasionally,Low,Low,0.688,18.78,-3400.0,39910.0,52.3,0.0173,0
36,Female,Business Owner,Self-Employed,Married,1,92200.0,15000.0,58000.0,0.0,112033.33333333333,26700.0,17000.0,3400.0,3400.0,800.0,11500.0,18700.0,5700.0,5500.0,18000.0,5800.0,116500.0,Home Loan,5630000.0,12.7,12,502060.0,31600.0,0.0,0.0,7600.0,39200.0,321,699500.0,1763300.0,1847600.0,No,Occasionally,Low,Low,4.8312,15.82,-43666.67,11220.0,16.4,1.0,1
57,Male,Manager,Business,Single,3,47600.0,0.0,0.0,39000.0,86600.0,11800.0,21800.0,3000.0,4300.0,2100.0,7500.0,19400.0,1600.0,4300.0,9100.0,3000.0,87900.0,Education Loan,3898000.0,14.6,12,351090.0,20900.0,0.0,0.0,13100.0,34000.0,734,183900.0,783000.0,2172600.0,No,Occasionally,Low,Low,4.4468,7.93,-35300.0,4970.0,35.8,1.0,1
42,Female,Teacher,Salaried,Married,4,38600.0,0.0,20000.0,0.0,40266.666666666664,6000.0,21400.0,6900.0,4000.0,2300.0,1100.0,14600.0,12900.0,7200.0,22200.0,2400.0,101000.0,Home Loan,1241000.0,8.8,36,39350.0,0.0,0.0,0.0,0.0,0.0,313,241300.0,73700.0,302000.0,No,Occasionally,Moderate,Moderate,0.9772,3.12,-60733.33,18120.0,20.5,0.9998,1
49,Male,Business Owner,Salaried,Single,2,35200.0,0.0,0.0,0.0,35200.0,7000.0,10200.0,3800.0,2300.0,2400.0,4200.0,16100.0,13400.0,10700.0,7800.0,6200.0,84100.0,Vehicle Loan,1271000.0,14.0,60,29570.0,0.0,0.0,0.0,0.0,0.0,676,347700.0,398500.0,634900.0,No,Never,Moderate,Low,0.8401,8.87,-48900.0,15840.0,44.2,0.7663,1
34,Female,Doctor,Business,Married,0,43500.0,3800.0,77000.0,24100.0,77816.66666666666,9700.0,7400.0,5800.0,3800.0,500.0,4600.0,0.0,8300.0,2800.0,15500.0,3500.0,61900.0,Home Loan,501000.0,16.0,24,24530.0,0.0,12300.0,6700.0,9800.0,28800.0,817,182200.0,925900.0,2314700.0,No,Frequently,High,Moderate,0.6853,12.22,-12883.33,6220.0,60.4,0.0716,0
48,Male,Software Engineer,Salaried,Married,0,39500.0,0.0,0.0,0.0,39500.0,5700.0,16800.0,2400.0,4500.0,2400.0,7000.0,0.0,12800.0,3400.0,10500.0,5000.0,70500.0,Vehicle Loan,2180000.0,8.2,12,189840.0,0.0,7800.0,0.0,0.0,7800.0,576,44900.0,399000.0,878500.0,No,Occasionally,Moderate,Low,5.0035,5.67,-38800.0,9980.0,23.8,1.0,1
25,Male,Software Engineer,Salaried,Married,1,64700.0,0.0,0.0,0.0,64700.0,12100.0,10000.0,7400.0,3900.0,2000.0,11000.0,8600.0,10800.0,8400.0,19300.0,2400.0,95900.0,Home Loan,2309000.0,10.6,360,21290.0,0.0,0.0,0.0,0.0,0.0,705,273200.0,507200.0,771200.0,No,Occasionally,Low,High,0.3291,8.14,-31200.0,29120.0,59.5,0.3863,0
50,Male,Sales Executive,Salaried,Divorced,1,60500.0,23900.0,156000.0,0.0,97400.0,17800.0,17500.0,6300.0,4400.0,700.0,10200.0,5700.0,8000.0,1600.0,10500.0,5300.0,88000.0,Education Loan,2182000.0,8.7,12,190520.0,0.0,10000.0,0.0,7000.0,17000.0,481,395100.0,1755400.0,2244100.0,Yes,Occasionally,High,High,2.1306,20.48,-7600.0,26830.0,26.6,0.9985,1
25,Male,Doctor,Self-Employed,Divorced,3,65900.0,24200.0,0.0,0.0,90100.0,25900.0,14000.0,7200.0,2300.0,1300.0,3600.0,7000.0,6100.0,8400.0,7700.0,2500.0,86000.0,Business Loan,1905000.0,10.2,48,48500.0,0.0,0.0,0.0,0.0,0.0,665,152700.0,913700.0,58900.0,No,Never,Low,High,0.5383,12.4,4100.0,40540.0,59.2,0.1189,0
32,Male,Accountant,Salaried,Married,0,92000.0,14800.0,0.0,0.0,106800.0,12700.0,17200.0,4200.0,5200.0,1900.0,6700.0,0.0,4700.0,4500.0,16000.0,2200.0,75300.0,Personal Loan,4409000.0,15.6,360,57870.0,0.0,0.0,0.0,2700.0,2700.0,600,633200.0,1728100.0,689900.0,No,Occasionally,Low,Low,0.5671,30.27,28800.0,45360.0,62.9,0.0042,0
36,Female,Business Owner,Self-Employed,Married,0,124400.0,0.0,0.0,0.0,124400.0,39200.0,16800.0,4200.0,3200.0,2400.0,8300.0,0.0,4600.0,4900.0,19100.0,3700.0,106400.0,Business Loan,4620000.0,11.0,24,215330.0,25900.0,0.0,0.0,0.0,25900.0,803,579300.0,1631700.0,2779100.0,No,Never,Low,Low,1.9391,16.71,-7900.0,30080.0,43.9,0.8732,1
46,Male,Sales Executive,Salaried,Single,2,52200.0,0.0,141000.0,0.0,63950.0,19400.0,8600.0,8400.0,5900.0,800.0,11900.0,10700.0,8900.0,5500.0,14300.0,6500.0,100900.0,Home Loan,980000.0,14.7,36,33830.0,0.0,0.0,0.0,0.0,0.0,609,540400.0,1020300.0,503100.0,No,Occasionally,Low,High,0.529,15.47,-36950.0,28780.0,56.6,0.3638,0
46,Female,Doctor,Salaried,Married,0,84900.0,18000.0,238000.0,0.0,122733.33333333333,35800.0,14800.0,7700.0,1100.0,800.0,1300.0,0.0,3300.0,4800.0,18500.0,2200.0,90300.0,Vehicle Loan,3381000.0,15.6,48,95130.0,0.0,0.0,0.0,0.0,0.0,484,554500.0,2169400.0,464400.0,No,Never,Low,High,0.7751,30.17,32433.33,55230.0,51.2,0.0395,0
41,Female,Manager,Salaried,Married,0,41100.0,0.0,0.0,0.0,41100.0,7300.0,6400.0,6600.0,2900.0,1400.0,6100.0,0.0,3400.0,10300.0,11700.0,1800.0,57900.0,Education Loan,1734000.0,16.1,24,84980.0,8800.0,8100.0,0.0,0.0,16900.0,379,405400.0,231100.0,361600.0,No,Never,Low,Low,2.4788,8.51,-33700.0,1600.0,21.8,1.0,1
59,Female,Software Engineer,Salaried,Married,1,88700.0,8500.0,107000.0,0.0,106116.66666666667,32400.0,9000.0,7000.0,1900.0,2400.0,11900.0,15400.0,1100.0,11400.0,20300.0,1200.0,114000.0,Personal Loan,2268000.0,16.7,24,111810.0,0.0,0.0,0.0,12800.0,12800.0,502,839200.0,1776900.0,545400.0,No,Frequently,Low,Moderate,1.1743,20.63,-20683.33,34950.0,28.4,0.746,1
56,Male,Sales Executive,Salaried,Single,2,83300.0,17400.0,0.0,0.0,100700.0,14700.0,14400.0,2800.0,3800.0,2400.0,11700.0,11700.0,9600.0,7000.0,15500.0,3900.0,97500.0,Personal Loan,3324000.0,13.8,120,51210.0,29900.0,0.0,0.0,0.0,29900.0,347,516700.0,1480400.0,1270800.0,No,Occasionally,Moderate,Low,0.8055,15.68,-26700.0,15420.0,40.5,0.9771,1
53,Male,Other,Salaried,Married,0,81200.0,9100.0,138000.0,0.0,101800.0,13300.0,12100.0,8800.0,2200.0,1000.0,4600.0,0.0,14900.0,7400.0,6500.0,3000.0,73800.0,Education Loan,1936000.0,10.4,60,41520.0,0.0,0.0,5800.0,6800.0,12600.0,768,584900.0,1187000.0,380300.0,No,Never,Low,High,0.5316,20.51,15400.0,33210.0,71.0,0.008,0
50,Female,Business Owner,Salaried,Married,3,51400.0,0.0,147000.0,0.0,63650.0,7100.0,14600.0,8200.0,4700.0,1100.0,1000.0,8300.0,13400.0,1800.0,22500.0,3000.0,85700.0,Home Loan,569000.0,9.1,60,11840.0,18400.0,0.0,0.0,2400.0,20800.0,597,555900.0,722700.0,1599600.0,No,Never,High,Low,0.5128,12.01,-42850.0,7840.0,55.1,0.5671,1
57,Female,Business Owner,Self-Employed,Divorced,1,35100.0,0.0,67000.0,0.0,40683.333333333336,13600.0,14100.0,6700.0,5400.0,2300.0,7500.0,13300.0,10900.0,8800.0,21200.0,7900.0,111700.0,Personal Loan,1072000.0,12.8,360,11690.0,12400.0,4300.0,0.0,9100.0,25800.0,578,319500.0,281400.0,952000.0,Yes,Never,Moderate,Moderate,0.9215,4.37,-96816.67,0.0,29.3,0.991,1
43,Male,Accountant,Self-Employed,Married,3,24400.0,9100.0,53000.0,0.0,37916.666666666664,6700.0,12400.0,9300.0,2100.0,2000.0,10500.0,19400.0,12000.0,7400.0,24200.0,2400.0,108400.0,Education Loan,1716000.0,8.6,180,17000.0,9900.0,0.0,0.0,2000.0,11900.0,481,255900.0,427400.0,349200.0,No,Occasionally,High,Low,0.7622,5.68,-82383.33,5160.0,34.8,0.9812,1
30,Male,Teacher,Self-Employed,Single,1,48000.0,0.0,0.0,0.0,48000.0,15800.0,6300.0,3300.0,1800.0,2400.0,4600.0,18300.0,6800.0,1600.0,15100.0,4200.0,80200.0,Home Loan,805000.0,17.1,360,11540.0,0.0,0.0,0.0,0.0,0.0,873,145700.0,398500.0,748700.0,No,Never,Moderate,Moderate,0.2404,6.79,-32200.0,21600.0,63.6,0.0454,0
25,Male,Other,Salaried,Single,0,105500.0,0.0,0.0,0.0,105500.0,17700.0,12000.0,7500.0,5400.0,2300.0,11300.0,0.0,5200.0,3200.0,17500.0,7900.0,90000.0,Education Loan,4906000.0,12.1,12,436120.0,0.0,0.0,0.0,8900.0,8900.0,778,464000.0,1887100.0,2706200.0,No,Frequently,Low,Moderate,4.2182,23.77,6600.0,38580.0,44.8,1.0,1
56,Other,Business Owner,Salaried,Single,0,42000.0,0.0,70000.0,0.0,47833.333333333336,15600.0,11200.0,9700.0,2800.0,900.0,4700.0,0.0,6200.0,3200.0,21900.0,1200.0,77400.0,Personal Loan,2000000.0,16.7,24,98600.0,0.0,9200.0,3700.0,4200.0,17100.0,731,381600.0,576800.0,1333100.0,No,Frequently,Low,Moderate,2.4188,10.14,-46666.67,4420.0,30.4,0.9997,1
54,Male,Analyst,Salaried,Single,0,72600.0,0.0,0.0,0.0,72600.0,23700.0,13700.0,4500.0,3200.0,2000.0,7700.0,0.0,2100.0,2900.0,3200.0,5900.0,68900.0,Business Loan,2389000.0,14.9,60,56710.0,24500.0,0.0,0.0,11900.0,36400.0,691,469100.0,485100.0,198400.0,No,Occasionally,Moderate,Moderate,1.2825,9.06,-32700.0,0.0,30.5,0.9041,1
51,Male,Other,Business,Married,1,74800.0,0.0,0.0,130800.0,205600.0,68000.0,15100.0,2100.0,2100.0,600.0,8900.0,11700.0,9900.0,8200.0,23000.0,3600.0,153200.0,Personal Loan,12013000.0,16.5,180,180640.0,0.0,0.0,0.0,0.0,0.0,349,1971000.0,769600.0,4453400.0,No,Never,High,Moderate,0.8786,17.89,52400.0,92520.0,44.3,0.9262,1
30,Female,Business Owner,Self-Employed,Married,0,42500.0,9400.0,0.0,0.0,51900.0,11600.0,16600.0,7900.0,3100.0,2100.0,4800.0,0.0,3400.0,11200.0,8200.0,7300.0,76200.0,Personal Loan,2781000.0,16.8,240,40370.0,0.0,0.0,5500.0,0.0,5500.0,692,456300.0,736200.0,210900.0,Yes,Frequently,Moderate,Low,0.8838,14.6,-29800.0,17860.0,51.2,0.4269,0
39,Male,Other,Self-Employed,Married,1,94700.0,0.0,0.0,0.0,94700.0,30000.0,12400.0,2100.0,2200.0,1700.0,4900.0,6400.0,11700.0,9400.0,3300.0,7400.0,91500.0,Business Loan,3407000.0,8.1,180,32760.0,0.0,0.0,0.0,14800.0,14800.0,624,431600.0,1290700.0,56900.0,No,Occasionally,High,Moderate,0.5022,16.2,-11600.0,27820.0,56.7,0.1533,0
52,Male,Doctor,Salaried,Married,1,11400.0,0.0,23000.0,0.0,13316.666666666666,4500.0,6100.0,9000.0,4300.0,2400.0,6200.0,16300.0,3700.0,6300.0,7500.0,3700.0,70000.0,Home Loan,475000.0,15.1,360,6040.0,0.0,0.0,0.0,0.0,0.0,728,43800.0,104400.0,31500.0,No,Occasionally,Moderate,Moderate,0.4536,2.12,-56683.33,5990.0,48.1,0.6418,1
21,Female,Other,Salaried,Single,0,26600.0,0.0,0.0,0.0,26600.0,4800.0,12800.0,2500.0,3500.0,2400.0,10200.0,0.0,4200.0,5400.0,15500.0,2600.0,63900.0,Education Loan,539000.0,9.9,36,17370.0,4600.0,4000.0,0.0,0.0,8600.0,452,44700.0,108600.0,459600.0,No,Never,Low,Low,0.9763,2.11,-45900.0,3370.0,19.1,0.9991,1
25,Female,Accountant,Salaried,Single,0,31000.0,0.0,0.0,0.0,31000.0,6300.0,13500.0,7200.0,4900.0,600.0,2100.0,0.0,14400.0,5300.0,3100.0,4000.0,61400.0,Home Loan,1724000.0,17.9,60,43680.0,0.0,0.0,0.0,0.0,0.0,650,135500.0,452800.0,350700.0,No,Occasionally,Moderate,High,1.409,9.58,-30400.0,13950.0,31.2,0.9885,1
24,Male,Manager,Salaried,Single,2,32500.0,17000.0,17000.0,0.0,50916.666666666664,14200.0,15300.0,5000.0,2600.0,800.0,7900.0,3400.0,2500.0,7600.0,2000.0,7800.0,69100.0,Home Loan,2764000.0,15.7,120,45790.0,0.0,0.0,5900.0,0.0,5900.0,868,135100.0,312500.0,181300.0,No,Occasionally,Moderate,Low,1.0152,5.97,-24083.33,17010.0,37.4,0.6183,1
36,Male,Manager,Salaried,Single,3,58000.0,15800.0,0.0,0.0,73800.0,12900.0,19700.0,3600.0,3500.0,1500.0,8500.0,6200.0,8000.0,5000.0,16700.0,3000.0,88600.0,Education Loan,3381000.0,7.5,180,31340.0,0.0,0.0,0.0,0.0,0.0,453,48600.0,1282500.0,1050200.0,No,Occasionally,Moderate,High,0.4247,15.02,-14800.0,33210.0,49.7,0.5826,1
44,Male,Manager,Business,Married,0,56700.0,0.0,59000.0,61300.0,122916.66666666666,35500.0,8500.0,9200.0,2300.0,2300.0,7100.0,0.0,1900.0,3500.0,12400.0,7900.0,90600.0,Home Loan,1479000.0,17.2,180,22970.0,0.0,21300.0,0.0,0.0,21300.0,639,222900.0,1819000.0,1874100.0,No,Never,Low,Moderate,0.3602,18.25,11016.67,34010.0,70.7,0.0272,0
36,Male,Doctor,Salaried,Single,0,59700.0,7300.0,0.0,0.0,67000.0,7900.0,6100.0,8000.0,5700.0,2100.0,11300.0,0.0,2300.0,7600.0,21400.0,6700.0,79100.0,Vehicle Loan,2928000.0,10.6,48,75110.0,0.0,0.0,7800.0,0.0,7800.0,305,321800.0,1203000.0,1582700.0,No,Occasionally,Low,Moderate,1.2375,17.55,-19900.0,22350.0,21.9,0.9977,1
22,Female,Sales Executive,Salaried,Single,4,66000.0,0.0,58000.0,0.0,70833.33333333333,16400.0,21300.0,4700.0,3600.0,2400.0,7600.0,12900.0,9900.0,5300.0,7900.0,2900.0,94900.0,Personal Loan,1340000.0,11.9,12,118990.0,0.0,0.0,0.0,0.0,0.0,780,635900.0,1395900.0,1410300.0,No,Never,Moderate,Moderate,1.6799,21.41,-24066.67,31880.0,42.4,0.6441,1
48,Male,Manager,Salaried,Single,0,30500.0,22300.0,0.0,0.0,52800.0,6900.0,7400.0,4300.0,1900.0,1700.0,8000.0,0.0,9800.0,1200.0,8500.0,6500.0,56200.0,Vehicle Loan,812000.0,13.9,240,10040.0,17100.0,0.0,0.0,0.0,17100.0,870,187400.0,394900.0,738100.0,No,Never,Moderate,High,0.514,7.94,-20500.0,6660.0,54.8,0.1015,0
52,Male,Software Engineer,Business,Married,4,26700.0,0.0,0.0,33900.0,60600.0,10500.0,18400.0,7900.0,2400.0,1000.0,7600.0,10100.0,3700.0,1200.0,3800.0,1300.0,67900.0,Education Loan,2833000.0,17.1,12,258520.0,0.0,0.0,3300.0,0.0,3300.0,767,284300.0,641000.0,589600.0,No,Never,Low,Moderate,4.3205,13.0,-10600.0,23970.0,44.8,1.0,1
47,Male,Doctor,Salaried,Married,0,59800.0,0.0,0.0,0.0,59800.0,9800.0,10900.0,8700.0,1400.0,600.0,8900.0,0.0,13200.0,4000.0,14400.0,4800.0,76700.0,Business Loan,3456000.0,17.2,12,315530.0,0.0,0.0,0.0,6800.0,6800.0,615,248100.0,518600.0,3600.0,No,Occasionally,Moderate,Moderate,5.3901,9.18,-23700.0,20110.0,35.4,1.0,1
40,Female,Sales Executive,Self-Employed,Married,3,35800.0,0.0,93000.0,0.0,43550.0,13500.0,16700.0,7700.0,1100.0,900.0,2500.0,18500.0,10800.0,6600.0,10400.0,3500.0,92200.0,Business Loan,479000.0,13.4,360,5450.0,0.0,0.0,0.0,0.0,0.0,310,174400.0,107800.0,1087100.0,Yes,Occasionally,Low,Low,0.1251,3.06,-48650.0,19600.0,43.5,0.9916,1
44,Female,Software Engineer,Business,Married,0,22400.0,16600.0,64000.0,35000.0,79333.33333333334,11800.0,12400.0,7100.0,3600.0,1900.0,10800.0,0.0,5200.0,4900.0,9800.0,4000.0,71500.0,Education Loan,1112000.0,10.8,36,36300.0,0.0,0.0,0.0,0.0,0.0,858,584300.0,689800.0,635400.0,No,Occasionally,Low,High,0.4576,17.82,7833.33,35700.0,72.4,0.0033,0
32,Female,Software Engineer,Salaried,Divorced,3,79700.0,0.0,147000.0,0.0,91950.0,27800.0,10400.0,3800.0,2700.0,2400.0,1500.0,9000.0,4500.0,1300.0,12500.0,4300.0,80200.0,Education Loan,1568000.0,10.4,360,14230.0,0.0,9000.0,0.0,0.0,9000.0,565,488000.0,867300.0,588200.0,No,Never,High,Moderate,0.2526,15.19,2750.0,32380.0,59.9,0.1148,0
55,Male,Software Engineer,Salaried,Single,0,98500.0,6400.0,0.0,0.0,104900.0,31300.0,17900.0,8800.0,5800.0,1100.0,8000.0,0.0,11600.0,3500.0,21500.0,4500.0,114000.0,Home Loan,6080000.0,11.3,12,538210.0,0.0,0.0,15100.0,11000.0,26100.0,766,459500.0,450500.0,2311800.0,Yes,Never,Low,Low,5.3795,6.5,-35200.0,21100.0,32.8,1.0,1
53,Female,Analyst,Salaried,Married,2,106800.0,0.0,0.0,0.0,106800.0,24000.0,18000.0,8000.0,1900.0,2300.0,7800.0,13500.0,11300.0,2100.0,4400.0,5600.0,98900.0,Personal Loan,4625000.0,9.4,180,48020.0,0.0,0.0,0.0,0.0,0.0,710,1010500.0,1899200.0,229600.0,Yes,Occasionally,Low,Moderate,0.4496,29.42,7900.0,48060.0,71.8,0.0014,0
53,Female,Accountant,Salaried,Married,0,53800.0,16100.0,0.0,0.0,69900.0,11100.0,10000.0,6100.0,5000.0,1300.0,3300.0,0.0,3100.0,11400.0,14000.0,5900.0,71200.0,Vehicle Loan,2957000.0,14.5,60,69570.0,0.0,0.0,0.0,0.0,0.0,781,218400.0,458300.0,550700.0,No,Never,Low,Moderate,0.9953,9.5,-1300.0,31460.0,42.8,0.4183,0
63,Male,Accountant,Self-Employed,Married,0,67000.0,0.0,0.0,0.0,67000.0,10500.0,6700.0,6100.0,2600.0,1100.0,1400.0,0.0,5900.0,4400.0,6500.0,7800.0,53000.0,Education Loan,2196000.0,13.0,48,58910.0,0.0,0.0,0.0,0.0,0.0,675,563600.0,1032700.0,874500.0,No,Never,High,Moderate,0.8793,30.12,14000.0,30150.0,60.3,0.0079,0
57,Male,Doctor,Self-Employed,Divorced,2,97200.0,8900.0,0.0,0.0,106100.0,22900.0,9100.0,6600.0,2100.0,1500.0,2500.0,9700.0,4000.0,1200.0,6900.0,6300.0,72800.0,Business Loan,3668000.0,15.6,60,88420.0,0.0,0.0,5600.0,0.0,5600.0,447,572200.0,259900.0,1405600.0,Yes,Never,Low,Low,0.8861,10.61,27700.0,42140.0,51.7,0.9641,1
32,Male,Software Engineer,Salaried,Single,1,35600.0,0.0,55000.0,0.0,40183.333333333336,4100.0,15400.0,8600.0,5800.0,1400.0,4000.0,4200.0,5100.0,8300.0,7900.0,5800.0,70600.0,Personal Loan,842000.0,8.5,12,73440.0,0.0,0.0,0.0,14600.0,14600.0,345,188700.0,63200.0,190300.0,No,Never,Moderate,Low,2.191,2.96,-45016.67,3480.0,13.2,1.0,1
23,Male,Other,Salaried,Married,3,85400.0,0.0,188000.0,0.0,101066.66666666667,23500.0,14400.0,7900.0,5000.0,2300.0,10700.0,19000.0,5000.0,3600.0,12600.0,3700.0,107700.0,Personal Loan,1364000.0,11.7,180,16110.0,0.0,0.0,7700.0,7600.0,15300.0,368,111000.0,2012700.0,121600.0,Yes,Never,Low,Low,0.3108,17.27,-21933.33,30180.0,50.5,0.5925,1
21,Male,Sales Executive,Salaried,Single,1,56300.0,17500.0,85000.0,0.0,80883.33333333333,27400.0,9200.0,8800.0,4200.0,1400.0,10400.0,6100.0,14700.0,7200.0,13400.0,1800.0,104600.0,Home Loan,3876000.0,10.0,24,178860.0,0.0,0.0,0.0,2300.0,2300.0,362,700100.0,269900.0,1141800.0,No,Occasionally,Low,Moderate,2.2398,9.07,-26016.67,34100.0,16.3,1.0,1
53,Male,Accountant,Salaried,Married,3,77400.0,20000.0,61000.0,0.0,102483.33333333333,14200.0,15300.0,6100.0,4500.0,1100.0,1700.0,6300.0,11500.0,2700.0,22000.0,1400.0,86800.0,Business Loan,3166000.0,13.1,360,35270.0,25600.0,6700.0,0.0,0.0,32300.0,459,314800.0,1593800.0,1099000.0,No,Occasionally,High,Low,0.6593,16.03,-16616.67,13820.0,45.7,0.8302,1
60,Male,Manager,Salaried,Single,1,53800.0,10400.0,124000.0,0.0,74533.33333333333,18100.0,14300.0,7000.0,6000.0,2200.0,4200.0,14000.0,11900.0,11800.0,22500.0,4300.0,116300.0,Personal Loan,1422000.0,12.4,60,31920.0,0.0,0.0,6900.0,0.0,6900.0,467,518300.0,930600.0,636900.0,No,Occasionally,High,High,0.5208,11.76,-48666.67,26640.0,48.4,0.9014,1
30,Female,Doctor,Salaried,Single,4,93700.0,0.0,0.0,0.0,93700.0,31900.0,21400.0,8800.0,4000.0,2500.0,10800.0,15300.0,4900.0,11700.0,15500.0,5700.0,132500.0,Business Loan,3730000.0,12.2,60,83350.0,0.0,0.0,0.0,1500.0,1500.0,391,825300.0,900100.0,760700.0,No,Never,High,Low,0.9055,12.88,-40300.0,40660.0,33.6,0.9911,1
63,Male,Sales Executive,Salaried,Married,4,54800.0,0.0,127000.0,0.0,65383.333333333336,20600.0,21000.0,3900.0,1500.0,1800.0,3600.0,15500.0,1000.0,8200.0,8500.0,5600.0,91200.0,Vehicle Loan,1080000.0,10.8,36,35260.0,0.0,0.0,9100.0,0.0,9100.0,577,365700.0,111200.0,988900.0,No,Never,Low,High,0.6785,4.75,-34916.67,20320.0,37.9,0.9681,1
64,Female,Doctor,Self-Employed,Married,0,23300.0,0.0,25000.0,0.0,25383.333333333332,7900.0,16100.0,5600.0,1300.0,1000.0,12000.0,0.0,1800.0,8800.0,20800.0,7700.0,83000.0,Business Loan,809000.0,15.1,24,39260.0,0.0,0.0,0.0,0.0,0.0,621,167200.0,183900.0,16500.0,No,Frequently,Low,Moderate,1.5467,4.23,-57616.67,11420.0,25.8,0.9982,1
49,Female,Analyst,Salaried,Single,3,101300.0,0.0,0.0,0.0,101300.0,30900.0,13100.0,7000.0,4300.0,1000.0,3800.0,17800.0,8700.0,5700.0,20200.0,3700.0,116200.0,Personal Loan,1566000.0,12.6,240,17900.0,0.0,0.0,0.0,0.0,0.0,590,378000.0,1833700.0,322400.0,No,Occasionally,High,High,0.1767,19.03,-14900.0,45580.0,65.4,0.0457,0
33,Female,Analyst,Salaried,Married,2,30500.0,0.0,0.0,0.0,30500.0,5400.0,16900.0,9300.0,4300.0,600.0,9100.0,12200.0,5000.0,11600.0,20400.0,5400.0,100200.0,Business Loan,1427000.0,9.6,360,12100.0,0.0,0.0,1500.0,0.0,1500.0,326,225800.0,555000.0,297600.0,No,Occasionally,Low,High,0.4459,7.68,-71200.0,12220.0,39.5,0.9807,1
32,Female,Software Engineer,Salaried,Married,0,91700.0,0.0,122000.0,0.0,101866.66666666667,32900.0,5400.0,2100.0,4700.0,700.0,5600.0,0.0,3700.0,5700.0,2400.0,7200.0,70400.0,Business Loan,2307000.0,13.2,36,77950.0,28600.0,14400.0,0.0,0.0,43000.0,746,686400.0,1262600.0,1466300.0,No,Frequently,Moderate,Moderate,1.1873,17.19,-11533.33,2840.0,43.6,0.2049,0
51,Male,Analyst,Business,Single,2,46900.0,3700.0,54000.0,81500.0,136600.0,45800.0,15700.0,3700.0,1500.0,2300.0,2500.0,16800.0,1700.0,3600.0,19300.0,3800.0,116700.0,Business Loan,4001000.0,13.8,240,49170.0,39700.0,0.0,0.0,1100.0,40800.0,676,645500.0,1628100.0,2843300.0,No,Occasionally,Moderate,High,0.6586,14.44,-20900.0,20670.0,53.0,0.1627,0
22,Female,Doctor,Salaried,Married,0,88300.0,3000.0,0.0,0.0,91300.0,20400.0,12200.0,3900.0,5700.0,700.0,3800.0,0.0,13300.0,2300.0,21600.0,4300.0,88200.0,Personal Loan,4247000.0,7.7,120,50860.0,23700.0,0.0,0.0,0.0,23700.0,328,596100.0,829600.0,802800.0,No,Never,Moderate,High,0.8166,12.74,-20600.0,17380.0,33.6,0.991,1
55,Male,Manager,Salaried,Married,2,86500.0,0.0,131000.0,0.0,97416.66666666667,18400.0,11000.0,4600.0,3800.0,1500.0,8400.0,17600.0,9400.0,3300.0,15900.0,7500.0,101400.0,Vehicle Loan,4021000.0,9.6,360,34100.0,0.0,0.0,0.0,2600.0,2600.0,462,291800.0,1532900.0,1949400.0,Yes,Occasionally,Low,High,0.3767,17.55,-6583.33,41240.0,49.3,0.4103,0
43,Male,Software Engineer,Salaried,Married,0,60800.0,0.0,0.0,0.0,60800.0,12400.0,9500.0,4300.0,4200.0,1900.0,4700.0,0.0,2500.0,7300.0,19300.0,4900.0,71000.0,Business Loan,1641000.0,10.0,48,41620.0,13000.0,0.0,0.0,0.0,13000.0,336,410400.0,1080800.0,706200.0,No,Never,Low,Low,0.8984,17.75,-23200.0,14360.0,31.3,0.9805,1
37,Female,Business Owner,Self-Employed,Single,0,63200.0,0.0,0.0,0.0,63200.0,11600.0,15600.0,6700.0,1200.0,2200.0,7600.0,0.0,11700.0,3700.0,19900.0,6600.0,86800.0,Vehicle Loan,563000.0,10.1,36,18190.0,18200.0,0.0,0.0,0.0,18200.0,810,435500.0,936800.0,1468900.0,Yes,Occasionally,Moderate,Moderate,0.5758,13.07,-41800.0,10240.0,60.9,0.0993,0
46,Male,Sales Executive,Salaried,Single,1,60600.0,22000.0,0.0,0.0,82600.0,12600.0,8100.0,9100.0,5800.0,800.0,3300.0,6400.0,11600.0,8200.0,13700.0,7500.0,87100.0,Personal Loan,4600000.0,10.0,180,49430.0,17100.0,0.0,0.0,8000.0,25100.0,303,390400.0,907000.0,1191000.0,No,Never,Low,Moderate,0.9023,11.56,-29600.0,12070.0,22.5,0.9967,1
28,Male,Software Engineer,Self-Employed,Married,1,17900.0,0.0,0.0,0.0,17900.0,4600.0,12100.0,7100.0,3800.0,1400.0,5900.0,18900.0,5100.0,5200.0,20700.0,5000.0,89800.0,Education Loan,97000.0,10.4,12,8550.0,0.0,2400.0,1700.0,0.0,4100.0,668,51400.0,233700.0,290700.0,No,Occasionally,High,Moderate,0.7067,3.04,-76000.0,3960.0,41.6,0.8812,1
49,Female,Doctor,Business,Divorced,3,52000.0,9300.0,87000.0,55100.0,123650.0,29800.0,23100.0,3900.0,3800.0,1000.0,6600.0,14700.0,3600.0,10800.0,20200.0,1800.0,119300.0,Business Loan,5614000.0,10.3,36,181940.0,0.0,15100.0,8100.0,0.0,23200.0,547,1005200.0,639900.0,1613900.0,No,Never,Moderate,Moderate,1.659,11.54,-18850.0,32440.0,33.7,0.9936,1
46,Female,Sales Executive,Self-Employed,Married,4,28100.0,0.0,65000.0,0.0,33516.666666666664,7200.0,19100.0,8900.0,5700.0,1000.0,5500.0,13500.0,12400.0,7100.0,23100.0,6800.0,110300.0,Vehicle Loan,1910000.0,16.8,180,29120.0,0.0,3800.0,1900.0,0.0,5700.0,821,256900.0,664700.0,133600.0,No,Frequently,Low,Moderate,1.0389,7.94,-82483.33,9380.0,49.2,0.5569,1
30,Female,Manager,Salaried,Single,1,53400.0,0.0,139000.0,0.0,64983.333333333336,8100.0,16200.0,7100.0,5600.0,1100.0,3200.0,10200.0,5600.0,7800.0,23200.0,6700.0,94800.0,Business Loan,1421000.0,10.9,180,16060.0,0.0,0.0,0.0,0.0,0.0,841,67700.0,1220500.0,333700.0,No,Never,Moderate,High,0.2471,13.59,-29816.67,29240.0,69.4,0.0066,0
46,Male,Teacher,Salaried,Married,0,27700.0,17400.0,0.0,0.0,45100.0,13500.0,15600.0,3800.0,2100.0,1700.0,6100.0,0.0,12900.0,7100.0,14200.0,1800.0,78800.0,Home Loan,413000.0,11.2,360,4000.0,0.0,0.0,0.0,7100.0,7100.0,690,234300.0,864800.0,541900.0,No,Occasionally,Low,Moderate,0.2461,12.8,-40800.0,13200.0,65.7,0.0543,0
54,Female,Doctor,Salaried,Married,2,27100.0,23000.0,67000.0,0.0,55683.333333333336,8000.0,10900.0,4900.0,5700.0,500.0,8600.0,10500.0,1600.0,10700.0,2700.0,4800.0,68900.0,Home Loan,1043000.0,10.3,360,9390.0,12600.0,0.0,7300.0,0.0,19900.0,417,76600.0,232200.0,165100.0,Yes,Never,Low,Moderate,0.526,3.48,-33116.67,5160.0,37.1,0.9907,1
61,Male,Accountant,Unemployed,Single,1,109400.0,0.0,0.0,0.0,109400.0,14100.0,9100.0,8300.0,4700.0,1300.0,11600.0,11500.0,8000.0,1700.0,2400.0,4400.0,77100.0,Personal Loan,2433000.0,17.7,180,38660.0,29500.0,0.0,0.0,0.0,29500.0,851,386800.0,1466300.0,460100.0,No,Never,Low,High,0.623,17.38,2800.0,19730.0,62.2,0.0279,0
27,Female,Teacher,Salaried,Divorced,1,83700.0,0.0,0.0,0.0,83700.0,21400.0,16600.0,7900.0,1100.0,900.0,9700.0,16300.0,3500.0,1700.0,23600.0,6900.0,109600.0,Vehicle Loan,2496000.0,13.1,36,84220.0,12800.0,7500.0,12300.0,0.0,32600.0,300,377600.0,1127500.0,1566200.0,No,Never,Moderate,Low,1.3957,10.58,-58500.0,5060.0,17.3,0.9999,1
24,Female,Sales Executive,Salaried,Divorced,0,48900.0,7400.0,89000.0,0.0,63716.666666666664,12700.0,14500.0,6600.0,2200.0,2400.0,2800.0,0.0,10400.0,8700.0,9800.0,2900.0,73000.0,Vehicle Loan,2159000.0,13.9,36,73680.0,15800.0,0.0,0.0,0.0,15800.0,600,138900.0,493600.0,1210400.0,No,Never,High,Low,1.4043,7.12,-25083.33,12870.0,23.2,0.9959,1
31,Female,Analyst,Self-Employed,Single,1,53800.0,0.0,0.0,0.0,53800.0,6200.0,6800.0,3200.0,3100.0,1700.0,4000.0,8000.0,15000.0,9400.0,10700.0,4000.0,72100.0,Business Loan,2415000.0,15.2,60,57710.0,0.0,6100.0,0.0,13000.0,19100.0,681,266600.0,938200.0,205700.0,No,Occasionally,Moderate,Low,1.4277,13.21,-37400.0,5110.0,37.3,0.9353,1
49,Female,Doctor,Salaried,Divorced,0,43300.0,7100.0,0.0,0.0,50400.0,9500.0,8500.0,8400.0,3900.0,2200.0,1900.0,0.0,6800.0,5800.0,12800.0,5200.0,65000.0,Home Loan,2749000.0,11.0,360,26180.0,0.0,6700.0,0.0,3400.0,10100.0,596,363300.0,799600.0,1291000.0,No,Never,Low,Low,0.7198,15.48,-24700.0,12580.0,51.6,0.5314,1
56,Male,Sales Executive,Salaried,Single,2,65200.0,18300.0,0.0,0.0,83500.0,24500.0,13600.0,4500.0,4500.0,900.0,2500.0,5200.0,2400.0,4900.0,8100.0,4600.0,75700.0,Business Loan,2552000.0,17.7,12,233600.0,0.0,0.0,0.0,14700.0,14700.0,623,388400.0,1225200.0,2146100.0,No,Never,Moderate,Low,2.9737,17.85,-6900.0,22880.0,34.7,0.9999,1
45,Female,Analyst,Salaried,Married,1,35000.0,2900.0,0.0,0.0,37900.0,9600.0,17600.0,8200.0,2100.0,2100.0,3800.0,17000.0,5400.0,4100.0,15600.0,7700.0,93200.0,Business Loan,1745000.0,9.1,12,152680.0,0.0,0.0,0.0,0.0,0.0,813,103300.0,58700.0,431800.0,No,Frequently,Moderate,Moderate,4.0285,1.74,-55300.0,17060.0,29.5,1.0,1
41,Female,Manager,Salaried,Married,3,80600.0,0.0,224000.0,0.0,99266.66666666667,18900.0,15900.0,7200.0,5200.0,1300.0,3200.0,13600.0,13500.0,3600.0,20000.0,7700.0,110100.0,Personal Loan,1191000.0,12.3,360,12530.0,27700.0,5200.0,0.0,6100.0,39000.0,572,440800.0,1967500.0,1482900.0,No,Occasionally,Low,High,0.5191,16.15,-49833.33,5670.0,54.1,0.3179,0
56,Male,Manager,Self-Employed,Married,1,43200.0,0.0,127000.0,0.0,53783.333333333336,8000.0,19000.0,4100.0,5200.0,900.0,3400.0,12200.0,11700.0,11000.0,7900.0,1600.0,85000.0,Education Loan,1241000.0,9.0,180,12590.0,9100.0,0.0,0.0,6300.0,15400.0,787,329600.0,787900.0,1293300.0,Yes,Never,Low,Low,0.5204,11.13,-46616.67,8800.0,63.0,0.1481,0
30,Female,Software Engineer,Salaried,Married,0,39700.0,16800.0,42000.0,0.0,60000.0,15500.0,18000.0,3700.0,4200.0,2000.0,3500.0,0.0,4300.0,4200.0,19100.0,3100.0,77600.0,Personal Loan,690000.0,15.8,48,19480.0,0.0,0.0,0.0,3900.0,3900.0,692,563700.0,1165200.0,1372900.0,No,Never,Low,Moderate,0.3897,21.21,-21500.0,23100.0,62.8,0.0136,0
57,Male,Accountant,Salaried,Married,3,49600.0,0.0,49000.0,0.0,53683.333333333336,17300.0,20900.0,3000.0,5600.0,2000.0,4300.0,16400.0,14400.0,8100.0,17500.0,1100.0,110600.0,Personal Loan,2311000.0,8.6,12,201670.0,17000.0,3500.0,0.0,4800.0,25300.0,599,281600.0,142200.0,584200.0,Yes,Occasionally,Low,High,4.2279,3.12,-82216.67,0.0,18.9,1.0,1
29,Female,Software Engineer,Salaried,Single,1,36500.0,0.0,80000.0,0.0,43166.666666666664,11300.0,15300.0,3900.0,5100.0,2500.0,2400.0,16700.0,9700.0,9700.0,14100.0,3900.0,94600.0,Personal Loan,2371000.0,13.3,120,35820.0,0.0,3700.0,0.0,9200.0,12900.0,739,385700.0,612600.0,410600.0,No,Never,Moderate,Low,1.1286,9.29,-64333.33,6520.0,39.6,0.8719,1
44,Female,Accountant,Self-Employed,Married,0,57800.0,20500.0,89000.0,0.0,85716.66666666667,26000.0,9500.0,3300.0,2100.0,2100.0,4100.0,0.0,3400.0,1200.0,9500.0,5600.0,66800.0,Business Loan,4620000.0,8.6,360,35850.0,0.0,0.0,7600.0,1100.0,8700.0,378,844600.0,1298700.0,1708400.0,Yes,Never,Moderate,Low,0.5197,28.39,10216.67,29870.0,47.9,0.2262,0
55,Female,Doctor,Self-Employed,Single,2,37500.0,0.0,0.0,0.0,37500.0,8600.0,8900.0,6900.0,5000.0,800.0,8600.0,9600.0,9000.0,1400.0,22100.0,4300.0,85200.0,Business Loan,861000.0,12.3,120,12500.0,10600.0,0.0,0.0,0.0,10600.0,730,217900.0,83600.0,409000.0,No,Occasionally,Low,Moderate,0.616,3.15,-58300.0,6280.0,43.4,0.6734,1
55,Male,Business Owner,Salaried,Single,1,62000.0,4400.0,85000.0,0.0,73483.33333333333,20500.0,14000.0,6800.0,5800.0,1100.0,3600.0,7200.0,7300.0,4700.0,11300.0,1500.0,83800.0,Business Loan,1314000.0,10.4,60,28180.0,0.0,0.0,7500.0,0.0,7500.0,487,139400.0,163500.0,1519900.0,No,Never,Low,Moderate,0.4856,3.32,-17816.67,25570.0,36.4,0.9708,1
56,Female,Other,Salaried,Single,2,90000.0,20300.0,0.0,0.0,110300.0,35700.0,13100.0,6700.0,1700.0,1400.0,2900.0,15800.0,12500.0,8700.0,10600.0,2400.0,111500.0,Business Loan,2214000.0,17.0,12,201930.0,0.0,0.0,0.0,4300.0,4300.0,844,972300.0,1707800.0,428900.0,No,Occasionally,Low,Moderate,1.8697,23.14,-5500.0,45340.0,43.5,0.4674,1
38,Female,Teacher,Salaried,Married,1,34200.0,23900.0,85000.0,0.0,65183.333333333336,19100.0,10900.0,7100.0,5900.0,800.0,1700.0,13900.0,5800.0,3900.0,16800.0,2200.0,88100.0,Home Loan,1356000.0,8.1,360,10040.0,0.0,0.0,0.0,0.0,0.0,301,566600.0,1053100.0,1314200.0,No,Never,Moderate,Low,0.154,18.38,-22916.67,29330.0,51.2,0.7245,1
59,Female,Analyst,Business,Single,2,45900.0,3400.0,0.0,53700.0,103000.0,33700.0,17600.0,8500.0,1100.0,2100.0,6500.0,6500.0,13200.0,1000.0,23200.0,4600.0,118000.0,Vehicle Loan,981000.0,14.3,360,11860.0,0.0,0.0,0.0,0.0,0.0,359,901400.0,1884200.0,2426100.0,No,Never,High,Moderate,0.1151,23.61,-15000.0,46350.0,55.4,0.1877,0
52,Male,Teacher,Salaried,Single,0,61700.0,0.0,104000.0,0.0,70366.66666666667,14600.0,10500.0,9300.0,3600.0,1600.0,10300.0,0.0,12400.0,4200.0,13700.0,5700.0,85900.0,Home Loan,868000.0,14.8,12,78260.0,0.0,0.0,6000.0,0.0,6000.0,703,670600.0,1102600.0,1909600.0,No,Never,High,Moderate,1.1974,19.29,-21533.33,25670.0,35.0,0.5046,1
44,Male,Manager,Self-Employed,Single,1,39400.0,0.0,77000.0,0.0,45816.666666666664,14900.0,16500.0,3800.0,4900.0,2400.0,1600.0,18000.0,10400.0,2000.0,18600.0,3200.0,96300.0,Vehicle Loan,770000.0,16.8,48,22140.0,0.0,0.0,3700.0,0.0,3700.0,421,143200.0,255100.0,627000.0,No,Never,High,Moderate,0.564,3.98,-54183.33,16920.0,38.1,0.9905,1
43,Female,Accountant,Salaried,Single,4,61800.0,5400.0,65000.0,0.0,72616.66666666667,18500.0,17600.0,6700.0,5000.0,1700.0,7000.0,4000.0,4600.0,3400.0,12500.0,1900.0,82900.0,Business Loan,396000.0,16.7,12,36060.0,12500.0,0.0,0.0,0.0,12500.0,381,266300.0,1409200.0,1220600.0,No,Occasionally,High,Moderate,0.6687,17.56,-22783.33,20180.0,39.5,0.9471,1
52,Male,Analyst,Salaried,Married,2,64700.0,0.0,117000.0,0.0,74450.0,23600.0,10100.0,2600.0,4700.0,1500.0,8200.0,16100.0,14600.0,4700.0,7000.0,6600.0,99700.0,Home Loan,566000.0,17.8,48,16570.0,25800.0,11200.0,0.0,11600.0,48600.0,591,523200.0,452500.0,645300.0,Yes,Occasionally,Moderate,Moderate,0.8754,6.58,-73850.0,0.0,34.1,0.9806,1
57,Female,Manager,Salaried,Divorced,0,84300.0,8500.0,0.0,0.0,92800.0,10200.0,10500.0,3000.0,3600.0,600.0,7500.0,0.0,8700.0,2400.0,4900.0,7000.0,58400.0,Vehicle Loan,4029000.0,10.2,180,43790.0,0.0,0.0,0.0,13000.0,13000.0,417,543500.0,1375000.0,419000.0,Yes,Never,Low,Moderate,0.612,26.87,21400.0,28760.0,48.0,0.3163,0
32,Female,Analyst,Business,Single,0,36200.0,20000.0,61000.0,28300.0,89583.33333333334,23700.0,17300.0,7200.0,4300.0,800.0,10700.0,0.0,13700.0,8800.0,5100.0,2900.0,94500.0,Education Loan,3499000.0,10.4,240,34700.0,22900.0,10400.0,0.0,0.0,33300.0,878,783800.0,990600.0,465200.0,No,Occasionally,Moderate,High,0.7591,13.88,-38216.67,7010.0,63.4,0.0253,0
33,Female,Software Engineer,Salaried,Divorced,0,30600.0,0.0,0.0,0.0,30600.0,9500.0,15200.0,5900.0,4500.0,2200.0,10500.0,0.0,4000.0,3800.0,2500.0,3900.0,62000.0,Personal Loan,1744000.0,11.7,36,57680.0,0.0,5500.0,3100.0,0.0,8600.0,444,89300.0,101700.0,775300.0,Yes,Never,Moderate,Moderate,2.166,2.71,-40000.0,5170.0,11.0,1.0,1
43,Female,Manager,Business,Married,2,42000.0,15800.0,0.0,55500.0,113300.0,16300.0,10900.0,8100.0,3500.0,2500.0,1600.0,9300.0,14800.0,8300.0,14700.0,1600.0,91600.0,Vehicle Loan,3070000.0,13.1,36,103590.0,29900.0,0.0,0.0,0.0,29900.0,680,765300.0,2109100.0,1840500.0,No,Never,Low,Low,1.1782,23.66,-8200.0,21080.0,38.5,0.2334,0
45,Male,Software Engineer,Salaried,Married,2,30200.0,0.0,0.0,0.0,30200.0,8000.0,13500.0,5400.0,4000.0,1300.0,5000.0,19400.0,12400.0,7600.0,5000.0,2600.0,84200.0,Home Loan,889000.0,11.4,60,19510.0,0.0,0.0,3200.0,0.0,3200.0,460,284900.0,367600.0,340900.0,No,Occasionally,Low,High,0.752,7.47,-57200.0,10390.0,37.7,0.9898,1
55,Male,Software Engineer,Salaried,Married,2,65000.0,0.0,0.0,0.0,65000.0,19900.0,21000.0,3000.0,5200.0,2100.0,8400.0,4600.0,14300.0,10900.0,21900.0,6400.0,117700.0,Home Loan,567000.0,15.3,120,9250.0,19200.0,12700.0,0.0,12300.0,44200.0,356,165800.0,178400.0,1684700.0,No,Frequently,Low,Moderate,0.8223,2.13,-96900.0,0.0,21.5,0.9991,1
61,Male,Analyst,Salaried,Married,1,27400.0,3100.0,14000.0,0.0,31666.666666666668,5400.0,7700.0,9000.0,2600.0,1800.0,11500.0,11900.0,4000.0,2000.0,24600.0,3600.0,84100.0,Education Loan,424000.0,7.6,36,13210.0,0.0,4700.0,0.0,7000.0,11700.0,525,108200.0,262300.0,108100.0,No,Frequently,Low,Low,0.7866,3.87,-64133.33,2550.0,34.1,0.9924,1
50,Male,Sales Executive,Self-Employed,Single,2,157400.0,7500.0,178000.0,0.0,179733.33333333334,36200.0,11600.0,2700.0,3600.0,2400.0,9900.0,11600.0,7000.0,3400.0,13400.0,5200.0,107000.0,Vehicle Loan,7735000.0,7.7,120,92630.0,0.0,15300.0,22100.0,0.0,37400.0,481,785500.0,2792100.0,3204100.0,No,Never,Low,Moderate,0.7235,24.78,35333.33,43480.0,52.5,0.22,0
37,Male,Teacher,Salaried,Married,1,93700.0,0.0,195000.0,0.0,109950.0,26600.0,9700.0,3500.0,1000.0,1000.0,2900.0,13300.0,2400.0,10500.0,12300.0,7600.0,90800.0,Personal Loan,1971000.0,15.0,180,27590.0,20500.0,0.0,0.0,0.0,20500.0,715,145900.0,1401900.0,2608300.0,Yes,Occasionally,High,Moderate,0.4374,13.91,-1350.0,28980.0,63.8,0.0317,0
40,Female,Manager,Business,Married,0,49300.0,0.0,0.0,68000.0,117300.0,27000.0,12000.0,4200.0,4400.0,1600.0,4100.0,0.0,2900.0,10000.0,10000.0,6100.0,82300.0,Home Loan,5575000.0,16.8,120,96190.0,0.0,0.0,0.0,6900.0,6900.0,614,255700.0,615400.0,439600.0,Yes,Occasionally,Low,High,0.8789,9.77,28100.0,45880.0,52.5,0.7983,1
45,Female,Other,Business,Married,1,75600.0,0.0,0.0,53500.0,129100.0,14200.0,11800.0,10000.0,2000.0,1300.0,9400.0,18700.0,5000.0,3100.0,16700.0,4200.0,96400.0,Business Loan,5656000.0,15.7,120,93690.0,41700.0,11500.0,0.0,0.0,53200.0,819,533200.0,1525800.0,466900.0,No,Occasionally,Low,Moderate,1.1378,13.76,-20500.0,4900.0,43.7,0.2348,0
42,Female,Sales Executive,Business,Married,4,21600.0,0.0,0.0,38400.0,60000.0,7500.0,13100.0,5300.0,3400.0,1600.0,6200.0,7600.0,14300.0,2200.0,16000.0,3600.0,80800.0,Business Loan,2766000.0,8.7,24,125980.0,0.0,10000.0,0.0,0.0,10000.0,669,72400.0,412100.0,60100.0,No,Occasionally,High,Low,2.2663,5.34,-30800.0,17000.0,27.0,0.9999,1
33,Female,Teacher,Salaried,Single,2,173100.0,0.0,0.0,0.0,173100.0,21700.0,16800.0,6000.0,2100.0,1000.0,7000.0,14000.0,10300.0,10400.0,9900.0,2300.0,101500.0,Vehicle Loan,7440000.0,17.3,48,215840.0,0.0,0.0,10800.0,1200.0,12000.0,875,682900.0,1907200.0,4891600.0,No,Occasionally,High,Low,1.3162,22.82,59600.0,65900.0,64.9,0.0105,0
39,Other,Manager,Self-Employed,Married,1,36500.0,0.0,0.0,0.0,36500.0,6000.0,7400.0,8200.0,1100.0,1500.0,7700.0,11400.0,5400.0,3000.0,9900.0,6300.0,67900.0,Education Loan,1603000.0,13.0,12,143180.0,0.0,0.0,4700.0,11700.0,16400.0,304,102900.0,257000.0,757900.0,No,Never,Moderate,Moderate,4.3721,4.27,-47800.0,20.0,15.1,1.0,1
56,Female,Accountant,Self-Employed,Married,2,46200.0,24500.0,0.0,0.0,70700.0,11400.0,16500.0,7100.0,3400.0,1700.0,2100.0,7500.0,14400.0,10600.0,16800.0,1800.0,93300.0,Personal Loan,2480000.0,15.3,60,59390.0,16800.0,0.0,0.0,0.0,16800.0,469,616000.0,737400.0,151500.0,No,Occasionally,High,Low,1.0777,12.29,-39400.0,15020.0,29.9,0.9889,1
32,Female,Teacher,Salaried,Single,3,19400.0,7500.0,56000.0,0.0,31566.666666666668,9000.0,17100.0,8700.0,3100.0,700.0,10400.0,6200.0,11400.0,11600.0,14800.0,1400.0,94400.0,Vehicle Loan,1335000.0,9.6,36,42830.0,10200.0,0.0,0.0,0.0,10200.0,661,198300.0,536700.0,635700.0,No,Never,Low,Moderate,1.6799,7.03,-73033.33,4000.0,31.0,0.9981,1
61,Female,Other,Salaried,Single,1,62500.0,0.0,179000.0,0.0,77416.66666666667,18800.0,12900.0,5900.0,3100.0,2000.0,10500.0,19300.0,13700.0,3400.0,18500.0,1700.0,109800.0,Vehicle Loan,2628000.0,13.3,36,88930.0,0.0,0.0,0.0,0.0,0.0,479,699500.0,389300.0,705100.0,No,Occasionally,Moderate,Moderate,1.1487,9.92,-32383.33,34840.0,28.8,0.996,1
39,Male,Doctor,Salaried,Married,0,28200.0,0.0,36000.0,0.0,31200.0,9100.0,4900.0,9800.0,2000.0,1900.0,6200.0,0.0,14000.0,10200.0,23700.0,2700.0,84500.0,Personal Loan,510000.0,11.0,48,13180.0,9800.0,0.0,0.0,6300.0,16100.0,480,75700.0,32300.0,102300.0,No,Occasionally,Low,Moderate,0.9385,1.07,-69400.0,0.0,22.9,0.9987,1
32,Male,Software Engineer,Salaried,Married,4,51600.0,20800.0,0.0,0.0,72400.0,8500.0,20900.0,8400.0,5700.0,2300.0,7900.0,13300.0,11500.0,5700.0,19900.0,5400.0,109500.0,Home Loan,1229000.0,17.7,360,18220.0,0.0,0.0,0.0,0.0,0.0,312,92400.0,285600.0,2155100.0,No,Occasionally,Moderate,High,0.2517,3.45,-37100.0,32580.0,44.9,0.9915,1
29,Male,Doctor,Salaried,Married,3,37300.0,17000.0,74000.0,0.0,60466.666666666664,13400.0,16000.0,5200.0,1000.0,1400.0,8300.0,16300.0,4400.0,9700.0,9000.0,7000.0,91700.0,Business Loan,1650000.0,12.5,120,24150.0,18700.0,0.0,0.0,0.0,18700.0,511,233600.0,1027600.0,326300.0,No,Occasionally,Low,Moderate,0.7087,11.42,-49933.33,8510.0,43.8,0.9412,1
27,Female,Sales Executive,Salaried,Married,0,28600.0,11800.0,84000.0,0.0,47400.0,8600.0,9800.0,5100.0,5500.0,600.0,3100.0,0.0,15000.0,5500.0,19500.0,7900.0,80600.0,Home Loan,273000.0,15.4,240,3680.0,0.0,3100.0,0.0,7500.0,10600.0,414,49100.0,421200.0,1135500.0,No,Occasionally,Moderate,Low,0.3013,5.16,-43800.0,10730.0,44.2,0.9709,1
48,Female,Software Engineer,Salaried,Married,1,32800.0,0.0,0.0,0.0,32800.0,10200.0,14400.0,9400.0,4700.0,1400.0,2200.0,15100.0,5600.0,1800.0,12400.0,6100.0,83300.0,Education Loan,1768000.0,13.8,60,40960.0,0.0,0.0,0.0,12700.0,12700.0,335,291700.0,493800.0,867300.0,Yes,Occasionally,Low,Low,1.636,8.18,-63200.0,2060.0,20.5,1.0,1
34,Male,Manager,Salaried,Single,1,54900.0,0.0,0.0,0.0,54900.0,15200.0,14500.0,7500.0,1900.0,800.0,1200.0,5800.0,10400.0,8800.0,19900.0,2000.0,88000.0,Personal Loan,1085000.0,8.5,120,13450.0,0.0,9800.0,0.0,0.0,9800.0,838,125600.0,87000.0,873400.0,Yes,Never,Moderate,Moderate,0.4235,2.17,-42900.0,14900.0,51.7,0.3414,0
51,Male,Sales Executive,Salaried,Single,0,25800.0,0.0,0.0,0.0,25800.0,8200.0,4200.0,7000.0,3400.0,1800.0,11000.0,0.0,12800.0,2700.0,22400.0,2900.0,76400.0,Home Loan,202000.0,13.2,36,6830.0,6000.0,0.0,2000.0,2200.0,10200.0,528,47500.0,97500.0,755400.0,Yes,Occasionally,Low,Moderate,0.6601,1.67,-60800.0,1410.0,32.4,0.9836,1
39,Female,Other,Salaried,Single,4,33700.0,24800.0,0.0,0.0,58500.0,6500.0,13800.0,8100.0,5900.0,600.0,4800.0,5400.0,3500.0,11200.0,7700.0,1900.0,69400.0,Vehicle Loan,1658000.0,13.2,180,21200.0,0.0,9700.0,0.0,11600.0,21300.0,396,467100.0,690900.0,210400.0,No,Never,Low,Moderate,0.7265,12.77,-32200.0,5020.0,43.9,0.9786,1
36,Male,Analyst,Salaried,Single,1,68300.0,0.0,0.0,0.0,68300.0,19100.0,9300.0,6500.0,4200.0,1200.0,1900.0,17200.0,9500.0,5600.0,7500.0,1800.0,83800.0,Vehicle Loan,3405000.0,15.0,360,43050.0,0.0,7200.0,0.0,0.0,7200.0,390,496400.0,1003000.0,1968800.0,No,Never,Low,Low,0.7357,16.48,-22700.0,23540.0,38.9,0.9181,1
25,Male,Manager,Salaried,Single,3,180100.0,0.0,0.0,0.0,180100.0,42300.0,19500.0,3300.0,1600.0,700.0,6100.0,14600.0,6300.0,1900.0,12000.0,5000.0,113300.0,Education Loan,4836000.0,10.9,360,45690.0,0.0,24600.0,0.0,13800.0,38400.0,516,187500.0,2876200.0,381800.0,No,Frequently,Low,Low,0.4669,20.2,28400.0,42640.0,56.1,0.1168,0
55,Female,Teacher,Salaried,Married,0,62200.0,0.0,0.0,0.0,62200.0,19000.0,12100.0,4600.0,3300.0,500.0,1800.0,0.0,4400.0,3500.0,3200.0,7300.0,59700.0,Education Loan,1210000.0,16.5,180,18190.0,0.0,5200.0,0.0,0.0,5200.0,419,332200.0,822100.0,890700.0,No,Never,Low,Low,0.376,17.79,-2700.0,22790.0,51.5,0.4333,0
32,Male,Analyst,Salaried,Married,1,31000.0,0.0,0.0,0.0,31000.0,7000.0,16600.0,6500.0,3300.0,2400.0,1900.0,9100.0,1200.0,10500.0,17800.0,5800.0,82100.0,Personal Loan,1084000.0,14.0,36,37050.0,0.0,0.0,0.0,0.0,0.0,432,147700.0,476700.0,795200.0,No,Never,High,Low,1.1952,7.61,-51100.0,13950.0,21.9,0.9985,1
45,Male,Sales Executive,Salaried,Single,0,40800.0,8500.0,117000.0,0.0,59050.0,13900.0,14400.0,2100.0,5000.0,2500.0,6400.0,0.0,13200.0,4500.0,19200.0,6600.0,87800.0,Home Loan,2161000.0,7.9,60,43710.0,0.0,6000.0,0.0,0.0,6000.0,350,246500.0,245000.0,980000.0,No,Occasionally,Low,Moderate,0.8418,5.24,-34750.0,20570.0,29.7,0.9995,1
41,Female,Teacher,Self-Employed,Single,2,49800.0,0.0,0.0,0.0,49800.0,5600.0,19900.0,5500.0,5600.0,1600.0,6600.0,18400.0,2900.0,10400.0,9900.0,4600.0,91000.0,Vehicle Loan,2328000.0,14.9,360,29250.0,13900.0,0.0,0.0,4600.0,18500.0,877,84800.0,672600.0,871700.0,No,Occasionally,Moderate,Low,0.9588,6.92,-59700.0,3910.0,49.3,0.4421,0
56,Female,Other,Salaried,Single,1,41200.0,4700.0,86000.0,0.0,53066.666666666664,14200.0,11300.0,8000.0,1400.0,1000.0,7400.0,5000.0,13300.0,2900.0,12700.0,4300.0,81500.0,Personal Loan,2600000.0,17.0,360,37070.0,0.0,7300.0,0.0,0.0,7300.0,339,423500.0,481900.0,256300.0,Yes,Never,Moderate,Moderate,0.8361,10.2,-35733.33,16580.0,32.2,0.9976,1
43,Female,Doctor,Self-Employed,Married,2,77000.0,0.0,0.0,0.0,77000.0,13000.0,12800.0,3300.0,2600.0,2300.0,8200.0,11000.0,9400.0,6200.0,15600.0,7600.0,92000.0,Personal Loan,3376000.0,14.7,36,116530.0,24900.0,0.0,0.0,0.0,24900.0,582,214000.0,1415500.0,2273800.0,No,Occasionally,Low,Moderate,1.8368,13.94,-39900.0,9750.0,37.9,0.9989,1
36,Male,Teacher,Salaried,Single,0,54700.0,0.0,0.0,0.0,54700.0,5700.0,15600.0,2500.0,2500.0,2300.0,8400.0,0.0,9700.0,10700.0,3700.0,6100.0,67200.0,Vehicle Loan,287000.0,11.5,60,6310.0,0.0,0.0,0.0,5200.0,5200.0,806,265500.0,694200.0,379300.0,Yes,Never,Low,High,0.2104,13.26,-17700.0,19420.0,75.7,0.0103,0
59,Male,Doctor,Salaried,Single,0,77200.0,0.0,114000.0,0.0,86700.0,10100.0,7300.0,8700.0,6000.0,2200.0,5800.0,0.0,12600.0,1500.0,18400.0,4200.0,76800.0,Home Loan,443000.0,13.7,12,39710.0,0.0,6800.0,0.0,5100.0,11900.0,786,769000.0,979000.0,2234100.0,No,Occasionally,Low,Moderate,0.5953,19.71,-2000.0,27120.0,60.6,0.0128,0
62,Male,Software Engineer,Salaried,Divorced,0,41900.0,0.0,95000.0,0.0,49816.666666666664,16900.0,10500.0,6900.0,3800.0,1600.0,8100.0,0.0,8100.0,4300.0,14100.0,3300.0,77600.0,Business Loan,2927000.0,9.3,180,30210.0,0.0,6600.0,0.0,0.0,6600.0,508,175500.0,597200.0,1429600.0,No,Occasionally,Moderate,Moderate,0.7389,9.18,-34383.33,15820.0,37.7,0.9507,1
59,Female,Accountant,Salaried,Married,0,95100.0,0.0,0.0,0.0,95100.0,17700.0,6700.0,3400.0,5400.0,600.0,4400.0,0.0,6000.0,11000.0,16400.0,1700.0,73300.0,Education Loan,1857000.0,13.8,24,88980.0,0.0,0.0,0.0,13500.0,13500.0,481,79800.0,1597200.0,801100.0,No,Never,Low,Low,1.0776,19.32,8300.0,29300.0,41.3,0.7923,1
34,Female,Business Owner,Self-Employed,Single,2,45100.0,23600.0,41000.0,0.0,72116.66666666667,22900.0,20800.0,8500.0,3100.0,700.0,5900.0,14300.0,2900.0,7600.0,18600.0,6700.0,112000.0,Home Loan,1481000.0,12.8,120,21940.0,0.0,9700.0,0.0,0.0,9700.0,677,645200.0,87600.0,1580500.0,Yes,Occasionally,Low,High,0.4387,6.02,-49583.33,22750.0,56.0,0.7111,1
51,Male,Manager,Salaried,Married,1,30200.0,19900.0,46000.0,0.0,53933.333333333336,18300.0,11700.0,7300.0,4600.0,2300.0,5300.0,19900.0,9000.0,8900.0,17500.0,2200.0,107000.0,Business Loan,2442000.0,7.8,120,29370.0,0.0,0.0,0.0,0.0,0.0,502,280000.0,935500.0,130000.0,No,Never,High,Moderate,0.5446,11.36,-53066.67,24270.0,44.9,0.915,1
25,Female,Business Owner,Salaried,Single,2,145600.0,0.0,0.0,0.0,145600.0,48900.0,11000.0,4700.0,2400.0,2300.0,4600.0,13300.0,8700.0,10300.0,4200.0,4600.0,115000.0,Business Loan,5385000.0,10.9,180,60870.0,0.0,0.0,0.0,0.0,0.0,820,760300.0,226300.0,3238600.0,No,Never,Moderate,Moderate,0.4181,8.58,30600.0,65520.0,68.6,0.0175,0
55,Male,Software Engineer,Salaried,Married,1,19700.0,0.0,0.0,0.0,19700.0,6300.0,15700.0,5000.0,5600.0,1400.0,3600.0,10800.0,5100.0,6800.0,20000.0,5500.0,85800.0,Vehicle Loan,601000.0,9.5,36,19250.0,0.0,1400.0,0.0,0.0,1400.0,566,113000.0,237800.0,286200.0,No,Never,Low,Moderate,1.0482,4.02,-67500.0,7460.0,22.9,0.9949,1
43,Male,Teacher,Salaried,Married,0,33900.0,14100.0,49000.0,0.0,52083.333333333336,16900.0,7400.0,3200.0,3300.0,1200.0,1900.0,0.0,9400.0,10300.0,16000.0,6200.0,75800.0,Business Loan,594000.0,11.6,240,6380.0,0.0,0.0,4800.0,13700.0,18500.0,369,115100.0,549400.0,184300.0,No,Occasionally,Moderate,Moderate,0.4777,7.05,-42216.67,4940.0,36.5,0.9848,1
49,Male,Software Engineer,Business,Single,0,35800.0,0.0,0.0,62500.0,98300.0,16900.0,17200.0,8700.0,5000.0,1800.0,6600.0,0.0,7200.0,8000.0,18400.0,1600.0,91400.0,Education Loan,932000.0,10.0,60,19800.0,0.0,0.0,0.0,0.0,0.0,329,716700.0,790000.0,2638300.0,No,Never,Moderate,Low,0.2014,16.48,6900.0,44240.0,59.1,0.6263,1
63,Male,Business Owner,Self-Employed,Married,0,171800.0,0.0,0.0,0.0,171800.0,23700.0,9100.0,6100.0,2300.0,2100.0,6900.0,0.0,12300.0,8500.0,8000.0,1100.0,80100.0,Personal Loan,7508000.0,16.3,48,213930.0,54600.0,18300.0,0.0,0.0,72900.0,522,463500.0,592000.0,3498800.0,No,Occasionally,Low,Moderate,1.6696,6.9,18800.0,4410.0,28.8,0.9991,1
31,Female,Business Owner,Salaried,Single,2,121000.0,0.0,0.0,0.0,121000.0,31400.0,17300.0,6500.0,4500.0,2000.0,4700.0,12400.0,8800.0,2700.0,7100.0,5900.0,103300.0,Home Loan,1434000.0,14.8,360,17900.0,0.0,0.0,0.0,5600.0,5600.0,770,406700.0,406200.0,612000.0,No,Never,Low,Low,0.1942,7.46,12100.0,48850.0,67.2,0.0395,0
38,Male,Manager,Salaried,Single,2,103500.0,21200.0,253000.0,0.0,145783.33333333334,32400.0,12800.0,9100.0,3000.0,1700.0,11700.0,15800.0,14100.0,11300.0,21000.0,4200.0,137100.0,Education Loan,4223000.0,15.3,360,54410.0,44700.0,0.0,0.0,4900.0,49600.0,632,947100.0,2201500.0,2330200.0,No,Never,Low,Low,0.7135,16.86,-40916.67,16000.0,51.9,0.2327,0
32,Male,Analyst,Salaried,Single,0,41600.0,0.0,121000.0,0.0,51683.333333333336,6400.0,15300.0,2100.0,1200.0,1000.0,7100.0,0.0,8300.0,9800.0,11000.0,2300.0,64500.0,Business Loan,2351000.0,11.3,24,109900.0,0.0,0.0,0.0,0.0,0.0,417,394000.0,163100.0,505300.0,No,Occasionally,High,Moderate,2.1264,8.64,-12816.67,23260.0,24.5,1.0,1
29,Female,Software Engineer,Self-Employed,Married,0,164900.0,0.0,216000.0,0.0,182900.0,49300.0,16600.0,2500.0,3100.0,1000.0,10800.0,0.0,13400.0,3800.0,15200.0,7900.0,123600.0,Personal Loan,10201000.0,7.5,12,885010.0,0.0,0.0,23300.0,4700.0,28000.0,720,1360900.0,2571200.0,3898900.0,No,Occasionally,Low,High,4.9919,25.94,31300.0,54300.0,49.5,1.0,1
30,Male,Accountant,Salaried,Single,3,58900.0,0.0,131000.0,0.0,69816.66666666667,16800.0,21000.0,3300.0,3800.0,1900.0,7300.0,5100.0,8300.0,7400.0,14700.0,6500.0,96100.0,Personal Loan,3704000.0,9.8,36,119170.0,0.0,5800.0,0.0,0.0,5800.0,759,90100.0,1383500.0,1314200.0,No,Never,Low,High,1.79,14.46,-32083.33,25620.0,42.1,0.9398,1
64,Female,Software Engineer,Salaried,Single,2,79900.0,0.0,92000.0,0.0,87566.66666666667,27700.0,19900.0,2200.0,1800.0,2100.0,3100.0,16100.0,8800.0,5100.0,15500.0,5000.0,107300.0,Business Loan,4599000.0,15.4,240,61920.0,14400.0,0.0,0.0,0.0,14400.0,631,671500.0,1222100.0,497900.0,Yes,Occasionally,Low,Low,0.8716,15.56,-34133.33,25000.0,46.8,0.7118,1
37,Female,Other,Business,Single,2,53600.0,0.0,151000.0,27700.0,93883.33333333333,23700.0,9400.0,7300.0,1900.0,700.0,11700.0,12900.0,6100.0,8300.0,3600.0,5900.0,91500.0,Education Loan,2321000.0,13.8,48,63190.0,0.0,0.0,5500.0,0.0,5500.0,550,638000.0,228000.0,681900.0,No,Occasionally,Low,Moderate,0.7317,8.93,-3116.67,36750.0,39.4,0.9136,1
58,Male,Sales Executive,Salaried,Single,1,47800.0,3600.0,104000.0,0.0,60066.666666666664,14600.0,18900.0,7100.0,3300.0,900.0,10700.0,11000.0,6600.0,11900.0,9000.0,2100.0,96100.0,Business Loan,3363000.0,13.2,60,76860.0,0.0,0.0,0.0,0.0,0.0,783,375300.0,678700.0,1269600.0,No,Occasionally,Low,Low,1.2796,10.97,-36033.33,27030.0,40.2,0.7792,1
27,Male,Sales Executive,Salaried,Married,0,43200.0,23800.0,108000.0,0.0,76000.0,16000.0,12700.0,3700.0,2700.0,1900.0,6200.0,0.0,14100.0,1500.0,3500.0,7700.0,70000.0,Home Loan,3238000.0,10.4,60,69440.0,0.0,0.0,0.0,9700.0,9700.0,672,736100.0,1280900.0,1539400.0,Yes,Never,Low,Moderate,1.0413,25.31,-3700.0,24500.0,41.3,0.1198,0
33,Male,Business Owner,Business,Single,4,44100.0,0.0,0.0,76800.0,120900.0,26100.0,24200.0,3200.0,3200.0,1300.0,3700.0,3100.0,4100.0,11500.0,13000.0,8000.0,101400.0,Personal Loan,6499000.0,8.3,24,294820.0,36200.0,0.0,15600.0,14400.0,66200.0,508,458800.0,2313700.0,1132500.0,Yes,Occasionally,Moderate,Low,2.9861,16.54,-46700.0,0.0,22.9,1.0,1
60,Male,Sales Executive,Salaried,Single,2,66500.0,0.0,133000.0,0.0,77583.33333333333,26300.0,17600.0,3200.0,3300.0,1600.0,3400.0,4200.0,2700.0,1800.0,22700.0,5500.0,92300.0,Vehicle Loan,767000.0,15.7,12,69480.0,0.0,0.0,0.0,13600.0,13600.0,440,542300.0,1150200.0,1113100.0,Yes,Occasionally,Low,Moderate,1.0708,15.98,-28316.67,21310.0,32.1,0.9889,1
62,Male,Doctor,Salaried,Married,0,58900.0,21300.0,107000.0,0.0,89116.66666666667,12000.0,6800.0,9600.0,1700.0,1700.0,9900.0,0.0,12600.0,6100.0,11000.0,5700.0,77100.0,Personal Loan,639000.0,7.9,240,5310.0,0.0,0.0,0.0,0.0,0.0,871,529900.0,613400.0,1249000.0,No,Occasionally,High,High,0.0596,14.83,12016.67,40100.0,79.3,0.001,0
29,Female,Accountant,Salaried,Married,2,48300.0,21900.0,60000.0,0.0,75200.0,15900.0,16500.0,7500.0,1900.0,2100.0,1800.0,6000.0,9100.0,6300.0,20000.0,5900.0,93000.0,Business Loan,2153000.0,8.1,60,43760.0,0.0,9100.0,0.0,0.0,9100.0,585,314800.0,434100.0,280700.0,No,Never,Low,Moderate,0.7029,7.33,-26900.0,24740.0,44.3,0.9014,1
47,Female,Sales Executive,Salaried,Married,2,104300.0,0.0,121000.0,0.0,114383.33333333333,30200.0,9300.0,6700.0,5200.0,2100.0,8000.0,12300.0,5000.0,4000.0,8600.0,5700.0,97100.0,Business Loan,5781000.0,10.6,24,268370.0,0.0,0.0,0.0,14900.0,14900.0,419,913700.0,1817800.0,2131200.0,No,Occasionally,Low,Low,2.4765,24.39,2383.33,36570.0,25.9,0.9996,1
22,Male,Teacher,Salaried,Married,0,11100.0,0.0,22000.0,0.0,12933.333333333334,2700.0,13700.0,4600.0,1800.0,1100.0,8000.0,0.0,7100.0,7200.0,21700.0,4100.0,72000.0,Vehicle Loan,355000.0,13.5,180,4610.0,0.0,0.0,0.0,0.0,0.0,583,56000.0,199800.0,102600.0,No,Never,Low,High,0.3564,3.55,-59066.67,5820.0,46.6,0.907,1
25,Female,Doctor,Business,Single,1,63300.0,0.0,143000.0,104800.0,180016.6666666667,30700.0,11700.0,5500.0,4300.0,1600.0,3000.0,18400.0,8300.0,10200.0,11600.0,4800.0,110100.0,Vehicle Loan,9659000.0,17.9,24,481750.0,32300.0,0.0,0.0,0.0,32300.0,450,1045200.0,1843600.0,2483700.0,No,Frequently,Moderate,Moderate,2.8556,20.29,37616.67,48710.0,34.4,0.9999,1
49,Female,Doctor,Salaried,Married,0,70200.0,0.0,41000.0,0.0,73616.66666666667,12700.0,6100.0,2700.0,3100.0,700.0,8800.0,0.0,9300.0,4200.0,10200.0,3000.0,60800.0,Personal Loan,1319000.0,8.5,120,16350.0,0.0,11800.0,0.0,0.0,11800.0,604,428900.0,195000.0,158500.0,No,Occasionally,Moderate,Low,0.3824,8.59,1016.67,21330.0,52.9,0.423,0
57,Female,Software Engineer,Self-Employed,Married,0,87000.0,0.0,0.0,0.0,87000.0,13800.0,17700.0,10000.0,5800.0,2200.0,8800.0,0.0,12500.0,1800.0,18000.0,4100.0,94700.0,Business Loan,623000.0,12.5,360,6650.0,0.0,0.0,0.0,0.0,0.0,713,466100.0,1197900.0,1602700.0,No,Occasionally,Moderate,Moderate,0.0764,17.57,-7700.0,39150.0,71.4,0.0036,0
58,Female,Business Owner,Business,Single,2,47500.0,10100.0,0.0,46600.0,104200.0,19400.0,20600.0,8000.0,1300.0,2200.0,4900.0,18300.0,6500.0,8000.0,13800.0,4100.0,107100.0,Personal Loan,4884000.0,13.8,48,132970.0,0.0,8900.0,8100.0,0.0,17000.0,500,504900.0,1273200.0,2624600.0,No,Occasionally,High,High,1.4393,14.33,-19900.0,29890.0,32.4,0.9906,1
39,Female,Manager,Salaried,Married,0,54400.0,0.0,46000.0,0.0,58233.333333333336,18500.0,16500.0,7000.0,5200.0,1100.0,6300.0,0.0,10500.0,9300.0,9800.0,3000.0,87200.0,Education Loan,2297000.0,16.1,60,55980.0,0.0,9700.0,0.0,0.0,9700.0,667,121900.0,71400.0,995100.0,Yes,Never,Moderate,Low,1.1279,1.99,-38666.67,16500.0,22.9,0.9922,1
28,Male,Manager,Salaried,Single,2,80300.0,9500.0,0.0,0.0,89800.0,20300.0,19000.0,6700.0,3500.0,800.0,10200.0,15000.0,12700.0,11500.0,3300.0,6500.0,109500.0,Business Loan,2623000.0,14.7,12,236380.0,0.0,0.0,0.0,0.0,0.0,325,250400.0,1185900.0,1607800.0,Yes,Occasionally,Low,Moderate,2.6323,13.12,-19700.0,40410.0,22.4,1.0,1
21,Male,Other,Salaried,Divorced,4,103300.0,11300.0,0.0,0.0,114600.0,18300.0,21700.0,6000.0,1000.0,600.0,6800.0,19300.0,12800.0,2800.0,5800.0,3900.0,99000.0,Personal Loan,5901000.0,16.0,12,535400.0,0.0,0.0,0.0,0.0,0.0,679,191800.0,402800.0,2314800.0,No,Never,Low,Low,4.6719,6.01,15600.0,51570.0,41.2,1.0,1
42,Female,Accountant,Business,Married,0,42200.0,20900.0,0.0,53700.0,116800.0,22900.0,13200.0,4100.0,2300.0,1600.0,7800.0,0.0,4600.0,10900.0,19800.0,4900.0,92100.0,Business Loan,5879000.0,13.0,360,65030.0,0.0,0.0,0.0,0.0,0.0,636,861200.0,1949500.0,688000.0,No,Occasionally,Low,High,0.5568,30.52,24700.0,52560.0,60.9,0.0015,0
37,Male,Software Engineer,Self-Employed,Married,1,56000.0,0.0,78000.0,0.0,62500.0,7900.0,7500.0,3800.0,3000.0,700.0,5500.0,16800.0,5900.0,6300.0,23200.0,2100.0,82700.0,Business Loan,1428000.0,12.1,60,31840.0,0.0,0.0,0.0,0.0,0.0,879,473200.0,862400.0,129000.0,No,Frequently,High,Low,0.5094,16.15,-20200.0,28120.0,65.9,0.004,0
27,Female,Manager,Salaried,Divorced,2,113500.0,0.0,0.0,0.0,113500.0,37000.0,20600.0,6400.0,2600.0,1900.0,2600.0,5200.0,9300.0,3600.0,5900.0,4300.0,99400.0,Home Loan,5799000.0,14.0,36,198200.0,35500.0,0.0,0.0,0.0,35500.0,557,745200.0,225000.0,2907900.0,Yes,Never,Low,Low,2.059,7.19,-21400.0,15580.0,28.4,0.9998,1
45,Female,Business Owner,Self-Employed,Married,2,16900.0,20100.0,28000.0,0.0,39333.333333333336,7900.0,20300.0,2600.0,2800.0,1900.0,12000.0,14600.0,13400.0,11600.0,15100.0,6300.0,108500.0,Personal Loan,943000.0,17.0,24,46620.0,6200.0,6100.0,0.0,0.0,12300.0,803,362600.0,436800.0,999000.0,No,Occasionally,High,High,1.498,6.62,-81466.67,5400.0,41.9,0.9786,1
24,Male,Manager,Salaried,Single,2,34700.0,8300.0,101000.0,0.0,51416.666666666664,17700.0,18500.0,2600.0,5600.0,1700.0,6800.0,18800.0,12100.0,3600.0,2800.0,4100.0,94300.0,Business Loan,2016000.0,13.3,180,25910.0,0.0,0.0,0.0,7900.0,7900.0,756,155100.0,838200.0,840100.0,No,Never,Low,High,0.6576,9.72,-50783.33,15240.0,58.2,0.287,0
56,Male,Teacher,Business,Married,0,102000.0,8100.0,0.0,75700.0,185800.0,34700.0,17000.0,6500.0,2800.0,2300.0,4700.0,0.0,9200.0,9100.0,8700.0,4900.0,99900.0,Vehicle Loan,2896000.0,13.9,48,78990.0,0.0,30800.0,0.0,0.0,30800.0,697,1542100.0,3115800.0,1098500.0,Yes,Never,Moderate,Moderate,0.5909,35.64,55100.0,52810.0,67.4,0.0003,0
26,Male,Doctor,Salaried,Single,1,84600.0,0.0,0.0,0.0,84600.0,26100.0,13700.0,9400.0,3100.0,1300.0,8900.0,6200.0,14800.0,9600.0,12300.0,5900.0,111300.0,Vehicle Loan,1652000.0,11.0,36,54080.0,0.0,8300.0,0.0,12600.0,20900.0,630,191700.0,221800.0,2074200.0,No,Never,Low,High,0.8863,3.13,-47600.0,17170.0,34.4,0.9863,1
51,Female,Manager,Salaried,Single,1,63700.0,0.0,73000.0,0.0,69783.33333333333,11500.0,12300.0,9300.0,4800.0,2300.0,7800.0,12000.0,7100.0,5700.0,18900.0,3700.0,95400.0,Home Loan,2068000.0,13.8,24,99100.0,0.0,0.0,0.0,8400.0,8400.0,644,79900.0,174400.0,461100.0,Yes,Never,Low,Moderate,1.5405,2.45,-34016.67,23000.0,23.0,0.9995,1
39,Male,Software Engineer,Business,Married,4,39200.0,2600.0,69000.0,25000.0,72550.0,8600.0,25600.0,2100.0,5000.0,600.0,3600.0,15000.0,12800.0,8600.0,3000.0,3500.0,88400.0,Business Loan,1618000.0,14.1,48,44300.0,12400.0,0.0,0.0,9100.0,21500.0,771,36400.0,1140800.0,1873800.0,No,Occasionally,Low,Low,0.907,10.71,-37350.0,11150.0,51.2,0.5988,1
64,Male,Sales Executive,Salaried,Single,0,31500.0,0.0,0.0,0.0,31500.0,3400.0,10500.0,2900.0,1400.0,700.0,10600.0,0.0,12500.0,7300.0,20000.0,1600.0,70900.0,Personal Loan,381000.0,15.4,360,4940.0,0.0,0.0,0.0,12300.0,12300.0,766,189500.0,170700.0,400500.0,Yes,Occasionally,Low,Moderate,0.5473,4.33,-51700.0,1880.0,50.2,0.6526,1
59,Male,Sales Executive,Salaried,Single,3,36500.0,0.0,0.0,0.0,36500.0,9200.0,19000.0,6700.0,4500.0,1300.0,1800.0,11900.0,13700.0,3100.0,6700.0,5100.0,83000.0,Personal Loan,1151000.0,13.5,180,14940.0,12500.0,0.0,0.0,6800.0,19300.0,364,288300.0,448500.0,63000.0,No,Occasionally,Moderate,Moderate,0.9381,7.2,-65800.0,0.0,31.0,0.9991,1
47,Male,Sales Executive,Salaried,Married,0,106300.0,0.0,0.0,0.0,106300.0,18900.0,9200.0,8800.0,3400.0,1700.0,7700.0,0.0,14800.0,9400.0,19500.0,5900.0,99300.0,Vehicle Loan,3521000.0,9.6,12,308900.0,0.0,0.0,0.0,10400.0,10400.0,660,884200.0,1336000.0,2605000.0,No,Never,Moderate,Moderate,3.0038,20.24,-3400.0,37440.0,30.4,0.9995,1
30,Male,Software Engineer,Salaried,Married,4,35800.0,0.0,0.0,0.0,35800.0,7500.0,20900.0,9600.0,1700.0,600.0,6300.0,18800.0,7900.0,11200.0,16400.0,5100.0,106000.0,Education Loan,491000.0,13.6,36,16690.0,8800.0,0.0,5300.0,8600.0,22700.0,675,178000.0,464200.0,602100.0,No,Occasionally,Low,Moderate,1.1003,4.99,-92900.0,0.0,32.9,0.9817,1
46,Male,Accountant,Salaried,Single,2,51600.0,0.0,0.0,0.0,51600.0,15700.0,18100.0,8900.0,2300.0,1600.0,4500.0,16200.0,3700.0,6400.0,9800.0,3000.0,90200.0,Business Loan,753000.0,10.6,60,16220.0,0.0,0.0,0.0,0.0,0.0,865,54600.0,382900.0,492800.0,No,Never,Moderate,Moderate,0.3143,4.85,-38600.0,23220.0,64.5,0.066,0
39,Female,Sales Executive,Business,Single,1,33600.0,0.0,0.0,53700.0,87300.0,14100.0,14700.0,7400.0,1200.0,1100.0,10100.0,7600.0,7500.0,11900.0,18600.0,2800.0,97000.0,Home Loan,577000.0,8.4,180,5650.0,0.0,0.0,0.0,14800.0,14800.0,699,73300.0,153500.0,1186200.0,No,Never,Low,High,0.2342,2.03,-24500.0,24480.0,46.7,0.6072,1
59,Male,Other,Salaried,Single,2,74700.0,0.0,168000.0,0.0,88700.0,15700.0,15200.0,3600.0,2800.0,2300.0,8200.0,16800.0,13000.0,5700.0,7400.0,2100.0,92800.0,Home Loan,592000.0,16.2,60,14460.0,0.0,0.0,0.0,1200.0,1200.0,653,817400.0,994500.0,2358200.0,No,Never,Low,Moderate,0.1766,19.28,-5300.0,38720.0,61.7,0.0149,0
23,Male,Business Owner,Salaried,Married,0,37400.0,7900.0,91000.0,0.0,52883.333333333336,16500.0,8200.0,2600.0,2300.0,1600.0,9400.0,0.0,12700.0,6300.0,7100.0,1300.0,68000.0,Business Loan,1308000.0,8.2,360,9780.0,0.0,0.0,0.0,0.0,0.0,604,73100.0,570400.0,322300.0,Yes,Frequently,Moderate,Moderate,0.1849,9.46,-15116.67,23800.0,65.1,0.3889,0
33,Male,Doctor,Self-Employed,Single,0,46700.0,0.0,56000.0,0.0,51366.666666666664,11500.0,13000.0,2400.0,2900.0,1700.0,5600.0,0.0,5700.0,8400.0,3400.0,4000.0,58600.0,Business Loan,671000.0,14.1,180,8980.0,17300.0,0.0,0.0,14000.0,31300.0,718,408600.0,474100.0,159900.0,No,Occasionally,Moderate,Low,0.7842,9.82,-38533.33,0.0,49.9,0.59,1
48,Male,Sales Executive,Salaried,Married,0,21100.0,0.0,32000.0,0.0,23766.666666666668,7300.0,16700.0,6900.0,3900.0,2400.0,11400.0,0.0,1700.0,3000.0,11000.0,2100.0,66400.0,Home Loan,1320000.0,17.9,12,120950.0,6300.0,0.0,0.0,14000.0,20300.0,832,27600.0,150000.0,559600.0,No,Never,Low,High,5.9432,2.05,-62933.33,0.0,33.2,1.0,1
40,Other,Software Engineer,Salaried,Single,0,21900.0,19700.0,13000.0,0.0,42683.333333333336,8300.0,4100.0,2300.0,4700.0,2000.0,4800.0,0.0,8100.0,10900.0,4200.0,5800.0,55200.0,Home Loan,682000.0,8.4,120,8420.0,11600.0,0.0,0.0,0.0,11600.0,456,95700.0,726400.0,796100.0,No,Never,Moderate,Moderate,0.469,12.31,-24116.67,7610.0,54.7,0.8751,1
48,Female,Sales Executive,Self-Employed,Single,0,49200.0,0.0,54000.0,0.0,53700.0,10700.0,5900.0,7900.0,4000.0,1400.0,6800.0,0.0,7600.0,9800.0,11600.0,7700.0,73400.0,Personal Loan,463000.0,9.8,24,21320.0,0.0,9100.0,0.0,0.0,9100.0,537,109900.0,431300.0,1401500.0,No,Never,Low,Moderate,0.5665,6.56,-28800.0,15060.0,42.3,0.926,1
28,Male,Manager,Business,Divorced,2,25300.0,0.0,0.0,20200.0,45500.0,6500.0,9700.0,7700.0,4400.0,1500.0,11300.0,3200.0,2200.0,10600.0,2200.0,1500.0,60800.0,Home Loan,1239000.0,15.5,120,20370.0,13000.0,0.0,0.0,0.0,13000.0,864,142500.0,155100.0,427800.0,No,Never,Low,Moderate,0.7334,4.03,-28300.0,7480.0,53.6,0.5015,1
61,Female,Sales Executive,Salaried,Single,2,140400.0,23000.0,0.0,0.0,163400.0,53800.0,20900.0,2600.0,5300.0,1800.0,1900.0,6200.0,12100.0,7700.0,5600.0,7300.0,125200.0,Vehicle Loan,2547000.0,8.5,36,80400.0,57000.0,0.0,0.0,4500.0,61500.0,670,711400.0,2517100.0,2751300.0,Yes,Occasionally,High,Moderate,0.8684,17.29,-23300.0,12030.0,55.3,0.1788,0
59,Male,Teacher,Self-Employed,Married,0,17500.0,9500.0,18000.0,0.0,28500.0,9200.0,13300.0,9300.0,5400.0,900.0,2200.0,0.0,5000.0,10700.0,23400.0,5600.0,85000.0,Home Loan,239000.0,16.2,24,11730.0,0.0,0.0,0.0,0.0,0.0,815,48000.0,373000.0,36300.0,No,Occasionally,Low,High,0.4116,4.95,-56500.0,12820.0,61.2,0.2894,0
21,Male,Teacher,Salaried,Single,3,32900.0,0.0,38000.0,0.0,36066.666666666664,12500.0,23300.0,6200.0,5300.0,700.0,11900.0,18300.0,10000.0,8500.0,20300.0,7000.0,124000.0,Home Loan,1673000.0,7.5,36,52040.0,0.0,0.0,0.0,8500.0,8500.0,390,351500.0,247900.0,916100.0,No,Never,Low,Moderate,1.6786,4.52,-96433.33,7730.0,17.0,0.9999,1
23,Female,Sales Executive,Business,Married,2,49400.0,0.0,0.0,87700.0,137100.0,27500.0,16200.0,9200.0,1800.0,1100.0,11700.0,10700.0,2400.0,6600.0,7400.0,2100.0,96700.0,Vehicle Loan,4886000.0,16.8,48,140480.0,0.0,0.0,0.0,0.0,0.0,592,71200.0,530800.0,786300.0,No,Occasionally,Low,High,1.0247,6.23,40400.0,61700.0,43.0,0.9461,1
33,Female,Doctor,Salaried,Married,4,40800.0,14400.0,0.0,0.0,55200.0,16800.0,18500.0,9200.0,2300.0,2100.0,9500.0,8200.0,13000.0,11200.0,18500.0,7300.0,116600.0,Vehicle Loan,449000.0,8.2,12,39100.0,0.0,0.0,6500.0,0.0,6500.0,409,432500.0,516300.0,189800.0,Yes,Occasionally,Moderate,Moderate,0.8261,7.71,-67900.0,18340.0,32.3,0.9936,1
48,Other,Software Engineer,Self-Employed,Single,2,28200.0,0.0,38000.0,0.0,31366.666666666668,6400.0,19100.0,3600.0,3500.0,1000.0,6300.0,8100.0,11300.0,5800.0,17400.0,7700.0,90200.0,Business Loan,964000.0,17.2,48,27920.0,10200.0,3800.0,0.0,7400.0,21400.0,677,172600.0,70700.0,456000.0,No,Occasionally,High,Moderate,1.5724,2.18,-80233.33,0.0,25.1,0.9982,1
45,Male,Other,Salaried,Single,0,30400.0,3900.0,0.0,0.0,34300.0,7300.0,6300.0,5000.0,2800.0,800.0,6600.0,0.0,6400.0,6500.0,6100.0,7300.0,55100.0,Home Loan,245000.0,16.6,120,4200.0,0.0,0.0,0.0,0.0,0.0,762,45000.0,179500.0,766500.0,No,Frequently,Moderate,Low,0.1224,4.07,-20800.0,15440.0,62.9,0.1906,0
53,Female,Other,Business,Single,1,29900.0,21400.0,0.0,18900.0,70200.0,21600.0,11300.0,3100.0,1700.0,900.0,3800.0,8500.0,9800.0,2900.0,10500.0,6500.0,80600.0,Vehicle Loan,1719000.0,13.2,60,39290.0,0.0,11000.0,3700.0,6500.0,21200.0,699,115100.0,1355900.0,441800.0,No,Frequently,High,Moderate,0.8617,14.45,-31600.0,10390.0,44.6,0.5483,1
58,Male,Sales Executive,Self-Employed,Married,2,42500.0,8700.0,70000.0,0.0,57033.333333333336,8200.0,14500.0,8200.0,2400.0,1900.0,5800.0,11700.0,3600.0,11400.0,23000.0,1600.0,92300.0,Personal Loan,1425000.0,15.7,60,34430.0,0.0,0.0,0.0,6700.0,6700.0,759,348200.0,220100.0,399500.0,No,Never,Low,Moderate,0.7212,5.74,-41966.67,18960.0,48.1,0.602,1
26,Male,Sales Executive,Self-Employed,Married,0,130100.0,0.0,358000.0,0.0,159933.33333333334,24800.0,8200.0,6000.0,5900.0,1700.0,5700.0,0.0,14800.0,3400.0,19000.0,2500.0,92000.0,Education Loan,8039000.0,8.3,360,60680.0,0.0,0.0,0.0,0.0,0.0,772,559000.0,995500.0,1514200.0,No,Occasionally,Low,Moderate,0.3794,16.9,67933.33,71970.0,83.1,0.0024,0
64,Female,Teacher,Salaried,Married,0,51000.0,0.0,54000.0,0.0,55500.0,9900.0,9200.0,9400.0,2700.0,1900.0,1400.0,0.0,12100.0,3200.0,19500.0,7400.0,76700.0,Vehicle Loan,2522000.0,8.9,360,20110.0,0.0,0.0,0.0,10000.0,10000.0,327,265100.0,202000.0,1350500.0,No,Occasionally,Low,Moderate,0.5425,5.39,-31200.0,14980.0,38.0,0.9979,1
52,Male,Doctor,Salaried,Married,0,88600.0,16000.0,209000.0,0.0,122016.66666666667,36200.0,5100.0,3700.0,3100.0,1100.0,6000.0,0.0,12000.0,2100.0,15000.0,2600.0,86900.0,Education Loan,6629000.0,11.4,360,65140.0,0.0,0.0,0.0,0.0,0.0,359,697600.0,2236300.0,2735700.0,No,Never,Low,High,0.5339,33.76,35116.67,54910.0,57.0,0.0666,0
41,Female,Sales Executive,Salaried,Single,0,63200.0,0.0,57000.0,0.0,67950.0,13100.0,6800.0,7500.0,1000.0,2300.0,6300.0,0.0,3100.0,6000.0,17300.0,3400.0,66800.0,Home Loan,865000.0,13.1,180,11000.0,0.0,0.0,0.0,0.0,0.0,672,404100.0,1262000.0,550100.0,No,Occasionally,High,Low,0.1619,24.94,1150.0,30580.0,66.3,0.001,0
36,Female,Other,Self-Employed,Single,1,85600.0,0.0,175000.0,0.0,100183.33333333333,19000.0,10700.0,9900.0,4600.0,1400.0,8300.0,14100.0,1200.0,4000.0,13700.0,1400.0,88300.0,Personal Loan,3442000.0,16.6,360,47960.0,0.0,0.0,14500.0,0.0,14500.0,544,604600.0,213400.0,766800.0,No,Frequently,Low,High,0.6235,7.96,-2616.67,30580.0,40.4,0.6386,1
41,Male,Software Engineer,Salaried,Single,1,12100.0,7000.0,0.0,0.0,19100.0,6700.0,17100.0,7300.0,3100.0,1500.0,6700.0,16900.0,9200.0,9100.0,19000.0,5400.0,102000.0,Personal Loan,117000.0,13.2,240,1390.0,0.0,0.0,0.0,10100.0,10100.0,722,22300.0,345100.0,519400.0,No,Never,Low,Low,0.6016,3.28,-93000.0,0.0,45.8,0.8664,1
31,Male,Accountant,Business,Single,0,42100.0,0.0,0.0,39600.0,81700.0,16000.0,6600.0,2600.0,1500.0,2400.0,10500.0,0.0,3000.0,4400.0,18900.0,4900.0,70800.0,Business Loan,4118000.0,14.5,240,52710.0,22600.0,0.0,0.0,10900.0,33500.0,541,615600.0,302600.0,1506900.0,No,Never,Low,Moderate,1.0552,8.8,-22600.0,3260.0,29.0,0.9787,1
57,Female,Manager,Business,Single,2,94200.0,0.0,218000.0,49900.0,162266.6666666667,26300.0,12900.0,6700.0,5800.0,2500.0,5000.0,5300.0,11900.0,8900.0,2700.0,7700.0,95700.0,Business Loan,4083000.0,14.6,60,96280.0,28200.0,0.0,0.0,0.0,28200.0,328,533600.0,1387100.0,1095200.0,No,Frequently,Moderate,Moderate,0.7671,15.5,38366.67,44820.0,45.4,0.9144,1
56,Male,Sales Executive,Salaried,Married,1,36800.0,9400.0,0.0,0.0,46200.0,11800.0,6900.0,3400.0,4900.0,1800.0,5500.0,10600.0,6800.0,3200.0,16500.0,7200.0,78600.0,Home Loan,407000.0,16.7,360,5700.0,0.0,0.0,0.0,0.0,0.0,828,73300.0,560800.0,194600.0,No,Occasionally,Low,Moderate,0.1234,8.07,-32400.0,20790.0,68.4,0.0299,0
55,Female,Sales Executive,Self-Employed,Married,0,118300.0,0.0,0.0,0.0,118300.0,35500.0,11800.0,2200.0,4600.0,2400.0,7300.0,0.0,5700.0,3500.0,16500.0,4500.0,94000.0,Vehicle Loan,2704000.0,15.7,240,37010.0,27400.0,0.0,7200.0,6300.0,40900.0,399,174000.0,1157700.0,234800.0,No,Never,Low,Moderate,0.6586,9.87,-16600.0,12340.0,42.8,0.9857,1
39,Female,Doctor,Salaried,Divorced,0,102900.0,0.0,0.0,0.0,102900.0,12100.0,12600.0,4700.0,5800.0,1600.0,3200.0,0.0,2000.0,9900.0,3500.0,5300.0,60700.0,Personal Loan,2138000.0,17.8,180,34120.0,0.0,0.0,8200.0,0.0,8200.0,310,283100.0,368600.0,760500.0,No,Frequently,Moderate,Moderate,0.4113,9.46,34000.0,38100.0,57.2,0.9505,1
40,Male,Accountant,Salaried,Single,0,38800.0,0.0,0.0,0.0,38800.0,9900.0,16100.0,4100.0,3000.0,1100.0,5300.0,0.0,14900.0,5100.0,11400.0,3900.0,74800.0,Home Loan,1829000.0,7.7,240,14960.0,0.0,0.0,0.0,0.0,0.0,722,251100.0,622400.0,838100.0,No,Frequently,High,Moderate,0.3856,11.68,-36000.0,17460.0,65.7,0.1826,0
38,Female,Business Owner,Salaried,Married,1,38100.0,10300.0,0.0,0.0,48400.0,5300.0,17500.0,8300.0,4600.0,1100.0,8500.0,19300.0,14400.0,2200.0,22700.0,1900.0,105800.0,Home Loan,579000.0,9.7,360,4950.0,12800.0,0.0,0.0,6900.0,19700.0,757,241200.0,680500.0,539600.0,No,Occasionally,Moderate,Low,0.5093,7.34,-77100.0,2080.0,54.6,0.3606,0
61,Other,Software Engineer,Salaried,Married,0,29500.0,0.0,28000.0,0.0,31833.333333333332,7400.0,8000.0,5000.0,2000.0,1600.0,5500.0,0.0,2800.0,11600.0,23900.0,7100.0,74900.0,Vehicle Loan,1132000.0,17.3,180,17660.0,0.0,0.0,0.0,0.0,0.0,566,48300.0,601100.0,921600.0,No,Occasionally,Moderate,Moderate,0.5548,8.67,-43066.67,14320.0,48.1,0.8779,1
34,Male,Software Engineer,Self-Employed,Married,1,35800.0,0.0,0.0,0.0,35800.0,5900.0,7900.0,7900.0,4500.0,1700.0,11000.0,16200.0,5700.0,3000.0,20000.0,4800.0,88600.0,Personal Loan,1742000.0,15.8,360,23140.0,10200.0,0.0,0.0,0.0,10200.0,710,28900.0,275900.0,348300.0,No,Never,Moderate,High,0.9313,3.09,-63000.0,5910.0,37.9,0.9742,1
35,Female,Teacher,Salaried,Single,2,26500.0,18100.0,0.0,0.0,44600.0,7900.0,10200.0,2100.0,1100.0,1400.0,7800.0,15400.0,6500.0,2700.0,5500.0,4000.0,64600.0,Personal Loan,2037000.0,10.3,240,20060.0,0.0,0.0,0.0,6300.0,6300.0,482,32800.0,409300.0,201000.0,No,Occasionally,Moderate,High,0.591,6.24,-26300.0,13770.0,41.0,0.9649,1
51,Male,Teacher,Salaried,Single,1,60700.0,5000.0,46000.0,0.0,69533.33333333333,15100.0,19600.0,2100.0,1600.0,2300.0,2700.0,18300.0,5200.0,4900.0,10600.0,1500.0,83900.0,Personal Loan,3927000.0,17.7,24,195480.0,0.0,0.0,0.0,0.0,0.0,404,312900.0,531600.0,368400.0,No,Never,Moderate,Moderate,2.8113,10.07,-14366.67,31290.0,25.3,1.0,1
21,Female,Analyst,Self-Employed,Single,0,23700.0,0.0,42000.0,0.0,27200.0,9000.0,13400.0,2200.0,3100.0,1400.0,6400.0,0.0,14100.0,2100.0,6200.0,5700.0,63600.0,Business Loan,137000.0,16.6,36,4860.0,0.0,2400.0,0.0,7900.0,10300.0,817,217300.0,59800.0,398600.0,No,Never,Low,Moderate,0.5574,3.75,-46700.0,1940.0,49.6,0.4167,0
23,Female,Other,Self-Employed,Single,0,66300.0,16000.0,0.0,0.0,82300.0,22900.0,4600.0,3800.0,1100.0,1000.0,9400.0,0.0,11100.0,2700.0,17000.0,3800.0,77400.0,Personal Loan,2013000.0,8.2,120,24640.0,0.0,0.0,0.0,0.0,0.0,713,489600.0,168300.0,2314600.0,No,Never,Low,Low,0.2994,8.5,4900.0,37040.0,66.0,0.081,0
36,Male,Software Engineer,Salaried,Married,2,67100.0,0.0,71000.0,0.0,73016.66666666667,24400.0,9900.0,5000.0,3300.0,500.0,8100.0,9200.0,14400.0,10300.0,19800.0,2800.0,107700.0,Education Loan,1849000.0,16.0,120,30970.0,0.0,0.0,0.0,0.0,0.0,317,598100.0,1129200.0,1972100.0,No,Never,Low,Low,0.4241,16.04,-34683.33,32860.0,43.6,0.897,1
43,Male,Doctor,Business,Single,3,21400.0,10800.0,34000.0,15700.0,50733.333333333336,13400.0,16800.0,6900.0,3600.0,2400.0,10700.0,4700.0,13200.0,2900.0,22300.0,7100.0,104000.0,Vehicle Loan,347000.0,15.7,180,5020.0,0.0,8600.0,4500.0,7000.0,20100.0,594,179300.0,325300.0,279000.0,No,Never,Moderate,High,0.4951,4.07,-73366.67,2730.0,50.9,0.9213,1
31,Female,Doctor,Salaried,Single,2,106400.0,0.0,179000.0,0.0,121316.66666666667,12300.0,10900.0,9900.0,4100.0,2100.0,9200.0,10800.0,11600.0,2200.0,21800.0,2300.0,97200.0,Personal Loan,6060000.0,9.8,24,279080.0,0.0,6300.0,0.0,0.0,6300.0,633,222400.0,1244200.0,2745900.0,No,Never,Low,Moderate,2.3524,14.17,17816.67,48290.0,41.5,0.9986,1
32,Male,Accountant,Salaried,Married,1,63400.0,0.0,0.0,0.0,63400.0,10500.0,17300.0,4800.0,1500.0,1700.0,1700.0,18700.0,10800.0,10700.0,4300.0,4600.0,86600.0,Vehicle Loan,2719000.0,14.5,12,244770.0,0.0,0.0,0.0,12100.0,12100.0,605,515300.0,1242700.0,1431000.0,No,Occasionally,Low,Moderate,4.0516,17.81,-35300.0,16430.0,37.2,1.0,1
30,Female,Doctor,Salaried,Married,1,71300.0,8600.0,161000.0,0.0,93316.66666666667,30500.0,14000.0,2400.0,1900.0,2200.0,2200.0,12900.0,13100.0,5900.0,4900.0,6600.0,96600.0,Vehicle Loan,3177000.0,17.7,60,80160.0,31600.0,0.0,0.0,10400.0,42000.0,480,691900.0,124600.0,462800.0,Yes,Never,Low,Moderate,1.3091,5.89,-45283.33,0.0,19.8,0.9996,1
52,Male,Sales Executive,Salaried,Married,1,33500.0,0.0,21000.0,0.0,35250.0,9200.0,14600.0,3600.0,4100.0,2100.0,8100.0,6100.0,10600.0,2700.0,22900.0,6900.0,90900.0,Education Loan,961000.0,14.6,24,46410.0,0.0,0.0,3900.0,12200.0,16100.0,527,214900.0,381900.0,315300.0,No,Occasionally,Low,Moderate,1.7733,5.58,-71750.0,0.0,22.0,0.9998,1
36,Female,Other,Business,Married,3,66900.0,0.0,47000.0,63300.0,134116.6666666667,46300.0,16500.0,9200.0,4300.0,2400.0,3600.0,14000.0,3600.0,7400.0,21400.0,6700.0,135400.0,Personal Loan,7276000.0,16.0,360,97840.0,0.0,0.0,0.0,5400.0,5400.0,847,1198200.0,1454700.0,305900.0,No,Never,Moderate,Moderate,0.7698,18.84,-6683.33,54950.0,56.0,0.005,0
28,Female,Sales Executive,Salaried,Single,0,86100.0,0.0,0.0,0.0,86100.0,12000.0,7600.0,7600.0,1100.0,1300.0,7500.0,0.0,10100.0,1500.0,12600.0,7300.0,68600.0,Vehicle Loan,1683000.0,8.5,36,53130.0,0.0,8100.0,10900.0,13700.0,32700.0,308,558900.0,1719600.0,193400.0,No,Never,Low,Moderate,0.9969,22.49,-15200.0,6040.0,22.5,0.9654,1
58,Female,Manager,Self-Employed,Single,4,46700.0,16000.0,73000.0,0.0,68783.33333333333,12000.0,20300.0,8300.0,3700.0,1600.0,9700.0,18800.0,8200.0,5700.0,11900.0,2000.0,102200.0,Personal Loan,1610000.0,15.1,24,78140.0,0.0,0.0,6800.0,0.0,6800.0,400,378000.0,1159200.0,912300.0,No,Occasionally,Moderate,Moderate,1.2349,14.1,-40216.67,24150.0,17.6,0.9947,1
32,Male,Software Engineer,Salaried,Single,2,133400.0,0.0,81000.0,0.0,140150.0,26700.0,18000.0,3000.0,4900.0,700.0,7300.0,5700.0,14700.0,7500.0,14700.0,7600.0,110800.0,Education Loan,8044000.0,9.6,180,84480.0,40400.0,14100.0,0.0,0.0,54500.0,502,738900.0,318000.0,2035100.0,No,Never,High,High,0.9917,6.39,-25150.0,8570.0,28.0,0.9939,1
44,Female,Other,Salaried,Married,2,50100.0,0.0,0.0,0.0,50100.0,9100.0,13200.0,3100.0,1300.0,2400.0,5600.0,15100.0,8100.0,11500.0,15700.0,1100.0,86200.0,Business Loan,429000.0,8.3,120,5270.0,0.0,0.0,0.0,8500.0,8500.0,731,318900.0,199700.0,49200.0,Yes,Frequently,Low,Low,0.2749,5.48,-44600.0,14040.0,53.0,0.5428,1
48,Female,Business Owner,Unemployed,Divorced,0,86700.0,0.0,0.0,0.0,86700.0,14100.0,11100.0,2900.0,3100.0,2500.0,8100.0,0.0,1500.0,4600.0,7800.0,2800.0,58500.0,Business Loan,4156000.0,13.3,240,49580.0,0.0,6200.0,0.0,15000.0,21200.0,551,468900.0,142600.0,2513200.0,No,Occasionally,Moderate,Low,0.8164,7.67,7000.0,17820.0,41.9,0.9845,1
28,Male,Business Owner,Self-Employed,Single,2,56800.0,0.0,162000.0,0.0,70300.0,14800.0,19800.0,8900.0,2600.0,2100.0,2600.0,19700.0,4700.0,9400.0,11300.0,1600.0,97500.0,Business Loan,3128000.0,15.4,360,40550.0,0.0,0.0,0.0,0.0,0.0,647,217300.0,333200.0,1025600.0,No,Frequently,Low,Moderate,0.5768,5.65,-27200.0,31640.0,45.9,0.791,1
48,Male,Manager,Salaried,Married,1,65700.0,0.0,0.0,0.0,65700.0,17100.0,8100.0,3700.0,5600.0,1400.0,9000.0,12600.0,13800.0,2500.0,16300.0,7600.0,97700.0,Business Loan,3587000.0,13.2,36,121210.0,0.0,0.0,0.0,0.0,0.0,671,628200.0,330800.0,1552800.0,Yes,Never,Moderate,Low,1.8449,9.82,-32000.0,29560.0,25.4,0.9984,1
56,Male,Other,Salaried,Single,0,21300.0,0.0,34000.0,0.0,24133.333333333332,4300.0,11600.0,7100.0,1900.0,1500.0,8700.0,0.0,14500.0,5800.0,6700.0,4000.0,66100.0,Home Loan,241000.0,17.3,240,3590.0,5400.0,0.0,0.0,1000.0,6400.0,842,231700.0,65300.0,459700.0,No,Never,High,Moderate,0.414,4.1,-48366.67,4460.0,55.8,0.1562,0
46,Female,Analyst,Salaried,Married,0,59000.0,0.0,0.0,0.0,59000.0,7100.0,8900.0,6100.0,2600.0,1400.0,6700.0,0.0,11200.0,3500.0,25000.0,3200.0,75700.0,Vehicle Loan,3444000.0,14.8,48,95500.0,0.0,4900.0,0.0,4300.0,9200.0,524,123000.0,650000.0,1096200.0,No,Never,Low,High,1.7746,9.1,-25900.0,17350.0,26.9,0.9996,1
28,Female,Analyst,Salaried,Single,3,33900.0,0.0,0.0,0.0,33900.0,9400.0,19800.0,6400.0,5500.0,1100.0,4100.0,5100.0,1800.0,6400.0,8500.0,2200.0,70300.0,Home Loan,223000.0,8.7,24,10160.0,0.0,4300.0,0.0,0.0,4300.0,442,187800.0,661900.0,308300.0,No,Never,High,Moderate,0.4265,11.39,-40700.0,10960.0,53.9,0.8654,1
48,Male,Analyst,Self-Employed,Single,1,32100.0,14700.0,65000.0,0.0,52216.666666666664,11200.0,6300.0,3600.0,2700.0,1600.0,9800.0,8900.0,1300.0,5600.0,14700.0,2100.0,67800.0,Personal Loan,1231000.0,17.3,48,35710.0,0.0,0.0,0.0,0.0,0.0,493,417800.0,849700.0,1389700.0,Yes,Never,Low,Moderate,0.6839,18.69,-15583.33,23500.0,43.4,0.8144,1
48,Female,Software Engineer,Self-Employed,Married,1,117200.0,24300.0,0.0,0.0,141500.0,33800.0,15400.0,7100.0,3700.0,600.0,6600.0,13500.0,7700.0,11800.0,14700.0,5300.0,120200.0,Business Loan,1368000.0,9.1,48,34110.0,0.0,0.0,0.0,0.0,0.0,658,144400.0,688300.0,1272400.0,No,Occasionally,Low,Moderate,0.2411,6.93,21300.0,63680.0,59.6,0.1076,0
57,Male,Software Engineer,Salaried,Married,0,44100.0,24600.0,69000.0,0.0,74450.0,15900.0,5400.0,2300.0,1200.0,2500.0,1700.0,0.0,15000.0,11100.0,12400.0,1300.0,68800.0,Personal Loan,582000.0,15.5,240,7880.0,20200.0,0.0,0.0,0.0,20200.0,554,124600.0,1182000.0,2125200.0,No,Never,High,High,0.3772,14.68,-14550.0,13300.0,51.2,0.1646,0
61,Male,Analyst,Business,Married,2,29700.0,0.0,75000.0,55600.0,91550.0,29500.0,8900.0,9900.0,5900.0,1300.0,11100.0,6400.0,13200.0,7400.0,7600.0,5200.0,106400.0,Education Loan,5315000.0,9.1,240,48160.0,24700.0,0.0,0.0,0.0,24700.0,838,519700.0,1800100.0,108300.0,Yes,Never,Moderate,High,0.7958,17.69,-39550.0,16500.0,54.1,0.0513,0
56,Female,Business Owner,Salaried,Single,2,41000.0,12200.0,59000.0,0.0,58116.666666666664,13900.0,18100.0,2200.0,5100.0,2400.0,9400.0,13000.0,14100.0,2900.0,15000.0,6400.0,102500.0,Vehicle Loan,2591000.0,18.0,180,41730.0,19100.0,0.0,0.0,0.0,19100.0,443,44700.0,980400.0,200000.0,No,Never,Low,Moderate,1.0467,8.43,-63483.33,7050.0,24.4,0.9974,1
47,Female,Other,Salaried,Single,2,25600.0,0.0,66000.0,0.0,31100.0,10300.0,17000.0,2400.0,4200.0,1900.0,7400.0,12600.0,9700.0,7100.0,4100.0,5200.0,81900.0,Education Loan,1020000.0,11.0,48,26360.0,0.0,0.0,0.0,0.0,0.0,878,261700.0,308000.0,677900.0,Yes,Occasionally,Moderate,Low,0.8476,6.96,-50800.0,14000.0,48.8,0.6446,1
37,Male,Doctor,Salaried,Single,1,100400.0,22100.0,115000.0,0.0,132083.33333333334,30100.0,18500.0,4600.0,1300.0,1100.0,5800.0,11900.0,13000.0,9700.0,10900.0,6800.0,113700.0,Vehicle Loan,1446000.0,12.7,24,68540.0,0.0,21800.0,0.0,0.0,21800.0,746,1161700.0,808000.0,2412000.0,No,Occasionally,Moderate,Low,0.684,14.54,-3416.67,37640.0,55.7,0.0606,0
29,Male,Other,Salaried,Married,1,34600.0,0.0,0.0,0.0,34600.0,6000.0,13300.0,8700.0,1400.0,900.0,11600.0,4500.0,5500.0,1400.0,7200.0,2900.0,63400.0,Education Loan,1174000.0,12.4,12,104530.0,0.0,0.0,0.0,3200.0,3200.0,838,259300.0,526300.0,744300.0,No,Never,Moderate,Low,3.1136,11.8,-32000.0,12370.0,44.9,0.9999,1
53,Female,Analyst,Salaried,Divorced,1,63900.0,0.0,140000.0,0.0,75566.66666666667,14300.0,13400.0,4100.0,3700.0,2500.0,9500.0,18800.0,1400.0,5800.0,4900.0,1500.0,79900.0,Education Loan,1708000.0,8.6,24,77720.0,0.0,0.0,0.0,6300.0,6300.0,718,628100.0,1204700.0,1454500.0,No,Occasionally,Low,Moderate,1.1119,21.26,-10633.33,27700.0,42.9,0.1674,0
40,Male,Other,Salaried,Married,0,96600.0,0.0,0.0,0.0,96600.0,22300.0,13900.0,5800.0,2400.0,2000.0,6900.0,0.0,13900.0,1500.0,23300.0,6000.0,98000.0,Vehicle Loan,1926000.0,12.7,24,91290.0,25100.0,0.0,0.0,0.0,25100.0,451,664700.0,641400.0,1527800.0,No,Occasionally,High,Moderate,1.2049,10.61,-26500.0,18370.0,24.0,0.9925,1
33,Male,Accountant,Salaried,Single,3,38200.0,0.0,0.0,0.0,38200.0,8900.0,14500.0,2100.0,4100.0,1000.0,8200.0,7500.0,4100.0,3700.0,18100.0,6800.0,79000.0,Personal Loan,1490000.0,9.1,36,47450.0,0.0,6100.0,0.0,0.0,6100.0,382,70600.0,200900.0,35700.0,No,Never,Moderate,Low,1.4018,3.19,-46900.0,11090.0,15.6,0.9999,1
48,Male,Software Engineer,Salaried,Married,1,64000.0,14200.0,81000.0,0.0,84950.0,23100.0,6500.0,2600.0,4000.0,600.0,4100.0,14700.0,11200.0,2000.0,5900.0,4500.0,79200.0,Education Loan,4120000.0,15.9,60,99970.0,0.0,0.0,0.0,9600.0,9600.0,466,66600.0,1169800.0,2061500.0,No,Occasionally,High,Low,1.2898,13.92,-3850.0,28630.0,23.6,0.9691,1
49,Female,Software Engineer,Self-Employed,Married,0,29300.0,8500.0,64000.0,0.0,43133.333333333336,6700.0,7200.0,6900.0,5200.0,1900.0,3200.0,0.0,10200.0,11600.0,23800.0,6700.0,83400.0,Vehicle Loan,1267000.0,17.6,12,115920.0,0.0,3400.0,0.0,0.0,3400.0,811,369100.0,771200.0,660100.0,No,Occasionally,Low,Moderate,2.7663,13.14,-43666.67,16010.0,42.8,0.9997,1
33,Female,Business Owner,Salaried,Married,1,166500.0,10100.0,0.0,0.0,176600.0,46700.0,9300.0,3600.0,2400.0,1100.0,4000.0,11600.0,3200.0,2900.0,7000.0,4200.0,96000.0,Vehicle Loan,5674000.0,16.0,60,137980.0,34600.0,0.0,0.0,0.0,34600.0,819,1274700.0,246100.0,560600.0,Yes,Never,Moderate,Moderate,0.9772,11.64,46000.0,44870.0,60.0,0.1221,0
55,Male,Doctor,Salaried,Single,2,78300.0,8200.0,0.0,0.0,86500.0,25500.0,12700.0,7600.0,3900.0,900.0,4200.0,8800.0,3700.0,2700.0,7400.0,2400.0,79800.0,Education Loan,3532000.0,12.0,180,42390.0,22500.0,0.0,0.0,0.0,22500.0,365,370700.0,1708800.0,499500.0,No,Never,Moderate,Moderate,0.7502,20.33,-15800.0,16420.0,37.9,0.7228,1
26,Female,Analyst,Self-Employed,Married,0,44500.0,0.0,114000.0,0.0,54000.0,14500.0,17200.0,8300.0,4900.0,2000.0,9100.0,0.0,5600.0,11700.0,5100.0,4300.0,82700.0,Personal Loan,640000.0,7.5,12,55520.0,0.0,0.0,0.0,0.0,0.0,467,435800.0,250800.0,1072400.0,No,Never,Low,Moderate,1.0281,8.3,-28700.0,24300.0,25.7,0.9943,1
38,Female,Business Owner,Business,Married,0,33300.0,0.0,0.0,64900.0,98200.0,21600.0,15300.0,8800.0,3500.0,1900.0,2500.0,0.0,11600.0,6700.0,18700.0,2500.0,93100.0,Business Loan,4966000.0,7.9,48,121000.0,0.0,0.0,0.0,1300.0,1300.0,857,98800.0,750100.0,226900.0,No,Frequently,Low,Moderate,1.2454,8.99,3800.0,42890.0,39.3,0.5841,1
25,Male,Business Owner,Business,Married,2,46300.0,21700.0,31000.0,84900.0,155483.3333333333,54100.0,21100.0,3100.0,5200.0,1500.0,9600.0,5700.0,1500.0,9300.0,15100.0,4300.0,130500.0,Home Loan,7935000.0,12.7,24,376130.0,31900.0,25300.0,0.0,0.0,57200.0,821,549100.0,311800.0,4055700.0,No,Never,Low,High,2.787,4.59,-32216.67,12770.0,35.5,0.9999,1
45,Female,Doctor,Salaried,Married,0,41400.0,0.0,31000.0,0.0,43983.333333333336,8800.0,18000.0,5600.0,1700.0,2400.0,6800.0,0.0,6700.0,4600.0,3300.0,2000.0,59900.0,Business Loan,1529000.0,14.6,240,19680.0,0.0,0.0,4000.0,7900.0,11900.0,772,164800.0,90400.0,1043400.0,Yes,Never,High,High,0.718,3.55,-27816.67,7890.0,43.4,0.8254,1
22,Female,Sales Executive,Salaried,Single,2,130200.0,21000.0,0.0,0.0,151200.0,19100.0,14100.0,9600.0,4700.0,1900.0,5200.0,6700.0,10300.0,6900.0,2600.0,2300.0,83400.0,Education Loan,2316000.0,16.1,24,113510.0,0.0,0.0,0.0,6300.0,6300.0,763,226200.0,934800.0,1389500.0,No,Occasionally,Low,High,0.7924,12.94,61500.0,61740.0,70.7,0.1182,0
30,Male,Analyst,Salaried,Married,0,26600.0,0.0,0.0,0.0,26600.0,8100.0,7200.0,8200.0,5700.0,2300.0,4300.0,0.0,3400.0,1100.0,14300.0,7200.0,61800.0,Education Loan,866000.0,13.8,12,77670.0,0.0,0.0,0.0,0.0,0.0,651,200700.0,312200.0,705000.0,No,Frequently,High,Low,2.9199,8.3,-35200.0,11970.0,29.4,1.0,1
50,Male,Software Engineer,Salaried,Married,2,52400.0,0.0,55000.0,0.0,56983.333333333336,8700.0,15800.0,2900.0,2700.0,900.0,6600.0,6000.0,2700.0,5500.0,17000.0,1800.0,70600.0,Vehicle Loan,617000.0,17.8,24,30740.0,10300.0,9300.0,7800.0,9100.0,36500.0,770,449400.0,1032600.0,1513200.0,No,Never,Low,High,1.18,13.84,-50116.67,0.0,49.9,0.3863,0
25,Female,Doctor,Business,Single,0,48600.0,24600.0,0.0,36400.0,109600.0,30500.0,16300.0,6000.0,2800.0,1100.0,4500.0,0.0,6500.0,7100.0,20900.0,2600.0,98300.0,Personal Loan,5149000.0,12.7,48,137370.0,0.0,0.0,0.0,3300.0,3300.0,462,662000.0,255000.0,2754800.0,Yes,Never,Moderate,Moderate,1.2835,9.03,8000.0,46020.0,26.4,0.9951,1
53,Female,Accountant,Salaried,Single,0,46200.0,0.0,0.0,0.0,46200.0,6700.0,10500.0,9400.0,1400.0,700.0,5700.0,0.0,5000.0,6700.0,13000.0,8000.0,67100.0,Personal Loan,1022000.0,13.8,60,23670.0,0.0,0.0,0.0,7400.0,7400.0,620,206500.0,525400.0,426400.0,No,Frequently,Low,Moderate,0.6725,9.82,-28300.0,13390.0,51.2,0.8142,1
21,Female,Business Owner,Salaried,Single,3,46400.0,0.0,0.0,0.0,46400.0,4800.0,17100.0,5500.0,4200.0,1100.0,9100.0,13400.0,10100.0,5500.0,17600.0,5000.0,93400.0,Education Loan,1026000.0,9.9,24,47300.0,10700.0,0.0,0.0,0.0,10700.0,383,290800.0,413300.0,913000.0,No,Occasionally,Moderate,Moderate,1.25,6.76,-57700.0,10180.0,25.4,0.9996,1
38,Male,Doctor,Salaried,Married,1,46300.0,0.0,0.0,0.0,46300.0,6500.0,7900.0,8700.0,3800.0,2400.0,7900.0,10700.0,14600.0,9700.0,18900.0,5100.0,96200.0,Personal Loan,2638000.0,11.1,48,68310.0,0.0,5700.0,0.0,0.0,5700.0,507,418300.0,916600.0,627000.0,No,Occasionally,High,Moderate,1.5985,13.1,-55600.0,15140.0,33.2,0.9983,1
52,Other,Software Engineer,Salaried,Single,1,75900.0,5100.0,0.0,0.0,81000.0,15700.0,11900.0,6000.0,1200.0,2400.0,9200.0,18400.0,1100.0,6500.0,16100.0,6900.0,95400.0,Home Loan,2284000.0,14.7,180,31500.0,0.0,0.0,0.0,0.0,0.0,784,315800.0,369000.0,1309500.0,No,Occasionally,Low,Moderate,0.3889,7.18,-14400.0,36450.0,58.5,0.2556,0
31,Male,Other,Self-Employed,Married,0,66500.0,0.0,155000.0,0.0,79416.66666666667,10100.0,9400.0,2900.0,4800.0,2000.0,8800.0,0.0,13600.0,8000.0,10100.0,4700.0,74400.0,Personal Loan,3846000.0,13.8,60,89090.0,0.0,0.0,0.0,0.0,0.0,846,291900.0,637000.0,976100.0,No,Never,Low,Low,1.1218,12.49,5016.67,35740.0,48.4,0.1338,0
41,Male,Software Engineer,Salaried,Single,2,60400.0,0.0,179000.0,0.0,75316.66666666667,11300.0,12900.0,3200.0,5100.0,1500.0,10000.0,15400.0,7100.0,3000.0,5000.0,2600.0,77100.0,Personal Loan,3016000.0,11.4,240,31960.0,13100.0,0.0,8900.0,8900.0,30900.0,848,483200.0,123200.0,9000.0,No,Occasionally,Low,Moderate,0.8346,5.61,-32683.33,2990.0,37.0,0.2716,0
46,Female,Accountant,Salaried,Married,1,10800.0,0.0,13000.0,0.0,11883.333333333334,3500.0,18400.0,2400.0,5500.0,2100.0,3200.0,14100.0,10300.0,10500.0,16900.0,4000.0,90900.0,Vehicle Loan,266000.0,8.7,360,2080.0,0.0,2100.0,0.0,1900.0,4000.0,876,83100.0,218300.0,3600.0,Yes,Never,Low,High,0.5116,3.18,-83016.67,1350.0,47.7,0.1365,0
45,Male,Doctor,Salaried,Single,4,56900.0,0.0,120000.0,0.0,66900.0,19600.0,12800.0,3600.0,3700.0,1600.0,11900.0,14000.0,12900.0,5000.0,19700.0,6300.0,111100.0,Education Loan,790000.0,11.1,12,69860.0,0.0,10200.0,0.0,12400.0,22600.0,610,324400.0,858100.0,1551100.0,No,Occasionally,Low,Moderate,1.3821,8.84,-66800.0,7500.0,30.1,0.9947,1
42,Male,Accountant,Salaried,Single,4,21400.0,0.0,0.0,0.0,21400.0,6500.0,25600.0,9100.0,3300.0,500.0,6200.0,10000.0,9000.0,6300.0,6400.0,7100.0,90000.0,Personal Loan,1046000.0,8.0,12,90990.0,0.0,0.0,0.0,12500.0,12500.0,320,185400.0,260400.0,607600.0,Yes,Never,Low,Moderate,4.836,4.35,-81100.0,0.0,10.9,1.0,1
47,Male,Analyst,Salaried,Married,2,67700.0,0.0,0.0,0.0,67700.0,21000.0,8100.0,7200.0,5400.0,1500.0,8900.0,3300.0,2400.0,4900.0,13400.0,2900.0,79000.0,Education Loan,3178000.0,13.6,36,108000.0,0.0,0.0,0.0,0.0,0.0,313,260400.0,130400.0,466300.0,No,Occasionally,High,Moderate,1.5953,4.95,-11300.0,30460.0,10.0,0.9999,1
33,Male,Analyst,Salaried,Married,1,102500.0,11600.0,254000.0,0.0,135266.66666666666,27700.0,19200.0,7900.0,3000.0,1700.0,8500.0,14700.0,3000.0,10800.0,11100.0,2800.0,110400.0,Personal Loan,1935000.0,10.9,240,19840.0,0.0,7400.0,19500.0,12700.0,39600.0,445,891200.0,389700.0,2208900.0,No,Occasionally,Moderate,Low,0.4394,8.54,-14733.33,21270.0,45.9,0.8842,1
53,Male,Other,Salaried,Single,1,30800.0,20200.0,47000.0,0.0,54916.666666666664,17400.0,13700.0,7000.0,4300.0,1000.0,7200.0,17100.0,12000.0,10900.0,6700.0,3300.0,100600.0,Personal Loan,1027000.0,11.5,12,91010.0,0.0,0.0,0.0,11400.0,11400.0,846,375900.0,879500.0,504200.0,No,Never,Moderate,Low,1.8648,11.21,-57083.33,13310.0,41.1,0.9576,1
54,Female,Business Owner,Self-Employed,Single,2,43000.0,0.0,85000.0,0.0,50083.333333333336,11600.0,17800.0,5100.0,4100.0,900.0,12000.0,4400.0,4200.0,3500.0,7600.0,5200.0,76400.0,Personal Loan,2361000.0,13.5,24,112800.0,0.0,0.0,0.0,0.0,0.0,748,165300.0,573000.0,717500.0,No,Occasionally,Low,Low,2.2522,9.66,-26316.67,22540.0,34.0,0.9986,1
61,Male,Sales Executive,Business,Single,0,36300.0,11900.0,23000.0,65100.0,115216.66666666666,25100.0,6600.0,3700.0,2900.0,1000.0,3400.0,0.0,9000.0,9300.0,7500.0,2900.0,71400.0,Vehicle Loan,6809000.0,13.6,12,610080.0,26200.0,0.0,0.0,13000.0,39200.0,545,78200.0,550900.0,408400.0,No,Never,Low,Moderate,5.6353,5.69,4616.67,12650.0,28.2,1.0,1
55,Female,Teacher,Business,Married,0,90900.0,0.0,269000.0,105300.0,218616.6666666667,61100.0,13200.0,9400.0,1400.0,1700.0,5600.0,0.0,7000.0,2100.0,11600.0,7300.0,120400.0,Personal Loan,11237000.0,13.7,12,1007350.0,0.0,0.0,11600.0,0.0,11600.0,538,1826100.0,2502400.0,4757600.0,No,Never,Low,High,4.6609,32.79,86616.67,86780.0,43.1,1.0,1
21,Female,Accountant,Business,Married,0,51400.0,0.0,0.0,102800.0,154200.0,23700.0,16300.0,6100.0,1100.0,800.0,2400.0,0.0,5300.0,1300.0,11000.0,7800.0,75800.0,Business Loan,6573000.0,12.7,360,71170.0,0.0,0.0,0.0,0.0,0.0,827,783800.0,2990600.0,2388200.0,No,Occasionally,Low,Moderate,0.4615,49.79,78400.0,69390.0,87.3,0.0,0
41,Female,Other,Salaried,Married,0,116300.0,0.0,311000.0,0.0,142216.66666666666,42300.0,6000.0,5800.0,3100.0,1900.0,3000.0,0.0,12000.0,10200.0,14700.0,5800.0,104800.0,Home Loan,7871000.0,12.6,12,701540.0,0.0,0.0,9600.0,0.0,9600.0,872,200100.0,422400.0,1317200.0,No,Frequently,Low,Moderate,5.0004,5.44,27816.67,54400.0,45.3,1.0,1
26,Male,Software Engineer,Salaried,Married,0,60300.0,0.0,135000.0,0.0,71550.0,14800.0,5800.0,10000.0,3400.0,1300.0,8800.0,0.0,11200.0,2400.0,4100.0,7800.0,69600.0,Personal Loan,1480000.0,16.1,48,42020.0,0.0,0.0,0.0,0.0,0.0,665,686700.0,1390500.0,1424400.0,Yes,Occasionally,Low,Moderate,0.5873,29.84,1950.0,32200.0,60.0,0.0042,0
48,Female,Doctor,Salaried,Married,1,55300.0,0.0,53000.0,0.0,59716.666666666664,7900.0,10300.0,5100.0,5100.0,1200.0,1100.0,8400.0,10000.0,2700.0,15400.0,3000.0,70200.0,Business Loan,330000.0,12.4,180,4050.0,20900.0,0.0,5500.0,11400.0,37800.0,803,198000.0,939100.0,915900.0,No,Never,Moderate,High,0.7008,10.53,-48283.33,0.0,53.8,0.2472,0
37,Female,Business Owner,Business,Single,2,50700.0,0.0,29000.0,42600.0,95716.66666666666,12400.0,10300.0,8800.0,3100.0,2100.0,10800.0,5400.0,6200.0,7700.0,2500.0,6700.0,76000.0,Education Loan,2168000.0,13.1,60,49440.0,0.0,0.0,0.0,0.0,0.0,657,479300.0,358000.0,1160900.0,No,Occasionally,Moderate,Low,0.5165,11.02,19716.67,43070.0,59.5,0.1705,0
25,Female,Teacher,Unemployed,Divorced,1,73800.0,8900.0,196000.0,0.0,99033.33333333333,14000.0,7500.0,8900.0,2400.0,1500.0,8000.0,16500.0,4200.0,10000.0,7900.0,5700.0,86600.0,Vehicle Loan,5789000.0,17.9,60,146690.0,0.0,0.0,0.0,0.0,0.0,832,504900.0,1632000.0,1584100.0,No,Never,Low,Moderate,1.4812,24.68,12433.33,44560.0,46.4,0.1132,0
51,Female,Doctor,Business,Married,0,20600.0,0.0,31000.0,39300.0,62483.33333333333,20200.0,13500.0,3900.0,3300.0,1300.0,5800.0,0.0,8200.0,3100.0,13500.0,2800.0,75600.0,Education Loan,3343000.0,9.4,180,34710.0,0.0,0.0,6400.0,14800.0,21200.0,325,251300.0,945800.0,1787700.0,No,Never,Low,Low,0.8948,12.37,-34316.67,6920.0,31.4,0.9949,1
25,Female,Software Engineer,Salaried,Single,0,51200.0,10300.0,59000.0,0.0,66416.66666666667,23100.0,7000.0,2800.0,2200.0,2300.0,4600.0,0.0,12400.0,2300.0,17800.0,3200.0,77700.0,Vehicle Loan,516000.0,15.1,120,8360.0,0.0,12700.0,0.0,8600.0,21300.0,474,128900.0,790700.0,138000.0,No,Never,Low,Low,0.4466,9.29,-32583.33,8590.0,50.7,0.9194,1
58,Male,Teacher,Business,Single,1,47300.0,0.0,90000.0,43000.0,97800.0,18500.0,15300.0,9800.0,1500.0,1200.0,2400.0,12700.0,9100.0,1900.0,19700.0,4400.0,96500.0,Education Loan,3189000.0,12.5,120,46680.0,0.0,18100.0,0.0,10000.0,28100.0,799,703300.0,1536700.0,2711000.0,No,Occasionally,Moderate,Low,0.7646,17.98,-26800.0,15910.0,57.4,0.0307,0
23,Female,Software Engineer,Salaried,Single,0,70500.0,0.0,109000.0,0.0,79583.33333333333,13800.0,16100.0,5400.0,1600.0,2200.0,11100.0,0.0,14600.0,1300.0,2800.0,6500.0,75400.0,Education Loan,744000.0,16.2,240,10460.0,0.0,8300.0,11500.0,13800.0,33600.0,658,187600.0,293200.0,301600.0,No,Occasionally,High,Low,0.5536,4.41,-29416.67,2210.0,45.3,0.8466,1
43,Female,Software Engineer,Salaried,Single,2,44600.0,0.0,95000.0,0.0,52516.666666666664,8100.0,17100.0,2000.0,2600.0,1500.0,8800.0,17300.0,1200.0,2300.0,14400.0,7100.0,82400.0,Home Loan,2542000.0,11.7,360,25560.0,15500.0,0.0,4700.0,0.0,20200.0,317,366700.0,772600.0,325100.0,No,Occasionally,Low,Moderate,0.8713,11.1,-50083.33,3430.0,30.6,0.9954,1
57,Female,Software Engineer,Salaried,Married,4,29200.0,0.0,0.0,0.0,29200.0,8900.0,13700.0,6000.0,1100.0,900.0,4700.0,5400.0,15000.0,11400.0,10200.0,5400.0,82700.0,Home Loan,744000.0,10.7,24,34570.0,0.0,0.0,0.0,7000.0,7000.0,724,237100.0,384800.0,857800.0,No,Never,Low,Moderate,1.4236,6.93,-60500.0,6140.0,34.6,0.993,1
57,Other,Analyst,Salaried,Married,0,49200.0,23200.0,110000.0,0.0,81566.66666666667,12400.0,12000.0,7000.0,2100.0,1700.0,1800.0,0.0,10700.0,2000.0,18000.0,6100.0,73800.0,Home Loan,4499000.0,9.7,48,113460.0,23500.0,14000.0,0.0,8900.0,46400.0,515,58700.0,522800.0,1982200.0,No,Never,Low,Low,1.9599,4.84,-38633.33,0.0,24.4,1.0,1
30,Male,Teacher,Salaried,Married,0,28500.0,3100.0,75000.0,0.0,37850.0,12500.0,9500.0,8200.0,4900.0,1100.0,4600.0,0.0,12700.0,7600.0,8500.0,2800.0,72400.0,Education Loan,303000.0,16.7,360,4250.0,0.0,0.0,0.0,0.0,0.0,535,282100.0,534300.0,399400.0,No,Occasionally,Low,Low,0.1123,11.28,-34550.0,17030.0,63.7,0.3634,0
30,Other,Software Engineer,Salaried,Married,1,18700.0,0.0,18000.0,0.0,20200.0,5400.0,10800.0,9500.0,2200.0,800.0,3000.0,14700.0,5700.0,11100.0,19100.0,6200.0,88500.0,Vehicle Loan,916000.0,15.0,12,82680.0,0.0,1700.0,0.0,0.0,1700.0,575,132500.0,280700.0,245300.0,No,Occasionally,Moderate,Moderate,4.1772,4.58,-70000.0,7390.0,24.3,1.0,1
39,Male,Sales Executive,Salaried,Married,4,70500.0,2500.0,0.0,0.0,73000.0,23700.0,16500.0,9300.0,1600.0,700.0,9600.0,12300.0,8100.0,7900.0,15900.0,5200.0,110800.0,Home Loan,1968000.0,8.3,240,16830.0,19500.0,0.0,9900.0,12900.0,42300.0,764,172300.0,404500.0,655100.0,No,Never,Low,High,0.81,3.77,-80100.0,0.0,42.6,0.7862,1
37,Male,Teacher,Salaried,Married,2,65500.0,8300.0,104000.0,0.0,82466.66666666667,19700.0,21000.0,9500.0,5700.0,1000.0,8900.0,16400.0,12200.0,1400.0,20200.0,2600.0,118600.0,Vehicle Loan,1629000.0,15.0,12,147030.0,17800.0,0.0,0.0,0.0,17800.0,768,527100.0,313900.0,557100.0,No,Occasionally,High,Moderate,1.9987,6.17,-53933.33,19310.0,34.1,0.9988,1
41,Male,Analyst,Business,Single,3,61900.0,21800.0,0.0,62500.0,146200.0,39900.0,20400.0,2300.0,4100.0,2000.0,6500.0,10800.0,11600.0,7600.0,24600.0,7700.0,137500.0,Vehicle Loan,4892000.0,7.9,48,119200.0,0.0,0.0,0.0,12300.0,12300.0,541,657500.0,1152500.0,267000.0,Yes,Never,Low,Low,0.8995,12.08,-3600.0,53490.0,41.1,0.8836,1
34,Male,Accountant,Self-Employed,Single,0,94000.0,0.0,133000.0,0.0,105083.33333333333,26800.0,5900.0,7700.0,1300.0,2200.0,10700.0,0.0,5700.0,10900.0,22900.0,4600.0,98700.0,Personal Loan,3331000.0,9.4,360,27770.0,0.0,13400.0,0.0,0.0,13400.0,413,137000.0,902000.0,106100.0,No,Never,Moderate,Moderate,0.3918,9.27,-7016.67,33890.0,43.8,0.9029,1
29,Female,Accountant,Salaried,Married,4,35200.0,12000.0,0.0,0.0,47200.0,14500.0,18700.0,3800.0,1300.0,2200.0,3000.0,6700.0,5500.0,4500.0,15600.0,6600.0,82400.0,Business Loan,1142000.0,13.7,48,31040.0,14600.0,0.0,0.0,13900.0,28500.0,365,258400.0,786300.0,710300.0,No,Occasionally,Low,Moderate,1.2614,9.42,-63700.0,0.0,16.0,0.9994,1
21,Male,Business Owner,Self-Employed,Single,0,24000.0,0.0,51000.0,0.0,28250.0,8700.0,8500.0,3500.0,4100.0,1000.0,6000.0,0.0,10300.0,4400.0,22600.0,4700.0,73800.0,Education Loan,1149000.0,12.4,60,25790.0,5100.0,0.0,0.0,8500.0,13600.0,528,275300.0,262300.0,449300.0,No,Frequently,Moderate,High,1.3943,6.15,-59150.0,0.0,20.8,0.999,1
33,Male,Manager,Business,Single,0,47300.0,11600.0,0.0,44900.0,103800.0,25700.0,17700.0,8400.0,3700.0,1800.0,8800.0,0.0,14100.0,3700.0,5500.0,7500.0,96900.0,Business Loan,4294000.0,16.3,360,58780.0,20100.0,0.0,0.0,13000.0,33100.0,598,691700.0,1556500.0,2371500.0,Yes,Occasionally,Moderate,Moderate,0.8852,17.29,-26200.0,13610.0,41.7,0.6663,1
24,Female,Sales Executive,Salaried,Married,3,41200.0,0.0,0.0,0.0,41200.0,10600.0,23700.0,5300.0,1300.0,1000.0,1700.0,13500.0,7100.0,6600.0,3000.0,2000.0,75800.0,Education Loan,381000.0,13.9,240,4710.0,0.0,0.0,0.0,11800.0,11800.0,718,150000.0,403400.0,117600.0,No,Never,Low,Low,0.4007,6.32,-46400.0,6740.0,57.4,0.3851,0
21,Female,Accountant,Salaried,Married,3,32200.0,0.0,88000.0,0.0,39533.333333333336,13100.0,14500.0,9300.0,2100.0,1700.0,5100.0,18400.0,5900.0,3600.0,14300.0,4800.0,92800.0,Vehicle Loan,1492000.0,17.6,12,136500.0,0.0,0.0,0.0,0.0,0.0,531,231400.0,90000.0,610400.0,No,Never,Moderate,High,3.4528,3.46,-53266.67,17790.0,19.4,1.0,1
60,Female,Analyst,Salaried,Single,0,47100.0,0.0,0.0,0.0,47100.0,15700.0,8900.0,2300.0,5600.0,2300.0,7300.0,0.0,13500.0,9000.0,24400.0,1200.0,90200.0,Business Loan,2077000.0,16.5,36,73530.0,0.0,0.0,0.0,0.0,0.0,781,353700.0,631200.0,1306300.0,No,Never,Low,Low,1.5611,10.92,-43100.0,21200.0,40.4,0.9563,1
52,Female,Manager,Salaried,Married,0,36100.0,0.0,76000.0,0.0,42433.333333333336,11300.0,12400.0,8400.0,3900.0,600.0,5000.0,0.0,10600.0,8100.0,18300.0,2400.0,81000.0,Personal Loan,389000.0,11.1,48,10070.0,0.0,5500.0,4400.0,0.0,9900.0,739,84200.0,764300.0,1085400.0,No,Never,Moderate,Moderate,0.4706,9.33,-48466.67,9200.0,58.2,0.3551,0
54,Female,Software Engineer,Self-Employed,Married,0,19600.0,23700.0,13000.0,0.0,44383.333333333336,4500.0,10700.0,3100.0,3200.0,2500.0,6300.0,0.0,6400.0,5400.0,9000.0,3000.0,54100.0,Business Loan,1831000.0,16.3,36,64640.0,0.0,0.0,0.0,0.0,0.0,651,245200.0,481500.0,711800.0,No,Never,Low,Moderate,1.4564,13.43,-9716.67,19970.0,37.3,0.9456,1
48,Male,Software Engineer,Business,Single,0,39300.0,0.0,88000.0,72400.0,119033.33333333334,15000.0,7000.0,3400.0,2300.0,2200.0,7700.0,0.0,1800.0,8900.0,17400.0,4300.0,70000.0,Business Loan,5859000.0,16.6,360,81630.0,0.0,0.0,0.0,0.0,0.0,565,632700.0,1706800.0,477200.0,No,Never,Low,High,0.6858,33.42,49033.33,53570.0,62.9,0.0034,0
51,Male,Other,Salaried,Single,0,27800.0,0.0,0.0,0.0,27800.0,8700.0,13200.0,5800.0,1700.0,2000.0,5100.0,0.0,11100.0,2100.0,2900.0,6700.0,59300.0,Personal Loan,1411000.0,17.7,120,25150.0,0.0,0.0,0.0,0.0,0.0,625,113300.0,439200.0,130100.0,No,Occasionally,Low,Low,0.9047,9.32,-31500.0,12510.0,38.1,0.9701,1
28,Female,Manager,Self-Employed,Divorced,4,55000.0,11800.0,77000.0,0.0,73216.66666666667,8900.0,16700.0,5200.0,3000.0,1900.0,2200.0,17000.0,5900.0,9200.0,12800.0,4300.0,87100.0,Personal Loan,534000.0,7.6,36,16640.0,22000.0,13700.0,0.0,5300.0,41000.0,760,556200.0,723400.0,1048500.0,No,Never,Moderate,Low,0.7873,9.99,-54883.33,0.0,45.2,0.4743,1
59,Male,Analyst,Business,Single,2,35300.0,0.0,0.0,23300.0,58600.0,9000.0,17200.0,5900.0,5600.0,2000.0,2500.0,9300.0,2000.0,7600.0,7500.0,4900.0,73500.0,Home Loan,2541000.0,16.7,240,36690.0,0.0,0.0,0.0,0.0,0.0,625,343800.0,336700.0,1085300.0,No,Never,Low,Low,0.6261,9.26,-14900.0,26370.0,49.5,0.7648,1
46,Female,Sales Executive,Business,Single,2,85500.0,0.0,238000.0,82500.0,187833.3333333333,29600.0,13400.0,9500.0,1200.0,2500.0,6800.0,4100.0,9600.0,7900.0,3100.0,7500.0,95200.0,Education Loan,9173000.0,8.2,360,68590.0,0.0,0.0,0.0,14500.0,14500.0,844,1341000.0,3257300.0,5514500.0,No,Occasionally,Moderate,Moderate,0.4424,41.92,78133.33,70020.0,74.1,0.0,0
54,Male,Manager,Salaried,Married,2,109300.0,0.0,171000.0,0.0,123550.0,30900.0,17800.0,7300.0,6000.0,2000.0,2900.0,4600.0,5500.0,1700.0,7700.0,6300.0,92700.0,Vehicle Loan,3314000.0,13.0,48,88910.0,0.0,7600.0,0.0,0.0,7600.0,785,761300.0,2068900.0,3081200.0,No,Frequently,Low,High,0.7811,28.22,23250.0,48000.0,61.9,0.0019,0
23,Male,Accountant,Business,Married,1,68900.0,0.0,0.0,136600.0,205500.0,50200.0,15300.0,4300.0,2000.0,1200.0,10800.0,5500.0,5700.0,7800.0,18600.0,1400.0,122800.0,Business Loan,7163000.0,11.9,60,158980.0,0.0,0.0,0.0,0.0,0.0,810,1627300.0,3561400.0,2554600.0,No,Occasionally,Moderate,Moderate,0.7736,42.25,82700.0,92480.0,73.9,0.0,0
32,Female,Sales Executive,Salaried,Single,2,22600.0,0.0,0.0,0.0,22600.0,3900.0,15100.0,3400.0,3000.0,1700.0,10200.0,18300.0,7700.0,6400.0,14700.0,2200.0,86600.0,Business Loan,443000.0,17.2,36,15840.0,0.0,0.0,1300.0,2200.0,3500.0,518,147400.0,377200.0,237400.0,No,Never,Moderate,Low,0.8558,5.82,-67500.0,6670.0,32.5,0.994,1
21,Female,Other,Salaried,Single,1,104000.0,0.0,0.0,0.0,104000.0,15800.0,15900.0,5400.0,1200.0,1200.0,4800.0,10300.0,11000.0,6300.0,2500.0,1300.0,75700.0,Vehicle Loan,2295000.0,11.8,60,50820.0,0.0,0.0,0.0,10200.0,10200.0,444,721600.0,367000.0,42100.0,Yes,Never,Low,High,0.5867,12.67,18100.0,36600.0,53.7,0.7745,1
64,Female,Sales Executive,Salaried,Single,0,107800.0,16000.0,274000.0,0.0,146633.33333333334,42700.0,10500.0,5600.0,3900.0,2400.0,10100.0,0.0,4900.0,4500.0,11400.0,1500.0,97500.0,Personal Loan,4779000.0,13.8,24,229000.0,27000.0,0.0,10900.0,0.0,37900.0,313,387400.0,1302000.0,33900.0,Yes,Occasionally,Moderate,Moderate,1.8202,12.48,11233.33,28080.0,23.7,0.9999,1
25,Female,Software Engineer,Salaried,Divorced,1,49500.0,13500.0,0.0,0.0,63000.0,21000.0,7600.0,6800.0,3400.0,2300.0,6900.0,16900.0,2100.0,1100.0,19300.0,3400.0,90800.0,Personal Loan,839000.0,14.8,24,40600.0,0.0,0.0,0.0,0.0,0.0,711,537800.0,292300.0,896700.0,No,Never,Low,Low,0.6444,9.14,-27800.0,28350.0,51.4,0.5619,1
50,Male,Other,Self-Employed,Single,1,95000.0,0.0,191000.0,0.0,110916.66666666667,12600.0,8500.0,4100.0,4300.0,1600.0,2700.0,17200.0,6900.0,5600.0,24000.0,6100.0,93600.0,Business Loan,2815000.0,7.7,60,56670.0,0.0,0.0,0.0,0.0,0.0,371,219200.0,438000.0,230600.0,No,Never,High,High,0.5109,7.02,17316.67,49910.0,44.5,0.9461,1
50,Male,Accountant,Salaried,Married,2,37200.0,0.0,38000.0,0.0,40366.666666666664,5400.0,11400.0,8100.0,3700.0,2100.0,7800.0,7900.0,1800.0,5400.0,22100.0,2700.0,78400.0,Business Loan,871000.0,13.7,180,11420.0,11000.0,0.0,0.0,10800.0,21800.0,596,150500.0,639800.0,189400.0,Yes,Never,Moderate,Low,0.823,7.89,-59833.33,0.0,41.8,0.9583,1
37,Female,Teacher,Salaried,Divorced,4,19300.0,0.0,30000.0,0.0,21800.0,5700.0,12900.0,2800.0,3000.0,2300.0,8500.0,7600.0,10800.0,5700.0,2000.0,3700.0,65000.0,Vehicle Loan,395000.0,12.9,12,35260.0,0.0,1900.0,0.0,0.0,1900.0,492,195100.0,221200.0,641200.0,No,Never,Moderate,Moderate,1.7046,6.22,-45100.0,7910.0,21.2,0.9998,1
43,Female,Accountant,Salaried,Single,1,33500.0,23800.0,94000.0,0.0,65133.333333333336,19600.0,16000.0,6500.0,4700.0,1000.0,1900.0,12500.0,14400.0,7700.0,7000.0,3800.0,95100.0,Vehicle Loan,2059000.0,13.7,36,70070.0,0.0,0.0,0.0,0.0,0.0,353,99800.0,177400.0,1401500.0,No,Occasionally,Moderate,Moderate,1.0758,2.91,-29966.67,29310.0,12.3,0.9998,1
35,Male,Accountant,Self-Employed,Divorced,2,116400.0,0.0,0.0,0.0,116400.0,34700.0,13100.0,7000.0,1100.0,1700.0,4500.0,10100.0,10200.0,4300.0,6800.0,5100.0,98600.0,Education Loan,5951000.0,8.3,12,518490.0,0.0,0.0,0.0,0.0,0.0,500,1016600.0,1014500.0,1579300.0,No,Never,Moderate,Moderate,4.4544,20.6,17800.0,52380.0,36.7,1.0,1
57,Female,Doctor,Salaried,Divorced,0,23300.0,9400.0,64000.0,0.0,38033.333333333336,10600.0,5300.0,3700.0,3700.0,1500.0,1100.0,0.0,4900.0,4000.0,11500.0,7300.0,53600.0,Personal Loan,697000.0,8.1,240,5870.0,0.0,0.0,0.0,0.0,0.0,687,190800.0,755800.0,978800.0,No,Never,Moderate,High,0.1543,17.66,-15566.67,17120.0,68.3,0.0346,0
41,Male,Software Engineer,Self-Employed,Married,2,49000.0,0.0,135000.0,0.0,60250.0,19400.0,19500.0,8600.0,1600.0,2000.0,4500.0,3900.0,3500.0,6500.0,16900.0,7900.0,94300.0,Home Loan,2487000.0,9.4,24,114070.0,0.0,0.0,0.0,0.0,0.0,624,135200.0,303400.0,320700.0,Yes,Never,Low,Low,1.8933,4.65,-34050.0,27110.0,23.4,0.9998,1
34,Male,Software Engineer,Salaried,Single,1,49900.0,20600.0,143000.0,0.0,82416.66666666667,12700.0,15600.0,6900.0,3200.0,1300.0,4700.0,19500.0,4300.0,7500.0,5500.0,5200.0,86400.0,Home Loan,1564000.0,16.6,120,26790.0,16200.0,0.0,0.0,0.0,16200.0,540,618400.0,704300.0,962600.0,Yes,Never,High,Moderate,0.5216,12.89,-20183.33,20890.0,53.5,0.5478,1
22,Male,Analyst,Salaried,Married,0,37900.0,0.0,0.0,0.0,37900.0,4800.0,10300.0,7200.0,5000.0,1900.0,7900.0,0.0,4100.0,7200.0,23100.0,4500.0,76000.0,Vehicle Loan,486000.0,11.2,120,6750.0,0.0,0.0,4500.0,0.0,4500.0,869,121200.0,466000.0,335100.0,No,Frequently,Moderate,Moderate,0.2968,7.29,-42600.0,12560.0,72.0,0.031,0
31,Female,Doctor,Salaried,Married,1,39300.0,14600.0,0.0,0.0,53900.0,13700.0,9500.0,6000.0,1700.0,1300.0,3200.0,6000.0,5400.0,10700.0,19900.0,5800.0,83200.0,Education Loan,3066000.0,12.1,360,31770.0,0.0,8100.0,0.0,0.0,8100.0,340,374100.0,258300.0,1609700.0,No,Occasionally,Low,Moderate,0.7397,6.93,-37400.0,16160.0,31.9,0.9972,1
59,Female,Business Owner,Salaried,Divorced,2,50800.0,0.0,0.0,0.0,50800.0,15500.0,10100.0,9300.0,5700.0,700.0,1300.0,14500.0,2400.0,9500.0,11600.0,5700.0,86300.0,Business Loan,2023000.0,11.6,120,28560.0,0.0,8200.0,0.0,10800.0,19000.0,805,407100.0,984900.0,1373300.0,No,Occasionally,Moderate,Moderate,0.9362,13.22,-54500.0,3860.0,52.5,0.2488,0
58,Male,Accountant,Salaried,Single,0,37000.0,14300.0,0.0,0.0,51300.0,12600.0,10400.0,7600.0,5400.0,700.0,4500.0,0.0,13500.0,1600.0,15400.0,4700.0,76400.0,Vehicle Loan,552000.0,15.0,120,8910.0,0.0,5900.0,0.0,0.0,5900.0,852,303100.0,670100.0,809600.0,No,Occasionally,Low,Moderate,0.2887,11.83,-31000.0,17180.0,71.7,0.0308,0
54,Female,Analyst,Salaried,Married,3,24100.0,0.0,0.0,0.0,24100.0,8200.0,22400.0,5100.0,3100.0,700.0,10100.0,4800.0,13400.0,7200.0,14500.0,6200.0,95700.0,Vehicle Loan,959000.0,10.2,12,84400.0,6700.0,0.0,0.0,0.0,6700.0,785,192000.0,129100.0,306600.0,No,Never,Low,Moderate,3.7801,3.14,-78300.0,4140.0,34.5,1.0,1
58,Male,Doctor,Business,Single,0,54600.0,0.0,0.0,58300.0,112900.0,33700.0,6600.0,3900.0,1000.0,600.0,5400.0,0.0,9600.0,5600.0,15400.0,4400.0,86200.0,Vehicle Loan,1660000.0,8.2,180,16060.0,0.0,0.0,0.0,2500.0,2500.0,514,1059300.0,1070900.0,3380600.0,No,Never,Low,Low,0.1644,24.02,24200.0,48300.0,71.8,0.0103,0
54,Male,Other,Salaried,Single,3,83800.0,0.0,115000.0,0.0,93383.33333333333,25700.0,18000.0,2600.0,4900.0,1600.0,5600.0,4100.0,1900.0,5000.0,21800.0,8000.0,99200.0,Home Loan,5027000.0,11.5,120,70680.0,0.0,0.0,0.0,0.0,0.0,486,535000.0,733700.0,578000.0,No,Occasionally,High,Low,0.7569,12.79,-5816.67,42020.0,40.6,0.8903,1
38,Male,Sales Executive,Salaried,Married,2,75700.0,2200.0,0.0,0.0,77900.0,9000.0,21500.0,3300.0,5400.0,1800.0,6200.0,7300.0,12300.0,11500.0,6600.0,1300.0,86200.0,Vehicle Loan,1450000.0,15.1,240,19200.0,0.0,12200.0,0.0,0.0,12200.0,685,151700.0,258900.0,953200.0,No,Occasionally,High,High,0.4031,4.17,-20500.0,22860.0,53.1,0.7824,1
50,Male,Sales Executive,Salaried,Married,0,32700.0,23000.0,49000.0,0.0,59783.333333333336,7600.0,12900.0,9900.0,1900.0,800.0,9300.0,0.0,1900.0,6000.0,17700.0,4100.0,72100.0,Education Loan,2952000.0,17.1,12,269380.0,0.0,0.0,0.0,5500.0,5500.0,494,432900.0,383100.0,1276600.0,Yes,Occasionally,Low,Moderate,4.5979,10.52,-17816.67,21400.0,28.8,1.0,1
35,Male,Software Engineer,Business,Married,1,26200.0,0.0,0.0,20500.0,46700.0,13800.0,12200.0,5300.0,5600.0,1700.0,6300.0,11500.0,2500.0,8900.0,4500.0,3800.0,76100.0,Home Loan,745000.0,8.0,240,6230.0,0.0,0.0,0.0,0.0,0.0,327,205300.0,538000.0,986100.0,Yes,Frequently,Low,Moderate,0.1334,9.77,-29400.0,21020.0,50.5,0.9773,1
47,Female,Doctor,Salaried,Married,2,42500.0,0.0,72000.0,0.0,48500.0,7300.0,18000.0,9200.0,5600.0,1700.0,2000.0,10500.0,5600.0,11600.0,12600.0,6400.0,90500.0,Education Loan,1732000.0,16.0,240,24100.0,0.0,0.0,0.0,12300.0,12300.0,551,269000.0,129700.0,835500.0,Yes,Never,Moderate,Moderate,0.7505,3.88,-54300.0,9520.0,38.7,0.9851,1
54,Female,Accountant,Salaried,Divorced,2,107400.0,0.0,172000.0,0.0,121733.33333333333,13100.0,19500.0,3400.0,3400.0,800.0,3300.0,11100.0,7000.0,2700.0,16600.0,2300.0,83200.0,Home Loan,6717000.0,8.2,12,584920.0,32600.0,0.0,0.0,6800.0,39400.0,415,785800.0,233400.0,3476300.0,Yes,Frequently,Moderate,Low,5.1286,8.31,-866.67,15380.0,17.7,1.0,1
58,Female,Accountant,Self-Employed,Single,2,67700.0,16000.0,162000.0,0.0,97200.0,31900.0,16300.0,5400.0,5000.0,1300.0,3100.0,13500.0,6000.0,1600.0,2300.0,4000.0,90400.0,Education Loan,2068000.0,11.0,180,23500.0,0.0,8100.0,0.0,0.0,8100.0,500,711100.0,1096900.0,719600.0,Yes,Never,Moderate,Low,0.3251,18.36,-1300.0,35640.0,57.0,0.1418,0
53,Male,Teacher,Salaried,Married,1,69700.0,16000.0,84000.0,0.0,92700.0,29900.0,18200.0,9700.0,3200.0,2000.0,6600.0,6900.0,3300.0,4400.0,4500.0,5900.0,94600.0,Personal Loan,879000.0,7.7,180,8250.0,26000.0,0.0,0.0,0.0,26000.0,523,609800.0,857200.0,1581400.0,Yes,Frequently,Moderate,Low,0.3695,12.16,-27900.0,15720.0,54.2,0.7049,1
44,Male,Sales Executive,Salaried,Single,1,76500.0,8800.0,0.0,0.0,85300.0,13200.0,13200.0,2700.0,3800.0,500.0,1300.0,5300.0,2600.0,1500.0,4100.0,5200.0,53400.0,Personal Loan,3019000.0,17.1,180,46680.0,20000.0,0.0,0.0,0.0,20000.0,479,231400.0,390400.0,2074000.0,Yes,Never,Moderate,High,0.7817,8.47,11900.0,18380.0,37.6,0.9471,1
35,Male,Analyst,Salaried,Single,4,60500.0,0.0,69000.0,0.0,66250.0,19500.0,23600.0,6800.0,2600.0,800.0,4100.0,17900.0,13000.0,2300.0,10600.0,4800.0,106000.0,Home Loan,959000.0,14.9,36,33200.0,0.0,0.0,8600.0,7200.0,15800.0,793,504000.0,963400.0,462000.0,No,Occasionally,High,Low,0.7396,12.05,-55550.0,14010.0,55.8,0.2907,0
50,Male,Doctor,Salaried,Married,0,52100.0,5800.0,0.0,0.0,57900.0,6500.0,17300.0,9400.0,1800.0,2500.0,7700.0,0.0,6100.0,11900.0,16300.0,4000.0,83500.0,Personal Loan,2609000.0,11.4,36,85910.0,0.0,0.0,8600.0,0.0,8600.0,373,473000.0,154600.0,1513200.0,Yes,Occasionally,Moderate,High,1.6323,6.81,-34200.0,17460.0,16.6,1.0,1
62,Female,Accountant,Salaried,Divorced,1,68300.0,3200.0,0.0,0.0,71500.0,12200.0,13000.0,9600.0,4700.0,2000.0,4900.0,4000.0,4100.0,11600.0,24900.0,6300.0,97300.0,Business Loan,2681000.0,11.5,240,28590.0,0.0,7300.0,0.0,12800.0,20100.0,796,61300.0,438800.0,1370900.0,No,Occasionally,Low,Moderate,0.681,4.26,-45900.0,12080.0,45.9,0.654,1
37,Male,Teacher,Salaried,Married,0,37300.0,6400.0,0.0,0.0,43700.0,11200.0,12500.0,8800.0,1000.0,1400.0,8800.0,0.0,7800.0,8600.0,7800.0,5500.0,73400.0,Education Loan,1051000.0,14.2,240,13220.0,0.0,0.0,0.0,7500.0,7500.0,471,149800.0,127800.0,499600.0,No,Never,Low,Moderate,0.4741,3.43,-37200.0,12160.0,36.3,0.9847,1
25,Female,Doctor,Salaried,Married,2,24200.0,0.0,32000.0,0.0,26866.666666666668,7800.0,16500.0,8800.0,3900.0,1800.0,5300.0,14800.0,1500.0,9300.0,5100.0,7100.0,81900.0,Home Loan,1177000.0,8.4,240,10140.0,0.0,0.0,0.0,0.0,0.0,739,263000.0,398300.0,522000.0,No,Never,Low,Moderate,0.3774,8.07,-55033.33,12090.0,65.2,0.2035,0
49,Female,Manager,Salaried,Single,2,70400.0,8500.0,0.0,0.0,78900.0,8100.0,18900.0,7200.0,5300.0,2200.0,11800.0,5600.0,9400.0,2500.0,11500.0,6100.0,88600.0,Personal Loan,1430000.0,9.0,36,45470.0,0.0,0.0,0.0,0.0,0.0,447,172700.0,1027400.0,2196700.0,No,Occasionally,Moderate,High,0.5763,13.55,-9700.0,35500.0,38.7,0.856,1
24,Male,Accountant,Salaried,Single,0,91000.0,0.0,130000.0,0.0,101833.33333333333,18500.0,15500.0,3800.0,2100.0,2200.0,11600.0,0.0,4500.0,7500.0,5400.0,2000.0,73100.0,Home Loan,5645000.0,16.4,48,161140.0,0.0,0.0,0.0,0.0,0.0,488,227800.0,466500.0,3018900.0,Yes,Occasionally,Moderate,Moderate,1.5824,9.5,28733.33,45820.0,30.8,0.9952,1
30,Female,Manager,Business,Married,0,28000.0,0.0,0.0,15600.0,43600.0,6700.0,4400.0,7800.0,2700.0,1100.0,9800.0,0.0,9400.0,2700.0,2600.0,5300.0,52500.0,Business Loan,1050000.0,9.6,24,48260.0,0.0,0.0,0.0,0.0,0.0,820,266700.0,505300.0,368100.0,No,Never,Moderate,Moderate,1.1069,14.7,-8900.0,19620.0,47.1,0.4504,1
37,Female,Doctor,Self-Employed,Single,0,73900.0,0.0,80000.0,0.0,80566.66666666667,28200.0,14300.0,9800.0,3900.0,1500.0,11500.0,0.0,9600.0,5200.0,15000.0,1300.0,100300.0,Home Loan,3784000.0,15.1,36,131360.0,0.0,0.0,0.0,0.0,0.0,580,299100.0,1146700.0,2197200.0,No,Never,Low,Moderate,1.6305,14.41,-19733.33,36260.0,34.3,0.9914,1
30,Female,Accountant,Self-Employed,Single,1,113600.0,0.0,289000.0,0.0,137683.33333333334,36900.0,17000.0,6200.0,2200.0,1800.0,3300.0,4800.0,12300.0,4800.0,22200.0,3700.0,115200.0,Home Loan,2646000.0,9.9,60,56090.0,0.0,0.0,10400.0,0.0,10400.0,564,928400.0,227100.0,159400.0,Yes,Never,Moderate,Moderate,0.4829,9.2,12083.33,51560.0,49.6,0.667,1
37,Female,Manager,Salaried,Married,1,49000.0,0.0,0.0,0.0,49000.0,9900.0,15800.0,4100.0,5200.0,600.0,9300.0,5700.0,4200.0,7800.0,21800.0,3900.0,88300.0,Vehicle Loan,2171000.0,8.4,36,68430.0,9600.0,0.0,3300.0,4600.0,17500.0,536,146800.0,666500.0,10700.0,Yes,Frequently,Low,High,1.7537,7.69,-56800.0,4550.0,23.9,0.9998,1
40,Male,Business Owner,Salaried,Single,4,32600.0,0.0,0.0,0.0,32600.0,3900.0,22000.0,6600.0,2800.0,2400.0,4500.0,14200.0,7500.0,1900.0,4300.0,7000.0,77100.0,Vehicle Loan,220000.0,17.0,48,6350.0,0.0,0.0,2800.0,0.0,2800.0,696,148200.0,225600.0,588400.0,No,Occasionally,High,Moderate,0.2807,4.68,-47300.0,11870.0,58.0,0.3813,0
44,Male,Teacher,Salaried,Single,1,52100.0,0.0,155000.0,0.0,65016.666666666664,16200.0,6600.0,7500.0,3900.0,1400.0,9000.0,3400.0,14500.0,2100.0,5400.0,2300.0,72300.0,Vehicle Loan,1382000.0,17.0,180,21270.0,20200.0,0.0,0.0,8500.0,28700.0,440,649200.0,232100.0,939400.0,No,Occasionally,Moderate,Moderate,0.7686,8.73,-35983.33,560.0,35.1,0.9848,1
25,Male,Analyst,Salaried,Married,0,37200.0,21800.0,0.0,0.0,59000.0,15400.0,10200.0,3700.0,2100.0,1200.0,5100.0,0.0,11200.0,7700.0,13300.0,5500.0,75400.0,Vehicle Loan,596000.0,13.9,36,20340.0,9200.0,0.0,3800.0,0.0,13000.0,514,238800.0,979500.0,830500.0,Yes,Never,High,High,0.5651,13.78,-29400.0,13550.0,51.6,0.8371,1
54,Male,Sales Executive,Unemployed,Married,3,36000.0,0.0,79000.0,0.0,42583.333333333336,12900.0,21500.0,7800.0,1200.0,2300.0,4200.0,16500.0,14700.0,8000.0,10500.0,2300.0,101900.0,Education Loan,1270000.0,12.4,12,113080.0,0.0,0.0,0.0,0.0,0.0,582,56100.0,533000.0,299000.0,No,Occasionally,Low,Moderate,2.6555,5.78,-59316.67,19160.0,25.1,1.0,1
26,Female,Teacher,Salaried,Divorced,1,60900.0,0.0,92000.0,0.0,68566.66666666667,11800.0,19100.0,6700.0,1900.0,700.0,11500.0,5900.0,14000.0,4700.0,18200.0,7600.0,102100.0,Business Loan,1984000.0,13.3,12,177480.0,0.0,0.0,0.0,0.0,0.0,714,517900.0,780600.0,1229000.0,No,Never,Low,Moderate,2.5884,12.72,-33533.33,30860.0,36.8,0.9994,1
22,Male,Manager,Salaried,Married,1,22000.0,0.0,0.0,0.0,22000.0,7600.0,9200.0,6900.0,1200.0,600.0,3300.0,18600.0,9600.0,2600.0,13400.0,4700.0,77700.0,Home Loan,544000.0,11.8,48,14270.0,0.0,0.0,0.0,6700.0,6700.0,363,134000.0,371600.0,11200.0,No,Occasionally,Low,Moderate,0.9532,5.99,-62400.0,3200.0,19.5,0.999,1
33,Female,Accountant,Salaried,Married,0,23800.0,16400.0,0.0,0.0,40200.0,8400.0,12100.0,4400.0,3300.0,1900.0,9300.0,0.0,4700.0,10700.0,2500.0,6000.0,63300.0,Business Loan,2370000.0,15.5,12,214470.0,0.0,0.0,3200.0,6900.0,10100.0,611,189900.0,242700.0,523200.0,Yes,Occasionally,High,Low,5.5863,5.89,-33200.0,7990.0,26.3,1.0,1
63,Female,Business Owner,Salaried,Divorced,1,49500.0,16300.0,0.0,0.0,65800.0,11400.0,17300.0,3200.0,3900.0,1300.0,8400.0,17900.0,11600.0,1600.0,8500.0,5500.0,90600.0,Home Loan,1212000.0,15.4,120,19850.0,0.0,0.0,0.0,8000.0,8000.0,879,600900.0,83500.0,724300.0,No,Occasionally,Moderate,Low,0.4233,6.94,-32800.0,21610.0,60.2,0.0719,0
63,Male,Business Owner,Salaried,Married,3,48500.0,0.0,0.0,0.0,48500.0,9100.0,20500.0,7000.0,1200.0,2000.0,4300.0,10100.0,10800.0,8900.0,22700.0,3100.0,99700.0,Vehicle Loan,2353000.0,16.1,48,66810.0,0.0,0.0,0.0,0.0,0.0,575,91800.0,922800.0,280900.0,No,Frequently,Low,Moderate,1.3775,10.18,-51200.0,21820.0,33.4,0.9955,1
31,Male,Sales Executive,Salaried,Single,1,58200.0,14500.0,0.0,0.0,72700.0,16700.0,14700.0,6700.0,1500.0,600.0,6000.0,12000.0,9200.0,2500.0,13800.0,7300.0,91000.0,Education Loan,2153000.0,13.0,60,48990.0,15700.0,0.0,0.0,6900.0,22600.0,392,374600.0,435700.0,1113900.0,Yes,Never,Low,Low,0.9847,7.13,-40900.0,10120.0,28.4,0.9989,1
43,Female,Business Owner,Salaried,Single,0,125200.0,0.0,0.0,0.0,125200.0,41800.0,4300.0,4700.0,3400.0,1300.0,2600.0,0.0,10800.0,8000.0,20400.0,5400.0,102700.0,Home Loan,2932000.0,15.9,120,48930.0,0.0,0.0,0.0,0.0,0.0,412,290700.0,1631800.0,2592600.0,No,Occasionally,Moderate,Moderate,0.3908,18.72,22500.0,56340.0,56.7,0.4651,1
36,Female,Teacher,Business,Married,2,51700.0,12200.0,0.0,41900.0,105800.0,30000.0,18100.0,4400.0,5000.0,1000.0,11100.0,14200.0,9600.0,8300.0,11300.0,4600.0,117600.0,Home Loan,1713000.0,9.1,24,78340.0,0.0,6200.0,0.0,0.0,6200.0,497,136800.0,2069800.0,2580400.0,No,Never,Moderate,High,0.7991,17.82,-18000.0,41410.0,41.4,0.8552,1
51,Female,Business Owner,Salaried,Married,3,66100.0,0.0,0.0,0.0,66100.0,16100.0,20800.0,4800.0,4100.0,2000.0,11600.0,8400.0,8300.0,9800.0,17600.0,4700.0,108200.0,Personal Loan,2633000.0,7.8,12,228800.0,0.0,0.0,9700.0,8500.0,18200.0,368,310800.0,359500.0,916600.0,Yes,Occasionally,Low,Moderate,3.7368,5.3,-60300.0,11540.0,14.7,1.0,1
31,Male,Sales Executive,Business,Married,0,30100.0,0.0,28000.0,34300.0,66733.33333333333,9400.0,14100.0,5900.0,1500.0,1000.0,9100.0,0.0,6800.0,5300.0,5900.0,7200.0,66200.0,Education Loan,1558000.0,14.3,24,75030.0,0.0,0.0,0.0,10700.0,10700.0,874,634000.0,1325400.0,480300.0,No,Occasionally,Low,Moderate,1.2847,25.48,-10166.67,19330.0,43.4,0.0123,0
36,Male,Business Owner,Self-Employed,Married,1,72000.0,0.0,112000.0,0.0,81333.33333333333,11200.0,16700.0,9800.0,5400.0,1400.0,10300.0,4400.0,1600.0,1200.0,18900.0,1400.0,82300.0,Education Loan,4043000.0,8.6,120,50340.0,0.0,0.0,0.0,0.0,0.0,654,598600.0,913700.0,512100.0,No,Occasionally,Moderate,Moderate,0.6189,18.38,-966.67,36600.0,50.1,0.0492,0
28,Male,Business Owner,Salaried,Married,4,37700.0,0.0,59000.0,0.0,42616.666666666664,9600.0,18000.0,8100.0,5600.0,2100.0,1900.0,4000.0,13100.0,9900.0,20100.0,3700.0,96100.0,Education Loan,2483000.0,13.3,360,28050.0,8700.0,0.0,0.0,0.0,8700.0,439,116300.0,819100.0,740500.0,No,Occasionally,Moderate,Low,0.8623,8.93,-62183.33,10480.0,33.6,0.9916,1
24,Male,Other,Self-Employed,Divorced,0,50800.0,0.0,0.0,0.0,50800.0,14300.0,17900.0,8800.0,2600.0,2300.0,5200.0,0.0,13100.0,5900.0,4100.0,6900.0,81100.0,Business Loan,889000.0,15.1,240,11770.0,0.0,0.0,0.0,0.0,0.0,858,248700.0,133800.0,593200.0,No,Occasionally,Low,Low,0.2317,4.72,-30300.0,22860.0,63.4,0.0949,0
60,Female,Teacher,Salaried,Married,2,46400.0,4700.0,0.0,0.0,51100.0,14700.0,18800.0,6000.0,4100.0,1900.0,4600.0,15500.0,9300.0,10300.0,6200.0,1300.0,92700.0,Vehicle Loan,617000.0,11.8,12,54760.0,0.0,0.0,0.0,0.0,0.0,767,412700.0,566700.0,486800.0,No,Occasionally,Moderate,Moderate,1.0716,10.57,-41600.0,23000.0,47.1,0.6932,1
24,Female,Manager,Business,Single,2,82200.0,7900.0,61000.0,113200.0,208383.3333333333,32600.0,16100.0,6200.0,3500.0,1400.0,7200.0,6500.0,4800.0,9500.0,12600.0,5500.0,105900.0,Personal Loan,4658000.0,8.0,60,94450.0,0.0,0.0,0.0,9600.0,9600.0,651,491000.0,3947400.0,3269400.0,No,Never,Low,Moderate,0.4993,38.43,92883.33,84170.0,73.6,0.0001,0
45,Female,Software Engineer,Salaried,Married,2,25500.0,0.0,49000.0,0.0,29583.333333333332,3700.0,21100.0,3600.0,5700.0,1600.0,3000.0,8100.0,1400.0,6500.0,16700.0,3800.0,75200.0,Business Loan,908000.0,16.8,180,13850.0,0.0,0.0,0.0,6300.0,6300.0,665,72000.0,117000.0,493800.0,No,Frequently,Moderate,Moderate,0.6811,2.32,-51916.67,7010.0,47.1,0.9176,1
23,Female,Business Owner,Salaried,Single,1,15700.0,0.0,0.0,0.0,15700.0,3100.0,18700.0,7800.0,3500.0,1900.0,7200.0,18400.0,1000.0,12000.0,16700.0,2400.0,92700.0,Vehicle Loan,338000.0,8.0,240,2830.0,0.0,0.0,0.0,13600.0,13600.0,745,34900.0,97800.0,110100.0,No,Occasionally,Moderate,Moderate,1.0465,1.25,-90600.0,0.0,36.3,0.9657,1
52,Female,Analyst,Salaried,Married,0,44100.0,0.0,0.0,0.0,44100.0,14500.0,15400.0,5400.0,5800.0,2200.0,8200.0,0.0,2000.0,6100.0,17400.0,5300.0,82300.0,Home Loan,2574000.0,17.0,180,39610.0,7400.0,0.0,0.0,9300.0,16700.0,674,276500.0,222100.0,500500.0,Yes,Occasionally,High,High,1.2769,5.04,-54900.0,3140.0,25.9,0.9922,1
23,Male,Business Owner,Salaried,Divorced,2,62000.0,0.0,54000.0,0.0,66500.0,15700.0,15900.0,7900.0,2000.0,2300.0,2500.0,18600.0,6000.0,8700.0,18400.0,6800.0,104800.0,Personal Loan,3182000.0,8.1,12,276940.0,0.0,0.0,0.0,0.0,0.0,546,51500.0,1286300.0,1411900.0,Yes,Occasionally,Low,Moderate,4.1645,12.77,-38300.0,29920.0,31.3,1.0,1
47,Male,Other,Unemployed,Married,0,52900.0,4700.0,96000.0,0.0,65600.0,11800.0,11400.0,5300.0,2700.0,2400.0,2400.0,0.0,3600.0,8400.0,13600.0,4300.0,65900.0,Business Loan,3814000.0,15.2,48,106530.0,0.0,0.0,0.0,6700.0,6700.0,874,399000.0,394100.0,762400.0,No,Never,High,High,1.7261,10.92,-7000.0,22820.0,39.0,0.9698,1
49,Female,Manager,Salaried,Married,1,90800.0,0.0,0.0,0.0,90800.0,16400.0,10600.0,2900.0,4900.0,2100.0,1400.0,4100.0,4700.0,6700.0,15200.0,2000.0,71000.0,Personal Loan,2318000.0,17.2,48,67130.0,0.0,0.0,0.0,0.0,0.0,812,757400.0,299500.0,1209700.0,No,Frequently,Moderate,High,0.7393,14.89,19800.0,40860.0,63.7,0.0104,0
52,Male,Analyst,Self-Employed,Married,0,61000.0,3200.0,79000.0,0.0,70783.33333333333,9400.0,7500.0,3400.0,4900.0,800.0,9400.0,0.0,10800.0,7400.0,2200.0,3100.0,58900.0,Vehicle Loan,1540000.0,17.0,360,21960.0,0.0,0.0,0.0,0.0,0.0,877,561700.0,1142400.0,1359100.0,No,Occasionally,High,High,0.3102,28.93,11883.33,31850.0,79.6,0.0001,0
39,Female,Analyst,Salaried,Single,0,37000.0,0.0,58000.0,0.0,41833.333333333336,9100.0,11200.0,8500.0,4700.0,2000.0,4600.0,0.0,14400.0,9800.0,5800.0,7900.0,78000.0,Business Loan,1146000.0,16.9,120,19840.0,13100.0,0.0,2100.0,11200.0,26400.0,543,285900.0,450000.0,239500.0,No,Never,Low,Moderate,1.1053,7.05,-62566.67,0.0,28.6,0.9947,1
41,Female,Teacher,Business,Single,4,15300.0,0.0,38000.0,26600.0,45066.66666666667,13400.0,20100.0,4100.0,5300.0,2100.0,3500.0,18700.0,3900.0,7300.0,13500.0,1800.0,93700.0,Business Loan,1521000.0,16.8,120,26240.0,12100.0,0.0,3600.0,8300.0,24000.0,381,116500.0,550200.0,1171900.0,No,Frequently,Low,Low,1.1148,5.66,-72633.33,0.0,16.9,0.9994,1
25,Male,Sales Executive,Salaried,Married,1,43500.0,0.0,31000.0,0.0,46083.333333333336,15800.0,9400.0,4100.0,4500.0,2300.0,9600.0,12300.0,7500.0,6000.0,19100.0,2100.0,92700.0,Personal Loan,2110000.0,12.9,60,47900.0,13600.0,0.0,2500.0,0.0,16100.0,405,380500.0,577400.0,467800.0,No,Frequently,Low,Moderate,1.3888,8.8,-62716.67,4640.0,21.5,0.9995,1
38,Female,Sales Executive,Salaried,Married,4,82000.0,0.0,0.0,0.0,82000.0,18500.0,24900.0,9400.0,4200.0,2300.0,2600.0,12100.0,14900.0,8300.0,20600.0,7900.0,125700.0,Home Loan,4384000.0,13.4,60,100650.0,0.0,0.0,0.0,0.0,0.0,405,786900.0,1037100.0,1691600.0,No,Never,Low,Moderate,1.2274,14.51,-43700.0,36900.0,27.2,0.9968,1
48,Female,Manager,Salaried,Married,0,40300.0,0.0,51000.0,0.0,44550.0,6300.0,11800.0,7300.0,3300.0,1500.0,5700.0,0.0,14000.0,1400.0,18800.0,7200.0,77300.0,Home Loan,1358000.0,14.0,360,16090.0,0.0,0.0,0.0,11600.0,11600.0,792,100100.0,429100.0,397200.0,No,Frequently,High,High,0.6215,5.95,-44350.0,8450.0,51.0,0.4505,1
62,Female,Sales Executive,Self-Employed,Single,1,49700.0,9900.0,25000.0,0.0,61683.333333333336,16700.0,13400.0,2900.0,3300.0,1800.0,9200.0,17900.0,5900.0,2200.0,13200.0,5900.0,92400.0,Home Loan,1289000.0,16.9,24,63670.0,0.0,0.0,0.0,3900.0,3900.0,625,564300.0,1205000.0,1199400.0,Yes,Occasionally,Low,Low,1.0954,18.37,-34616.67,23860.0,41.9,0.7705,1
42,Female,Doctor,Salaried,Married,0,60500.0,0.0,66000.0,0.0,66000.0,19100.0,10100.0,3100.0,3000.0,500.0,7300.0,0.0,5500.0,2400.0,8500.0,2100.0,61600.0,Vehicle Loan,1487000.0,16.3,60,36400.0,0.0,0.0,0.0,0.0,0.0,363,567800.0,284300.0,549100.0,No,Never,Moderate,Moderate,0.5515,13.83,4400.0,29700.0,45.8,0.9488,1
41,Female,Other,Salaried,Married,2,29500.0,0.0,21000.0,0.0,31250.0,3700.0,8800.0,4200.0,4100.0,1600.0,7100.0,10200.0,4400.0,5700.0,12200.0,2700.0,64700.0,Personal Loan,1354000.0,15.7,12,122660.0,0.0,2500.0,4500.0,0.0,7000.0,330,306300.0,600000.0,701300.0,No,Frequently,Low,Moderate,4.1491,12.64,-40450.0,7060.0,17.8,1.0,1
26,Male,Software Engineer,Salaried,Married,2,66900.0,21700.0,49000.0,0.0,92683.33333333333,29000.0,20400.0,6800.0,3000.0,1400.0,2700.0,4900.0,3200.0,10600.0,2200.0,2300.0,86500.0,Vehicle Loan,3357000.0,14.6,60,79160.0,0.0,0.0,0.0,0.0,0.0,777,327500.0,607600.0,291500.0,Yes,Never,Low,Moderate,0.8541,10.81,6183.33,41710.0,47.8,0.2201,0
21,Male,Software Engineer,Self-Employed,Married,0,111100.0,0.0,0.0,0.0,111100.0,34100.0,8400.0,8000.0,1700.0,2400.0,3000.0,0.0,7400.0,8100.0,15800.0,5400.0,94300.0,Vehicle Loan,3528000.0,14.0,48,96410.0,0.0,0.0,0.0,12800.0,12800.0,876,1041400.0,512000.0,1024900.0,No,Occasionally,Moderate,Low,0.983,14.5,4000.0,37200.0,51.9,0.0656,0
25,Female,Teacher,Salaried,Married,3,45000.0,21300.0,0.0,0.0,66300.0,14500.0,19000.0,4200.0,1500.0,2300.0,7400.0,5200.0,5800.0,11700.0,3700.0,3800.0,79100.0,Home Loan,1071000.0,17.2,48,31010.0,0.0,0.0,0.0,13500.0,13500.0,401,146200.0,854500.0,1128800.0,No,Occasionally,Low,High,0.6713,10.81,-26300.0,16340.0,36.3,0.9809,1
61,Female,Teacher,Salaried,Married,0,27900.0,0.0,79000.0,0.0,34483.333333333336,8300.0,12500.0,9000.0,5600.0,2100.0,1300.0,0.0,11400.0,1400.0,5300.0,1300.0,58200.0,Home Loan,1833000.0,9.5,48,46050.0,0.0,0.0,0.0,0.0,0.0,584,74600.0,618800.0,655000.0,No,Occasionally,Low,Moderate,1.3354,11.91,-23716.67,15520.0,28.1,0.9878,1
32,Male,Software Engineer,Salaried,Married,2,47400.0,0.0,0.0,0.0,47400.0,13200.0,16200.0,2900.0,1100.0,600.0,10600.0,12000.0,4300.0,8900.0,16400.0,3000.0,89200.0,Home Loan,2273000.0,9.5,36,72810.0,0.0,0.0,0.0,0.0,0.0,516,71900.0,374200.0,196500.0,No,Never,Moderate,Low,1.5361,5.0,-41800.0,21330.0,20.2,0.9997,1
46,Male,Sales Executive,Business,Married,4,16100.0,19300.0,0.0,28000.0,63400.0,17100.0,19400.0,3700.0,1500.0,1300.0,4900.0,9600.0,11300.0,4500.0,2300.0,7000.0,82600.0,Personal Loan,807000.0,17.8,120,14440.0,19000.0,0.0,0.0,14000.0,33000.0,338,289300.0,154300.0,607800.0,Yes,Never,Low,High,0.7483,3.84,-52200.0,0.0,28.7,0.9991,1
54,Female,Accountant,Business,Single,3,58000.0,20100.0,0.0,68800.0,146900.0,15300.0,12500.0,9800.0,3200.0,1900.0,5600.0,13400.0,5000.0,1300.0,15200.0,6600.0,89800.0,Personal Loan,3703000.0,13.3,36,125300.0,41300.0,0.0,0.0,0.0,41300.0,333,90500.0,1644400.0,448600.0,No,Never,Moderate,Moderate,1.1341,13.23,15800.0,24800.0,27.6,0.9948,1
34,Female,Doctor,Salaried,Divorced,4,61500.0,0.0,137000.0,0.0,72916.66666666667,9500.0,15900.0,3100.0,2300.0,600.0,3800.0,16100.0,9300.0,10100.0,16700.0,5500.0,92900.0,Home Loan,2539000.0,12.6,120,37310.0,0.0,0.0,0.0,12100.0,12100.0,449,300600.0,1437800.0,1825100.0,No,Never,Moderate,Low,0.6776,16.56,-32083.33,20710.0,44.2,0.8123,1
46,Female,Business Owner,Salaried,Single,0,113300.0,0.0,0.0,0.0,113300.0,15900.0,11300.0,9100.0,3000.0,1000.0,10600.0,0.0,9900.0,2800.0,20100.0,1600.0,85300.0,Vehicle Loan,3398000.0,16.4,120,57770.0,0.0,0.0,8500.0,0.0,8500.0,357,730400.0,951900.0,3343500.0,No,Frequently,Low,Moderate,0.5849,17.93,19500.0,42480.0,53.3,0.7968,1
47,Female,Manager,Salaried,Single,0,44500.0,3900.0,37000.0,0.0,51483.333333333336,14900.0,15100.0,7600.0,1600.0,2300.0,8100.0,0.0,10400.0,3400.0,3600.0,7200.0,74200.0,Personal Loan,1384000.0,16.4,24,68030.0,0.0,9300.0,3600.0,11200.0,24100.0,362,64000.0,71000.0,438300.0,No,Occasionally,Low,Moderate,1.7895,1.37,-46816.67,0.0,11.8,1.0,1
29,Male,Other,Salaried,Married,0,60100.0,0.0,0.0,0.0,60100.0,12600.0,10000.0,2600.0,1700.0,800.0,5900.0,0.0,3500.0,4700.0,2100.0,4700.0,48600.0,Business Loan,2677000.0,9.4,360,22310.0,20400.0,7400.0,0.0,0.0,27800.0,486,497400.0,632100.0,871100.0,No,Occasionally,Low,Moderate,0.8338,14.78,-16300.0,0.0,37.2,0.8574,1
46,Male,Accountant,Salaried,Single,1,31900.0,0.0,0.0,0.0,31900.0,7500.0,8900.0,5900.0,5000.0,600.0,7400.0,19300.0,5000.0,9700.0,19600.0,4500.0,93400.0,Vehicle Loan,255000.0,9.3,240,2340.0,0.0,0.0,0.0,0.0,0.0,370,104700.0,264500.0,484700.0,No,Occasionally,Low,Low,0.0734,3.95,-61500.0,14360.0,47.9,0.9674,1
42,Female,Doctor,Self-Employed,Married,2,41000.0,18600.0,0.0,0.0,59600.0,17500.0,9200.0,6200.0,4800.0,1700.0,5200.0,16800.0,4400.0,7900.0,8700.0,7500.0,89900.0,Vehicle Loan,1843000.0,15.9,180,26940.0,0.0,0.0,0.0,0.0,0.0,425,56100.0,135100.0,294000.0,No,Never,Low,High,0.452,2.13,-30300.0,26820.0,35.3,0.9928,1
50,Male,Business Owner,Salaried,Married,0,22900.0,24100.0,0.0,0.0,47000.0,8700.0,13300.0,9500.0,1500.0,2400.0,6100.0,0.0,9100.0,3900.0,22400.0,1100.0,78000.0,Education Loan,913000.0,15.7,360,12060.0,0.0,0.0,0.0,3100.0,3100.0,305,190800.0,828200.0,941300.0,No,Occasionally,Low,Moderate,0.3226,12.56,-34100.0,18050.0,49.4,0.9735,1
63,Male,Teacher,Business,Married,2,44500.0,11300.0,94000.0,76300.0,139933.33333333334,40200.0,13900.0,5400.0,4300.0,2200.0,4900.0,14800.0,2100.0,2900.0,6300.0,4900.0,101900.0,Personal Loan,1351000.0,9.9,240,12950.0,0.0,0.0,15100.0,0.0,15100.0,847,254000.0,1785100.0,2169400.0,No,Occasionally,Low,Low,0.2005,17.43,22933.33,47870.0,81.0,0.0014,0
37,Male,Doctor,Salaried,Divorced,0,42100.0,2600.0,50000.0,0.0,48866.666666666664,10300.0,5800.0,5600.0,4000.0,2400.0,5500.0,0.0,8300.0,2200.0,15500.0,6500.0,66100.0,Business Loan,1494000.0,16.3,360,20450.0,7800.0,0.0,0.0,0.0,7800.0,536,393600.0,192000.0,753300.0,No,Occasionally,Low,Moderate,0.5781,7.92,-25033.33,14190.0,43.8,0.9452,1
46,Female,Software Engineer,Self-Employed,Single,0,56900.0,15900.0,142000.0,0.0,84633.33333333333,16400.0,13400.0,2900.0,4600.0,2000.0,4500.0,0.0,2200.0,2600.0,4500.0,1400.0,54500.0,Personal Loan,1221000.0,12.5,240,13870.0,27400.0,0.0,7300.0,0.0,34700.0,802,310900.0,1573600.0,148700.0,No,Never,Low,High,0.5739,21.13,-4566.67,3380.0,61.0,0.0062,0
56,Female,Doctor,Salaried,Married,2,35900.0,8700.0,0.0,0.0,44600.0,8200.0,10900.0,7100.0,3400.0,1400.0,1900.0,15700.0,5700.0,10500.0,11300.0,3500.0,79600.0,Vehicle Loan,856000.0,12.4,36,28600.0,0.0,0.0,0.0,0.0,0.0,737,71900.0,532900.0,106900.0,No,Never,High,High,0.6413,7.6,-35000.0,20070.0,49.6,0.6119,1
21,Male,Manager,Salaried,Single,1,51100.0,12000.0,109000.0,0.0,72183.33333333333,24600.0,13100.0,3700.0,2300.0,2400.0,1400.0,19000.0,10600.0,11100.0,22300.0,7800.0,118300.0,Personal Loan,2374000.0,17.8,12,217420.0,11500.0,5800.0,0.0,0.0,17300.0,369,347200.0,1017400.0,2088200.0,No,Never,Moderate,Low,3.2517,10.06,-63416.67,15180.0,17.0,1.0,1
28,Male,Analyst,Salaried,Married,2,41500.0,0.0,0.0,0.0,41500.0,12200.0,12300.0,2600.0,4300.0,1400.0,2900.0,12700.0,6800.0,11600.0,16000.0,2500.0,85300.0,Vehicle Loan,2430000.0,13.0,120,36280.0,0.0,0.0,0.0,0.0,0.0,333,198900.0,501500.0,1169900.0,No,Never,Low,Low,0.8742,8.21,-43800.0,18680.0,21.9,0.9975,1
55,Female,Teacher,Salaried,Married,0,41500.0,0.0,0.0,0.0,41500.0,4400.0,17000.0,10000.0,2900.0,1200.0,3800.0,0.0,4900.0,10200.0,17900.0,4700.0,77000.0,Business Loan,1769000.0,8.9,36,56170.0,0.0,5700.0,0.0,4000.0,9700.0,861,129400.0,812900.0,22700.0,No,Never,Low,High,1.5872,10.87,-45200.0,8980.0,45.7,0.8428,1
35,Other,Other,Salaried,Single,2,51000.0,13200.0,60000.0,0.0,69200.0,23500.0,11200.0,4200.0,2100.0,1400.0,10800.0,15000.0,9600.0,10800.0,7200.0,6200.0,102000.0,Vehicle Loan,1410000.0,10.4,36,45760.0,0.0,5500.0,0.0,0.0,5500.0,456,249600.0,1240200.0,1122000.0,No,Occasionally,Moderate,Low,0.7408,13.86,-38300.0,25640.0,44.6,0.9431,1
42,Male,Other,Self-Employed,Married,0,50000.0,11800.0,97000.0,0.0,69883.33333333333,20500.0,9900.0,3100.0,3000.0,2100.0,7700.0,0.0,11400.0,10000.0,23200.0,3700.0,94600.0,Home Loan,1819000.0,11.0,120,25060.0,0.0,12700.0,0.0,0.0,12700.0,561,545400.0,91800.0,136000.0,No,Occasionally,Low,Moderate,0.5403,5.94,-37416.67,18750.0,44.9,0.9157,1
34,Male,Doctor,Business,Married,0,71700.0,0.0,0.0,86900.0,158600.0,21800.0,17400.0,7600.0,4800.0,2300.0,11500.0,0.0,4600.0,11500.0,16300.0,3900.0,101700.0,Vehicle Loan,4336000.0,17.6,360,63930.0,0.0,0.0,23100.0,0.0,23100.0,364,1041700.0,202600.0,3773800.0,No,Never,Low,Moderate,0.5487,9.97,33800.0,48270.0,52.3,0.9308,1
46,Male,Analyst,Salaried,Married,2,46200.0,0.0,0.0,0.0,46200.0,5500.0,12500.0,8600.0,3400.0,1200.0,4700.0,15800.0,5200.0,10300.0,4400.0,1400.0,73000.0,Home Loan,621000.0,10.3,60,13290.0,0.0,6200.0,4600.0,0.0,10800.0,691,117300.0,474700.0,68300.0,No,Never,Low,Low,0.5214,7.06,-37600.0,9990.0,56.8,0.6167,1
48,Female,Business Owner,Salaried,Divorced,3,41200.0,6300.0,26000.0,0.0,49666.666666666664,8800.0,19000.0,2500.0,2500.0,1400.0,5400.0,7000.0,10000.0,6100.0,2400.0,2300.0,67400.0,Business Loan,687000.0,12.0,12,61040.0,8600.0,0.0,0.0,0.0,8600.0,627,472200.0,346000.0,818500.0,No,Occasionally,Moderate,Moderate,1.4021,10.77,-26333.33,13750.0,31.9,0.9906,1
43,Male,Accountant,Salaried,Single,0,44800.0,0.0,0.0,0.0,44800.0,11500.0,8400.0,2800.0,5200.0,2300.0,8900.0,0.0,14500.0,4600.0,2400.0,7200.0,67800.0,Business Loan,590000.0,15.4,180,8420.0,0.0,0.0,0.0,0.0,0.0,449,152100.0,503500.0,832300.0,No,Never,Moderate,Moderate,0.1879,9.67,-23000.0,20160.0,52.7,0.8256,1
34,Male,Business Owner,Salaried,Married,0,34300.0,0.0,87000.0,0.0,41550.0,10600.0,5500.0,2700.0,5400.0,600.0,7400.0,0.0,4000.0,7400.0,3200.0,6700.0,53500.0,Vehicle Loan,1400000.0,10.4,360,12700.0,0.0,0.0,0.0,0.0,0.0,408,231300.0,308700.0,119700.0,No,Never,Moderate,Moderate,0.3057,10.09,-11950.0,18700.0,52.5,0.8574,1
44,Female,Accountant,Salaried,Married,1,40900.0,6100.0,65000.0,0.0,52416.666666666664,8900.0,14800.0,2400.0,3200.0,2100.0,6800.0,16400.0,10200.0,7700.0,23000.0,3100.0,98600.0,Home Loan,2206000.0,14.9,24,106860.0,0.0,10200.0,4600.0,4900.0,19700.0,827,310600.0,927000.0,934600.0,Yes,Never,Low,High,2.4145,10.46,-65883.33,3890.0,45.3,0.9976,1
22,Female,Analyst,Self-Employed,Married,0,135300.0,17100.0,183000.0,0.0,167650.0,35400.0,16800.0,7300.0,2900.0,1400.0,7300.0,0.0,13700.0,7300.0,10200.0,3700.0,106000.0,Vehicle Loan,6285000.0,9.7,360,53770.0,0.0,16500.0,19900.0,0.0,36400.0,792,424100.0,708500.0,4736200.0,No,Occasionally,Low,Moderate,0.5378,7.95,25250.0,39040.0,60.4,0.0764,0
46,Male,Accountant,Unemployed,Single,2,31100.0,24900.0,0.0,0.0,56000.0,8600.0,14300.0,6700.0,4100.0,1300.0,7400.0,18000.0,7500.0,8800.0,8900.0,4100.0,89700.0,Business Loan,3292000.0,10.0,60,69950.0,0.0,0.0,0.0,10000.0,10000.0,627,182900.0,116900.0,163500.0,No,Never,Moderate,Moderate,1.4277,3.01,-43700.0,15200.0,28.0,0.9991,1
34,Female,Manager,Business,Married,2,42600.0,17000.0,96000.0,80300.0,147900.0,16700.0,16800.0,7300.0,1300.0,1400.0,9400.0,6600.0,5400.0,8700.0,11600.0,3400.0,88600.0,Home Loan,1763000.0,17.9,12,161550.0,0.0,0.0,0.0,0.0,0.0,413,749300.0,1111500.0,3037900.0,No,Occasionally,Moderate,Low,1.0923,21.0,59300.0,66560.0,44.1,0.8572,1
27,Male,Doctor,Salaried,Single,0,40400.0,0.0,0.0,0.0,40400.0,9300.0,12500.0,6000.0,4500.0,1300.0,8300.0,0.0,10300.0,2000.0,11400.0,5600.0,71200.0,Education Loan,2394000.0,11.4,48,62340.0,12400.0,0.0,0.0,9100.0,21500.0,796,118600.0,147200.0,328800.0,No,Never,Low,Low,2.0752,2.87,-52300.0,0.0,31.0,0.9991,1
23,Female,Business Owner,Business,Single,1,43300.0,11400.0,0.0,40400.0,95100.0,17800.0,11800.0,8500.0,4900.0,2000.0,11500.0,13800.0,1400.0,4100.0,7500.0,1100.0,84400.0,Education Loan,2916000.0,15.2,240,38830.0,0.0,0.0,0.0,12100.0,12100.0,407,323700.0,1163900.0,780600.0,No,Never,Moderate,Low,0.5355,15.42,-1400.0,30700.0,44.6,0.8661,1
43,Male,Manager,Self-Employed,Married,2,41500.0,0.0,120000.0,0.0,51500.0,12100.0,16600.0,6400.0,3000.0,2400.0,11400.0,17100.0,6000.0,10800.0,4100.0,7200.0,97100.0,Business Loan,877000.0,16.3,36,30960.0,0.0,4800.0,0.0,0.0,4800.0,359,325700.0,513800.0,840700.0,No,Never,Low,Low,0.6944,8.24,-50400.0,18380.0,35.0,0.997,1
63,Female,Business Owner,Salaried,Married,0,56400.0,23000.0,0.0,0.0,79400.0,26700.0,7600.0,9300.0,1900.0,1500.0,5600.0,0.0,4600.0,7500.0,4500.0,3100.0,72300.0,Home Loan,4516000.0,11.1,60,98410.0,0.0,0.0,9700.0,6400.0,16100.0,586,593200.0,1147400.0,2210100.0,No,Frequently,Low,High,1.4422,19.69,-9000.0,19630.0,30.0,0.9003,1
38,Male,Doctor,Salaried,Divorced,2,20800.0,0.0,0.0,0.0,20800.0,2800.0,13300.0,5900.0,1100.0,2200.0,1400.0,3200.0,4100.0,4600.0,15800.0,7100.0,61500.0,Vehicle Loan,640000.0,11.3,24,29920.0,0.0,0.0,0.0,0.0,0.0,681,168700.0,49600.0,144000.0,No,Never,High,Low,1.4385,3.55,-40700.0,9360.0,29.6,0.9951,1
58,Female,Sales Executive,Self-Employed,Married,0,82300.0,0.0,206000.0,0.0,99466.66666666667,10000.0,10200.0,8300.0,4200.0,2000.0,1100.0,0.0,3500.0,10400.0,11100.0,4200.0,65000.0,Business Loan,2398000.0,15.6,60,57810.0,0.0,0.0,0.0,0.0,0.0,324,164800.0,1525200.0,2964100.0,No,Never,Moderate,Moderate,0.5812,26.0,34466.67,44760.0,49.9,0.26,0
55,Female,Accountant,Salaried,Married,2,67300.0,0.0,122000.0,0.0,77466.66666666667,9200.0,20100.0,5300.0,2300.0,1200.0,2400.0,16800.0,11300.0,3700.0,22800.0,6400.0,101500.0,Business Loan,1298000.0,13.9,360,15280.0,0.0,10800.0,0.0,3200.0,14000.0,542,581100.0,484500.0,212500.0,Yes,Occasionally,High,High,0.378,9.23,-38033.33,20860.0,49.7,0.8882,1
35,Female,Analyst,Salaried,Single,0,26300.0,0.0,0.0,0.0,26300.0,5700.0,8900.0,5500.0,3300.0,1700.0,1800.0,0.0,14400.0,5500.0,12700.0,6800.0,66300.0,Personal Loan,519000.0,11.3,36,17070.0,7100.0,2200.0,0.0,0.0,9300.0,621,247100.0,361800.0,741800.0,Yes,Occasionally,High,Low,1.0027,8.05,-49300.0,2540.0,39.4,0.9761,1
45,Female,Sales Executive,Salaried,Married,2,15800.0,5000.0,0.0,0.0,20800.0,5800.0,16900.0,8800.0,2900.0,1800.0,5100.0,3900.0,6400.0,4000.0,13600.0,3100.0,72300.0,Vehicle Loan,1224000.0,15.4,180,17470.0,0.0,0.0,0.0,11300.0,11300.0,825,125200.0,135800.0,11100.0,Yes,Never,Low,High,1.3832,3.12,-62800.0,0.0,38.7,0.9615,1
57,Female,Sales Executive,Salaried,Single,1,30100.0,19600.0,0.0,0.0,49700.0,12200.0,9000.0,2900.0,1900.0,500.0,1600.0,11800.0,1700.0,10600.0,23300.0,5500.0,81000.0,Vehicle Loan,1079000.0,16.6,120,18480.0,0.0,0.0,0.0,6300.0,6300.0,605,310300.0,837000.0,241800.0,No,Occasionally,Low,High,0.4986,13.14,-37600.0,16060.0,53.4,0.4398,0
48,Male,Other,Salaried,Married,0,43400.0,20800.0,0.0,0.0,64200.0,14400.0,7500.0,6500.0,3500.0,1300.0,7900.0,0.0,11100.0,9000.0,13500.0,5300.0,80000.0,Education Loan,3774000.0,10.0,24,174150.0,0.0,11500.0,9200.0,4700.0,25400.0,387,614800.0,1081600.0,1880500.0,No,Never,Low,Moderate,3.1083,16.09,-41200.0,3490.0,29.5,1.0,1
30,Male,Software Engineer,Business,Single,2,178100.0,4900.0,116000.0,303400.0,496066.6666666666,93500.0,17100.0,7800.0,3300.0,2500.0,3100.0,10100.0,8500.0,6100.0,13500.0,4300.0,169800.0,Personal Loan,11490000.0,7.8,180,108480.0,0.0,0.0,61900.0,9500.0,71400.0,324,4345300.0,3383100.0,3960400.0,No,Never,Moderate,Moderate,0.3626,32.04,254866.67,151830.0,71.3,0.0361,0
59,Female,Manager,Self-Employed,Single,0,64300.0,0.0,67000.0,0.0,69883.33333333333,12400.0,14700.0,8000.0,4100.0,1800.0,6700.0,0.0,11100.0,11300.0,10400.0,4300.0,84800.0,Vehicle Loan,1239000.0,10.4,48,31660.0,18600.0,0.0,0.0,12000.0,30600.0,410,405200.0,1277600.0,14900.0,No,Never,Moderate,Low,0.8909,14.58,-45516.67,850.0,36.4,0.983,1
37,Male,Manager,Salaried,Married,1,19900.0,24700.0,54000.0,0.0,49100.0,9500.0,12500.0,6700.0,2300.0,1200.0,2100.0,6800.0,10100.0,11200.0,18300.0,3100.0,83800.0,Vehicle Loan,741000.0,14.6,120,11770.0,0.0,0.0,0.0,0.0,0.0,835,381800.0,348600.0,1303700.0,No,Never,Low,High,0.2397,8.72,-34700.0,22100.0,66.6,0.0637,0
59,Female,Manager,Salaried,Single,1,34700.0,23500.0,0.0,0.0,58200.0,14700.0,10700.0,5600.0,2100.0,1000.0,10100.0,9600.0,13700.0,8800.0,11000.0,3200.0,90500.0,Education Loan,1609000.0,17.1,180,24880.0,11200.0,0.0,6600.0,7300.0,25100.0,595,129100.0,1048700.0,1595800.0,No,Occasionally,High,Moderate,0.8588,10.19,-57400.0,1090.0,45.7,0.8684,1
42,Female,Manager,Salaried,Single,0,47700.0,13400.0,0.0,0.0,61100.0,8700.0,16700.0,4100.0,5100.0,900.0,9600.0,0.0,3000.0,10800.0,15500.0,4800.0,79200.0,Personal Loan,1101000.0,16.6,360,15340.0,0.0,0.0,0.0,0.0,0.0,853,270300.0,285300.0,1364500.0,No,Occasionally,Moderate,Moderate,0.2511,7.02,-18100.0,27500.0,65.8,0.0255,0
46,Male,Sales Executive,Salaried,Married,3,55700.0,0.0,0.0,0.0,55700.0,16300.0,11900.0,9300.0,4500.0,1300.0,5300.0,4900.0,3400.0,8900.0,12300.0,1200.0,79300.0,Personal Loan,2414000.0,9.8,180,25650.0,13900.0,0.0,7900.0,13700.0,35500.0,553,406400.0,360400.0,1570000.0,No,Never,High,Moderate,1.0978,6.68,-59100.0,0.0,29.6,0.9923,1
64,Female,Manager,Salaried,Single,2,25400.0,15400.0,0.0,0.0,40800.0,9900.0,18100.0,5000.0,4900.0,900.0,11000.0,17100.0,5800.0,7900.0,14200.0,7500.0,102300.0,Home Loan,742000.0,16.8,36,26380.0,0.0,5800.0,4700.0,1200.0,11700.0,745,132300.0,726200.0,325200.0,No,Frequently,Low,Moderate,0.9333,7.53,-73200.0,6660.0,35.6,0.7655,1
45,Male,Software Engineer,Salaried,Single,0,45800.0,11700.0,0.0,0.0,57500.0,9600.0,13700.0,8400.0,1600.0,800.0,3000.0,0.0,7900.0,5600.0,21000.0,5500.0,77100.0,Business Loan,2929000.0,16.0,360,39390.0,18200.0,0.0,0.0,0.0,18200.0,817,276700.0,145800.0,1113100.0,No,Never,Moderate,Low,1.0016,4.43,-37800.0,7680.0,37.9,0.8588,1
37,Female,Teacher,Salaried,Single,2,34200.0,0.0,0.0,0.0,34200.0,7700.0,17700.0,2300.0,2100.0,1200.0,10000.0,14700.0,14000.0,4000.0,11500.0,4100.0,89300.0,Home Loan,1740000.0,15.2,120,28290.0,0.0,0.0,4700.0,9400.0,14100.0,465,73200.0,490200.0,761600.0,Yes,Never,High,Moderate,1.2395,5.45,-69200.0,1290.0,18.1,0.9995,1
33,Male,Doctor,Salaried,Married,1,28200.0,11700.0,0.0,0.0,39900.0,13600.0,19100.0,3900.0,3900.0,1700.0,7000.0,16800.0,13700.0,1700.0,7300.0,1400.0,90100.0,Personal Loan,826000.0,14.7,48,22860.0,0.0,0.0,0.0,0.0,0.0,713,360300.0,556900.0,1165400.0,No,Occasionally,Low,Low,0.5729,10.18,-50200.0,17960.0,55.3,0.4329,0
40,Male,Manager,Salaried,Married,3,55800.0,17300.0,123000.0,0.0,83350.0,8800.0,20200.0,4800.0,5300.0,800.0,4600.0,5200.0,13200.0,9800.0,15100.0,5400.0,93200.0,Education Loan,3871000.0,16.0,60,94140.0,0.0,0.0,0.0,0.0,0.0,692,750900.0,1622900.0,2245800.0,No,Occasionally,Low,Moderate,1.1295,25.47,-9850.0,37510.0,38.7,0.064,0
45,Female,Analyst,Salaried,Married,0,72200.0,0.0,159000.0,0.0,85450.0,12800.0,8200.0,7400.0,5500.0,600.0,1900.0,0.0,4100.0,2300.0,23600.0,1100.0,67500.0,Home Loan,4458000.0,16.5,12,405530.0,0.0,0.0,0.0,11400.0,11400.0,531,431000.0,1664000.0,151400.0,Yes,Occasionally,Moderate,Moderate,4.8792,26.55,6550.0,27050.0,32.4,1.0,1
24,Female,Teacher,Salaried,Married,1,74600.0,9700.0,156000.0,0.0,97300.0,20600.0,10900.0,4600.0,5200.0,600.0,2900.0,13900.0,11200.0,5500.0,17900.0,5800.0,99100.0,Education Loan,3645000.0,16.1,48,103490.0,0.0,0.0,0.0,0.0,0.0,588,226100.0,985600.0,989700.0,No,Occasionally,Low,Moderate,1.0636,12.23,-1800.0,43780.0,37.3,0.8872,1
30,Female,Analyst,Unemployed,Single,1,65300.0,2400.0,0.0,0.0,67700.0,17600.0,11500.0,2300.0,1200.0,1000.0,10500.0,8400.0,6400.0,3600.0,9100.0,1500.0,73100.0,Personal Loan,1703000.0,8.8,36,54000.0,0.0,0.0,0.0,4300.0,4300.0,545,470700.0,914600.0,1249300.0,No,Frequently,Low,Low,0.8612,17.9,-9700.0,26160.0,39.3,0.783,1
23,Female,Analyst,Salaried,Divorced,1,38200.0,19200.0,69000.0,0.0,63150.0,9700.0,6400.0,3400.0,5100.0,900.0,7700.0,11100.0,14000.0,6000.0,24100.0,5600.0,94000.0,Education Loan,1847000.0,15.1,120,29910.0,0.0,0.0,3700.0,12900.0,16600.0,876,159700.0,250100.0,1620500.0,Yes,Never,Low,Moderate,0.7365,3.71,-47450.0,11820.0,43.6,0.3838,0
61,Male,Business Owner,Self-Employed,Single,1,70100.0,0.0,146000.0,0.0,82266.66666666667,27400.0,18800.0,4100.0,5500.0,1600.0,3600.0,17200.0,4000.0,4500.0,9900.0,3800.0,100400.0,Home Loan,3969000.0,16.3,360,54330.0,0.0,0.0,11300.0,0.0,11300.0,666,219800.0,435600.0,690200.0,No,Occasionally,Low,Moderate,0.7978,5.87,-29433.33,25720.0,39.5,0.8396,1
38,Female,Analyst,Salaried,Married,0,57200.0,3400.0,0.0,0.0,60600.0,15800.0,5000.0,3400.0,1300.0,1400.0,6500.0,0.0,3000.0,10100.0,24600.0,5600.0,76700.0,Personal Loan,1281000.0,9.4,36,40970.0,0.0,0.0,6300.0,0.0,6300.0,462,589900.0,703600.0,14600.0,No,Occasionally,Low,Moderate,0.78,15.58,-22400.0,20970.0,39.9,0.9455,1
56,Male,Manager,Salaried,Married,2,52400.0,0.0,112000.0,0.0,61733.333333333336,19700.0,17800.0,3600.0,3100.0,1100.0,2200.0,13500.0,12800.0,11800.0,6400.0,2000.0,94000.0,Personal Loan,1444000.0,9.7,60,30470.0,0.0,0.0,0.0,5400.0,5400.0,397,89200.0,340400.0,346200.0,No,Never,Moderate,Moderate,0.581,4.32,-37666.67,22380.0,36.6,0.9925,1
42,Female,Business Owner,Unemployed,Married,1,36100.0,0.0,71000.0,0.0,42016.666666666664,7700.0,16200.0,8200.0,3700.0,2200.0,2100.0,19000.0,11000.0,11400.0,25000.0,1800.0,108300.0,Home Loan,582000.0,15.8,24,28440.0,0.0,0.0,5400.0,0.0,5400.0,395,172400.0,215200.0,536100.0,No,Never,Low,Low,0.8054,3.41,-71683.33,13510.0,25.7,0.9995,1
54,Female,Other,Salaried,Single,4,38200.0,15600.0,34000.0,0.0,56633.333333333336,17400.0,23800.0,5300.0,2200.0,1500.0,11000.0,4000.0,12500.0,7800.0,3700.0,2700.0,91900.0,Business Loan,1526000.0,11.1,360,14650.0,13700.0,0.0,0.0,11900.0,25600.0,509,326800.0,81200.0,103900.0,No,Never,Moderate,Low,0.7107,3.47,-60866.67,0.0,35.1,0.9932,1
28,Female,Sales Executive,Salaried,Single,0,50900.0,19900.0,0.0,0.0,70800.0,13800.0,11700.0,5200.0,3600.0,700.0,6000.0,0.0,3200.0,11800.0,18400.0,3900.0,78300.0,Home Loan,691000.0,11.7,240,7460.0,20100.0,0.0,10300.0,0.0,30400.0,809,107900.0,169500.0,89900.0,No,Never,Moderate,Low,0.5347,2.55,-37900.0,1460.0,48.3,0.5841,1
60,Female,Analyst,Salaried,Married,2,166000.0,20100.0,0.0,0.0,186100.0,30400.0,18200.0,9700.0,5400.0,1100.0,5000.0,12400.0,13400.0,5400.0,19000.0,2800.0,122800.0,Home Loan,4216000.0,11.5,48,109990.0,0.0,0.0,0.0,11000.0,11000.0,526,161900.0,2701600.0,2242200.0,No,Occasionally,Low,Moderate,0.6501,21.4,52300.0,72740.0,58.3,0.0977,0
64,Male,Software Engineer,Salaried,Single,3,57000.0,0.0,160000.0,0.0,70333.33333333333,23100.0,14200.0,5600.0,5300.0,2400.0,11400.0,19300.0,10500.0,6700.0,17600.0,1600.0,117700.0,Vehicle Loan,1796000.0,9.7,240,16980.0,0.0,0.0,5000.0,0.0,5000.0,731,397500.0,89500.0,1367000.0,No,Occasionally,High,Low,0.3125,3.97,-52366.67,26650.0,50.5,0.4677,1
39,Female,Doctor,Self-Employed,Married,2,36100.0,0.0,0.0,0.0,36100.0,4400.0,18400.0,9400.0,5700.0,2500.0,5400.0,6700.0,10100.0,3800.0,19900.0,3300.0,89600.0,Personal Loan,688000.0,17.4,48,19990.0,0.0,0.0,0.0,0.0,0.0,412,57300.0,650500.0,769500.0,No,Occasionally,Low,Low,0.5537,7.9,-53500.0,16240.0,38.3,0.9806,1
62,Male,Analyst,Salaried,Married,3,32300.0,23100.0,61000.0,0.0,60483.333333333336,20300.0,14800.0,4400.0,3400.0,1000.0,4700.0,8600.0,9200.0,10900.0,12900.0,5900.0,96100.0,Vehicle Loan,640000.0,16.0,24,31340.0,0.0,0.0,6800.0,0.0,6800.0,353,174600.0,150900.0,966800.0,No,Occasionally,Low,Moderate,0.6306,3.16,-42416.67,20420.0,21.4,0.9986,1
61,Female,Other,Salaried,Married,2,38300.0,0.0,43000.0,0.0,41883.333333333336,9000.0,20600.0,5200.0,3100.0,800.0,4000.0,4700.0,11700.0,3000.0,3200.0,5100.0,70400.0,Vehicle Loan,1411000.0,10.1,360,12490.0,0.0,0.0,0.0,14300.0,14300.0,851,218800.0,166500.0,547700.0,No,Frequently,Moderate,Moderate,0.6396,4.55,-42816.67,4550.0,48.0,0.3257,0
57,Male,Accountant,Salaried,Single,1,145600.0,13100.0,0.0,0.0,158700.0,55300.0,8300.0,5200.0,4300.0,1500.0,7200.0,9200.0,6800.0,7700.0,10200.0,7700.0,123400.0,Vehicle Loan,8344000.0,8.6,24,379660.0,49100.0,0.0,21600.0,0.0,70700.0,548,603300.0,1184900.0,89700.0,Yes,Occasionally,Low,Moderate,2.8378,9.21,-35400.0,720.0,24.3,1.0,1
26,Female,Other,Salaried,Married,2,40100.0,3000.0,110000.0,0.0,52266.666666666664,12300.0,12400.0,6400.0,3100.0,1500.0,7100.0,3800.0,2900.0,9800.0,16800.0,4100.0,80200.0,Education Loan,1226000.0,11.4,12,108580.0,9100.0,0.0,7600.0,0.0,16700.0,337,378900.0,773900.0,411700.0,No,Occasionally,Moderate,High,2.3969,11.9,-44633.33,6820.0,24.6,1.0,1
46,Female,Accountant,Business,Married,0,77100.0,14900.0,211000.0,105700.0,215283.3333333333,62300.0,11000.0,6700.0,1200.0,1300.0,1200.0,0.0,8500.0,7500.0,16900.0,3300.0,119900.0,Home Loan,3880000.0,11.9,12,344550.0,0.0,0.0,0.0,0.0,0.0,760,2076000.0,3081500.0,4326400.0,No,Never,Low,Moderate,1.6004,43.02,95383.33,96880.0,59.1,0.0011,0
54,Male,Other,Self-Employed,Married,1,40600.0,0.0,0.0,0.0,40600.0,4100.0,16900.0,4000.0,4600.0,1600.0,8200.0,12400.0,11500.0,1900.0,6500.0,5900.0,77600.0,Vehicle Loan,839000.0,7.6,36,26140.0,9400.0,0.0,3000.0,0.0,12400.0,634,310800.0,230800.0,547600.0,No,Never,High,Low,0.9493,6.02,-49400.0,5870.0,38.4,0.9755,1
26,Male,Sales Executive,Salaried,Single,0,55900.0,19800.0,0.0,0.0,75700.0,17000.0,14500.0,8300.0,2400.0,1000.0,9700.0,0.0,3200.0,7700.0,7800.0,3900.0,75500.0,Education Loan,3967000.0,16.8,180,60490.0,13900.0,0.0,8500.0,0.0,22400.0,751,757000.0,546000.0,599800.0,No,Occasionally,High,High,1.095,13.31,-22200.0,11660.0,39.1,0.5502,1
57,Female,Doctor,Salaried,Single,2,72800.0,11300.0,118000.0,0.0,93933.33333333333,26700.0,11000.0,6000.0,1200.0,700.0,7800.0,16900.0,4100.0,9400.0,13200.0,5300.0,102300.0,Education Loan,3196000.0,16.4,120,54340.0,0.0,0.0,11500.0,0.0,11500.0,610,394000.0,1559600.0,646500.0,No,Occasionally,Moderate,Moderate,0.7009,17.17,-19866.67,30770.0,51.6,0.3882,0
53,Male,Other,Self-Employed,Single,1,36800.0,0.0,48000.0,0.0,40800.0,12100.0,8000.0,2100.0,1100.0,1600.0,10600.0,17000.0,10800.0,3100.0,18800.0,7600.0,92800.0,Personal Loan,497000.0,16.4,36,17570.0,0.0,0.0,0.0,11500.0,11500.0,529,138700.0,425900.0,21100.0,No,Occasionally,Moderate,Moderate,0.7125,5.41,-63500.0,6860.0,35.4,0.9821,1
42,Male,Accountant,Salaried,Single,1,35600.0,0.0,0.0,0.0,35600.0,5000.0,10300.0,6700.0,5700.0,2400.0,4000.0,6900.0,4800.0,9100.0,21600.0,4500.0,81000.0,Home Loan,1567000.0,16.0,60,38110.0,0.0,0.0,0.0,0.0,0.0,714,89700.0,345500.0,881200.0,No,Occasionally,Moderate,High,1.0705,5.37,-45400.0,16020.0,39.4,0.9497,1
41,Male,Analyst,Salaried,Married,0,112400.0,0.0,0.0,0.0,112400.0,23000.0,10800.0,8400.0,2300.0,800.0,3100.0,0.0,3400.0,10700.0,4000.0,4500.0,71000.0,Business Loan,1516000.0,15.2,120,24640.0,0.0,0.0,0.0,0.0,0.0,681,1001100.0,1465300.0,2960800.0,No,Never,Low,Moderate,0.2192,34.74,41400.0,50580.0,80.7,0.0001,0
26,Male,Sales Executive,Salaried,Married,4,80200.0,0.0,196000.0,0.0,96533.33333333333,19800.0,19500.0,4000.0,3200.0,1900.0,8700.0,13300.0,13500.0,11900.0,23300.0,6400.0,125500.0,Home Loan,803000.0,14.2,24,38630.0,0.0,7800.0,0.0,0.0,7800.0,584,405900.0,934500.0,1059000.0,No,Occasionally,Low,High,0.481,10.06,-36766.67,35640.0,57.0,0.6744,1
26,Female,Sales Executive,Salaried,Single,0,72800.0,3000.0,50000.0,0.0,79966.66666666667,10100.0,10000.0,2300.0,5800.0,1400.0,3100.0,0.0,3300.0,5500.0,23300.0,6300.0,71100.0,Education Loan,1524000.0,17.6,36,54790.0,0.0,0.0,0.0,0.0,0.0,841,580100.0,739400.0,1682300.0,No,Occasionally,Low,Low,0.6852,18.56,8866.67,35980.0,72.1,0.0081,0
24,Female,Analyst,Self-Employed,Married,0,72700.0,14500.0,0.0,0.0,87200.0,18400.0,13300.0,8500.0,3300.0,1100.0,2000.0,0.0,5800.0,1300.0,2200.0,4600.0,60500.0,Home Loan,1242000.0,15.0,48,34570.0,20200.0,0.0,0.0,10500.0,30700.0,510,602600.0,1410300.0,169900.0,No,Occasionally,High,Moderate,0.7485,22.07,-4000.0,8540.0,44.8,0.2738,0
50,Male,Software Engineer,Unemployed,Single,0,61700.0,20300.0,80000.0,0.0,88666.66666666667,26800.0,10000.0,9800.0,1400.0,2200.0,2100.0,0.0,7000.0,5600.0,13600.0,1500.0,80000.0,Personal Loan,3394000.0,14.1,240,42450.0,15900.0,0.0,7300.0,0.0,23200.0,577,92400.0,1657800.0,2364000.0,No,Frequently,Moderate,Moderate,0.7404,16.96,-14533.33,16700.0,51.9,0.7394,1
31,Male,Business Owner,Salaried,Single,4,134400.0,0.0,0.0,0.0,134400.0,23500.0,25200.0,2600.0,3800.0,1400.0,9500.0,11400.0,7700.0,8300.0,15500.0,7900.0,116800.0,Home Loan,4254000.0,15.8,12,385570.0,39500.0,0.0,0.0,0.0,39500.0,796,1190300.0,1537000.0,3656200.0,No,Occasionally,High,Low,3.1627,17.45,-21900.0,20980.0,40.8,0.9995,1
50,Male,Doctor,Salaried,Single,4,50100.0,15200.0,0.0,0.0,65300.0,13600.0,15700.0,9500.0,1400.0,1700.0,1300.0,5600.0,6100.0,10800.0,14700.0,3600.0,84000.0,Education Loan,2927000.0,10.1,360,25900.0,12000.0,6600.0,0.0,13600.0,32200.0,736,334500.0,424300.0,307300.0,No,Occasionally,High,High,0.8897,6.53,-50900.0,0.0,45.7,0.7686,1
51,Male,Doctor,Salaried,Single,2,65400.0,0.0,79000.0,0.0,71983.33333333333,24500.0,16800.0,4900.0,1500.0,1400.0,4200.0,10200.0,13800.0,11300.0,16200.0,3200.0,108000.0,Education Loan,2385000.0,17.7,12,218320.0,0.0,0.0,0.0,0.0,0.0,740,188900.0,1370900.0,1685700.0,No,Frequently,Moderate,High,3.0329,14.44,-36016.67,32390.0,39.3,0.9999,1
44,Male,Software Engineer,Salaried,Married,3,23700.0,9800.0,0.0,0.0,33500.0,3600.0,18600.0,9500.0,5300.0,700.0,2400.0,4100.0,10200.0,11000.0,13600.0,7900.0,86900.0,Vehicle Loan,940000.0,7.7,36,29330.0,0.0,2700.0,0.0,0.0,2700.0,430,328300.0,480300.0,475600.0,No,Occasionally,Low,High,0.9561,9.02,-56100.0,12380.0,32.0,0.9955,1
29,Male,Business Owner,Salaried,Single,0,32500.0,10300.0,46000.0,0.0,46633.333333333336,11600.0,7900.0,7200.0,2400.0,1700.0,9300.0,0.0,6000.0,8200.0,8800.0,7100.0,70200.0,Education Loan,1583000.0,14.3,36,54330.0,0.0,0.0,0.0,1600.0,1600.0,868,357000.0,626400.0,952700.0,No,Frequently,Low,Low,1.1994,13.7,-25166.67,19380.0,46.3,0.2668,0
23,Male,Doctor,Self-Employed,Married,4,26900.0,9200.0,0.0,0.0,36100.0,10300.0,17800.0,9100.0,4400.0,1300.0,6500.0,3200.0,6000.0,8500.0,4200.0,3300.0,74600.0,Personal Loan,1043000.0,8.3,360,7870.0,0.0,0.0,0.0,0.0,0.0,841,229600.0,452200.0,514100.0,No,Never,Low,Low,0.218,9.14,-38500.0,16240.0,69.0,0.0474,0
51,Female,Accountant,Salaried,Married,0,92700.0,18400.0,186000.0,0.0,126600.0,36700.0,9100.0,8300.0,3500.0,700.0,3300.0,0.0,8000.0,1000.0,6800.0,3200.0,80600.0,Education Loan,891000.0,16.5,36,31550.0,0.0,0.0,15100.0,0.0,15100.0,315,1252000.0,1907500.0,298800.0,Yes,Occasionally,High,Low,0.3685,33.01,30900.0,41870.0,52.2,0.0831,0
60,Male,Teacher,Salaried,Divorced,0,13700.0,5700.0,0.0,0.0,19400.0,5400.0,6400.0,2200.0,2100.0,1700.0,9300.0,0.0,1500.0,5000.0,19000.0,6000.0,58600.0,Home Loan,823000.0,17.7,36,29630.0,0.0,0.0,0.0,8500.0,8500.0,798,149100.0,305300.0,488900.0,No,Never,Low,High,1.9655,6.77,-47700.0,230.0,31.3,0.9977,1
57,Female,Teacher,Salaried,Single,0,40100.0,2300.0,0.0,0.0,42400.0,11900.0,10700.0,2500.0,3600.0,500.0,9300.0,0.0,14000.0,11000.0,7500.0,3300.0,74300.0,Business Loan,2456000.0,11.8,24,115380.0,0.0,3000.0,0.0,0.0,3000.0,749,70000.0,679800.0,109100.0,No,Never,Low,Moderate,2.792,9.7,-34900.0,16080.0,40.4,0.9999,1
56,Female,Doctor,Salaried,Single,1,11000.0,15700.0,14000.0,0.0,27866.666666666668,3200.0,11400.0,6200.0,1300.0,900.0,6800.0,19700.0,4100.0,8600.0,21100.0,2800.0,86100.0,Education Loan,786000.0,16.5,48,22480.0,4700.0,0.0,0.0,0.0,4700.0,532,276300.0,544500.0,301100.0,No,Never,Low,Moderate,0.9754,9.04,-62933.33,7840.0,34.5,0.9838,1
44,Female,Manager,Salaried,Single,2,32300.0,0.0,0.0,0.0,32300.0,7500.0,10500.0,3000.0,2700.0,2100.0,4000.0,3900.0,10800.0,6100.0,11300.0,7900.0,69800.0,Personal Loan,914000.0,11.0,240,9430.0,11200.0,4400.0,0.0,14900.0,30500.0,712,199500.0,284700.0,955400.0,No,Never,Moderate,High,1.2362,4.83,-68000.0,0.0,32.3,0.9765,1
51,Female,Doctor,Self-Employed,Married,1,38400.0,16000.0,30000.0,0.0,56900.0,16800.0,12300.0,5700.0,3600.0,600.0,7400.0,13900.0,11900.0,2100.0,11500.0,5000.0,90800.0,Personal Loan,428000.0,9.2,120,5470.0,0.0,0.0,0.0,5600.0,5600.0,369,190300.0,319200.0,728300.0,No,Occasionally,High,Moderate,0.1946,5.29,-39500.0,20000.0,44.5,0.9808,1
26,Female,Analyst,Salaried,Single,4,98000.0,20000.0,114000.0,0.0,127500.0,15700.0,17900.0,9600.0,2100.0,1800.0,11300.0,17400.0,12600.0,3700.0,22000.0,6300.0,120400.0,Personal Loan,6881000.0,10.4,12,606230.0,0.0,0.0,0.0,12200.0,12200.0,657,1054000.0,1082200.0,3137600.0,Yes,Occasionally,Moderate,Moderate,4.8504,16.11,-5100.0,45180.0,35.0,1.0,1
22,Female,Analyst,Self-Employed,Married,1,59800.0,0.0,40000.0,0.0,63133.333333333336,6500.0,7800.0,4400.0,4300.0,2400.0,1600.0,5200.0,3300.0,7100.0,6900.0,6000.0,55500.0,Personal Loan,3542000.0,10.7,60,76480.0,0.0,0.0,0.0,0.0,0.0,829,60300.0,982900.0,319900.0,No,Frequently,Moderate,Moderate,1.2114,18.8,7633.33,28410.0,46.9,0.0791,0
40,Female,Business Owner,Salaried,Married,0,32300.0,0.0,65000.0,0.0,37716.666666666664,11500.0,5800.0,5900.0,1300.0,800.0,3900.0,0.0,8500.0,10900.0,6400.0,6300.0,61300.0,Home Loan,1875000.0,14.1,240,23450.0,0.0,0.0,0.0,0.0,0.0,339,253300.0,425200.0,939200.0,No,Never,High,Moderate,0.6217,11.07,-23583.33,16970.0,34.1,0.9906,1
48,Female,Sales Executive,Salaried,Married,1,83500.0,18500.0,250000.0,0.0,122833.33333333333,34200.0,15100.0,5100.0,3400.0,1300.0,4100.0,9700.0,2200.0,2100.0,24700.0,7300.0,109200.0,Vehicle Loan,1333000.0,15.9,12,120880.0,31300.0,0.0,0.0,4000.0,35300.0,437,247300.0,2140900.0,1699600.0,No,Occasionally,Low,Low,1.2715,16.53,-21666.67,19980.0,26.0,0.9754,1
31,Female,Accountant,Salaried,Married,2,49500.0,0.0,37000.0,0.0,52583.333333333336,10700.0,17900.0,7000.0,4600.0,1700.0,7900.0,10400.0,12300.0,2700.0,14400.0,4500.0,94100.0,Business Loan,2866000.0,9.7,120,37400.0,0.0,0.0,0.0,0.0,0.0,385,70000.0,288500.0,804400.0,No,Never,Moderate,High,0.7113,3.81,-41516.67,23660.0,28.3,0.9978,1
24,Female,Software Engineer,Salaried,Single,2,50000.0,0.0,128000.0,0.0,60666.666666666664,20300.0,21200.0,3600.0,3100.0,1400.0,8200.0,18500.0,7800.0,8200.0,6400.0,6300.0,105000.0,Vehicle Loan,383000.0,8.4,180,3750.0,0.0,0.0,4100.0,0.0,4100.0,579,234300.0,910200.0,1763000.0,No,Occasionally,Low,High,0.1294,10.49,-48433.33,23200.0,63.0,0.4034,0
35,Male,Doctor,Salaried,Married,1,26900.0,9700.0,21000.0,0.0,38350.0,11200.0,7200.0,4100.0,5400.0,1700.0,3300.0,12200.0,3200.0,4200.0,5800.0,6600.0,64900.0,Vehicle Loan,1129000.0,9.8,60,23880.0,0.0,0.0,0.0,1500.0,1500.0,868,149000.0,220000.0,1019500.0,Yes,Occasionally,Low,Low,0.6618,5.56,-28050.0,15760.0,52.1,0.7,1
26,Male,Accountant,Salaried,Divorced,1,29900.0,7100.0,0.0,0.0,37000.0,12700.0,7700.0,8900.0,4200.0,1300.0,3400.0,4600.0,11100.0,2900.0,21800.0,7600.0,86200.0,Vehicle Loan,1204000.0,10.6,48,30880.0,0.0,0.0,4200.0,6300.0,10500.0,306,229600.0,598800.0,386000.0,No,Occasionally,Low,Moderate,1.1184,8.57,-59700.0,6150.0,23.8,0.9992,1
50,Male,Software Engineer,Self-Employed,Married,0,32400.0,12400.0,68000.0,0.0,50466.666666666664,16800.0,4700.0,8500.0,5800.0,800.0,11200.0,0.0,5600.0,3000.0,15800.0,6000.0,78200.0,Home Loan,2567000.0,10.4,180,28220.0,9400.0,0.0,0.0,0.0,9400.0,780,296300.0,470700.0,1437400.0,No,Never,Low,High,0.7454,8.76,-37133.33,13310.0,49.0,0.3806,0
58,Female,Analyst,Self-Employed,Married,2,50200.0,0.0,0.0,0.0,50200.0,11100.0,15500.0,8300.0,2400.0,700.0,9300.0,6100.0,2600.0,6400.0,4600.0,7200.0,74200.0,Business Loan,2324000.0,9.8,360,20050.0,0.0,0.0,0.0,0.0,0.0,439,353200.0,993900.0,155300.0,No,Never,Low,High,0.3994,18.15,-24000.0,22590.0,53.6,0.5308,1
22,Female,Other,Salaried,Married,4,51000.0,0.0,0.0,0.0,51000.0,14700.0,20700.0,8200.0,5700.0,2000.0,11300.0,18200.0,7500.0,7400.0,22400.0,1700.0,119800.0,Education Loan,2491000.0,12.4,48,66090.0,11000.0,0.0,0.0,0.0,11000.0,871,109900.0,699000.0,40100.0,No,Never,Low,Moderate,1.5116,6.18,-79800.0,11950.0,38.5,0.8954,1
35,Female,Accountant,Salaried,Single,0,106100.0,0.0,0.0,0.0,106100.0,28400.0,9600.0,5700.0,4000.0,1000.0,10100.0,0.0,4300.0,10900.0,12200.0,1900.0,88100.0,Education Loan,5595000.0,16.5,36,198090.0,0.0,0.0,0.0,0.0,0.0,653,930800.0,1601400.0,1695400.0,Yes,Never,Low,Low,1.867,28.74,18000.0,47740.0,42.8,0.7782,1
31,Female,Teacher,Salaried,Single,3,59400.0,0.0,43000.0,0.0,62983.333333333336,19100.0,21200.0,7800.0,4700.0,2200.0,5400.0,17900.0,14300.0,6800.0,24800.0,2100.0,126300.0,Business Loan,1964000.0,8.6,48,48500.0,0.0,0.0,3600.0,0.0,3600.0,484,545300.0,114100.0,1454700.0,No,Occasionally,Low,Moderate,0.8272,5.08,-66916.67,24740.0,33.7,0.9932,1
28,Male,Doctor,Salaried,Single,1,12700.0,0.0,19000.0,0.0,14283.333333333334,4200.0,15600.0,5100.0,5500.0,2000.0,2300.0,14500.0,6100.0,8600.0,8500.0,2000.0,74400.0,Business Loan,684000.0,16.6,60,16850.0,0.0,0.0,1500.0,2800.0,4300.0,480,36500.0,205100.0,94700.0,Yes,Never,Moderate,Moderate,1.4807,3.07,-64416.67,2130.0,16.6,0.9998,1
46,Male,Business Owner,Salaried,Single,0,55900.0,14300.0,155000.0,0.0,83116.66666666667,11500.0,17800.0,2800.0,3800.0,600.0,7900.0,0.0,9000.0,3000.0,14200.0,1600.0,72200.0,Personal Loan,727000.0,12.7,360,7870.0,16500.0,0.0,0.0,3200.0,19700.0,861,415500.0,744500.0,200200.0,No,Never,Low,Moderate,0.3317,12.62,-8783.33,17700.0,68.9,0.0092,0
64,Female,Teacher,Business,Single,4,23700.0,0.0,0.0,19300.0,43000.0,6800.0,13900.0,5100.0,5300.0,900.0,4900.0,14900.0,14300.0,8800.0,6000.0,1900.0,82800.0,Vehicle Loan,1266000.0,14.4,12,113910.0,0.0,0.0,6200.0,6000.0,12200.0,826,220900.0,307000.0,1090700.0,Yes,Occasionally,Low,Moderate,2.9328,5.56,-52000.0,7150.0,33.9,0.9999,1
25,Female,Sales Executive,Salaried,Married,1,30200.0,0.0,0.0,0.0,30200.0,5000.0,6800.0,3300.0,3700.0,1100.0,5700.0,10800.0,6500.0,8100.0,12100.0,8000.0,71100.0,Personal Loan,201000.0,16.1,360,2720.0,5900.0,0.0,1700.0,0.0,7600.0,500,279400.0,486500.0,893600.0,No,Occasionally,Low,Low,0.3417,9.73,-48500.0,5990.0,53.1,0.8499,1
26,Other,Manager,Salaried,Married,0,32700.0,0.0,60000.0,0.0,37700.0,11500.0,7800.0,5100.0,4000.0,1700.0,5700.0,0.0,6000.0,3400.0,6100.0,2900.0,54200.0,Home Loan,2086000.0,10.7,360,19390.0,0.0,0.0,0.0,0.0,0.0,371,343200.0,201500.0,785300.0,Yes,Never,Moderate,Low,0.5143,10.05,-16500.0,16960.0,36.9,0.9781,1
46,Male,Software Engineer,Salaried,Married,0,35200.0,0.0,0.0,0.0,35200.0,10700.0,4300.0,4400.0,3200.0,2100.0,11300.0,0.0,3300.0,8400.0,9100.0,4300.0,61100.0,Home Loan,2031000.0,17.5,240,30570.0,0.0,0.0,0.0,0.0,0.0,619,40200.0,156800.0,1029900.0,No,Occasionally,Moderate,Moderate,0.8685,3.22,-25900.0,15840.0,33.0,0.9879,1
24,Female,Analyst,Salaried,Married,0,24600.0,0.0,0.0,0.0,24600.0,5500.0,17100.0,6800.0,1700.0,600.0,1800.0,0.0,14100.0,3300.0,8200.0,6800.0,65900.0,Business Loan,237000.0,8.4,240,2040.0,0.0,3200.0,0.0,0.0,3200.0,519,236200.0,190700.0,614500.0,No,Occasionally,Moderate,Low,0.213,6.18,-44500.0,7870.0,54.8,0.8249,1
39,Female,Doctor,Salaried,Divorced,2,54300.0,0.0,0.0,0.0,54300.0,13300.0,12300.0,4900.0,3800.0,1000.0,3100.0,13600.0,12200.0,7500.0,8500.0,1800.0,82000.0,Home Loan,1862000.0,13.0,240,21810.0,0.0,0.0,0.0,4800.0,4800.0,394,62500.0,703600.0,410300.0,No,Occasionally,Moderate,High,0.4901,8.83,-32500.0,19640.0,42.5,0.9866,1
40,Female,Business Owner,Salaried,Single,2,24200.0,13400.0,63000.0,0.0,42850.0,13100.0,15700.0,7600.0,5900.0,1300.0,7700.0,12900.0,4100.0,8400.0,24300.0,3200.0,104200.0,Business Loan,981000.0,10.2,48,24980.0,8800.0,0.0,0.0,0.0,8800.0,362,245100.0,252300.0,141100.0,No,Never,Moderate,Moderate,0.7883,4.4,-70150.0,10480.0,27.1,0.999,1
53,Female,Other,Salaried,Single,3,58600.0,0.0,0.0,0.0,58600.0,10400.0,14500.0,6100.0,4900.0,900.0,10700.0,14100.0,5700.0,8600.0,2900.0,2100.0,80900.0,Education Loan,1397000.0,11.8,180,16590.0,0.0,9000.0,0.0,0.0,9000.0,818,202800.0,680500.0,1422100.0,Yes,Never,Low,Low,0.4367,9.83,-31300.0,17370.0,64.2,0.0461,0
40,Female,Analyst,Salaried,Married,0,150000.0,0.0,0.0,0.0,150000.0,16900.0,7400.0,9400.0,4700.0,1600.0,11100.0,0.0,13800.0,11000.0,13400.0,1400.0,90700.0,Vehicle Loan,4468000.0,12.2,24,210740.0,0.0,0.0,0.0,1400.0,1400.0,533,631400.0,1246800.0,2968200.0,No,Never,Low,Low,1.4143,20.39,57900.0,66100.0,46.7,0.7115,1
32,Male,Doctor,Salaried,Single,0,25200.0,0.0,21000.0,0.0,26950.0,5900.0,6100.0,2700.0,4200.0,1500.0,7100.0,0.0,8500.0,11400.0,16500.0,7700.0,71600.0,Home Loan,320000.0,17.1,36,11420.0,0.0,0.0,0.0,0.0,0.0,482,173900.0,230100.0,657200.0,No,Occasionally,Low,Low,0.4237,5.64,-44650.0,12130.0,39.3,0.9765,1
21,Female,Other,Self-Employed,Single,0,42500.0,0.0,0.0,0.0,42500.0,14000.0,8500.0,7500.0,2700.0,1100.0,1400.0,0.0,8800.0,9900.0,17200.0,7000.0,78100.0,Personal Loan,635000.0,12.1,240,7040.0,0.0,0.0,0.0,0.0,0.0,548,257000.0,206500.0,915900.0,No,Never,Low,Moderate,0.1656,5.93,-35600.0,19120.0,59.4,0.6966,1
46,Female,Business Owner,Salaried,Single,1,13900.0,0.0,28000.0,0.0,16233.333333333334,4800.0,14600.0,7400.0,1800.0,1500.0,5000.0,9200.0,10100.0,10700.0,19400.0,7200.0,91700.0,Home Loan,597000.0,14.8,48,16550.0,0.0,1700.0,0.0,0.0,1700.0,799,33900.0,115600.0,246000.0,No,Never,Low,Moderate,1.1242,1.6,-77166.67,5600.0,39.0,0.9088,1
34,Female,Manager,Salaried,Single,4,42200.0,0.0,0.0,0.0,42200.0,8100.0,25600.0,9600.0,2100.0,1200.0,11100.0,7500.0,11700.0,1200.0,19500.0,7100.0,104700.0,Vehicle Loan,255000.0,17.5,120,4510.0,0.0,0.0,0.0,6000.0,6000.0,352,409900.0,261800.0,1191100.0,No,Occasionally,High,High,0.2491,6.07,-68500.0,12990.0,49.2,0.9762,1
58,Female,Teacher,Self-Employed,Married,2,67600.0,0.0,0.0,0.0,67600.0,7900.0,15800.0,5000.0,1000.0,1200.0,6500.0,12200.0,14100.0,5000.0,24000.0,2100.0,94800.0,Home Loan,2568000.0,12.7,240,29540.0,18800.0,0.0,0.0,1900.0,20700.0,449,52200.0,380300.0,1528200.0,No,Occasionally,Low,High,0.7432,3.74,-47900.0,9720.0,30.2,0.9949,1
57,Male,Teacher,Salaried,Married,0,70300.0,18100.0,171000.0,0.0,102650.0,26600.0,11500.0,4400.0,4400.0,1000.0,9000.0,0.0,12200.0,1400.0,19400.0,6500.0,96400.0,Business Loan,2314000.0,11.8,240,25160.0,27500.0,0.0,0.0,0.0,27500.0,658,386200.0,260200.0,26200.0,No,Occasionally,Low,Moderate,0.513,5.22,-21250.0,18690.0,45.6,0.7607,1
31,Male,Analyst,Salaried,Married,3,51000.0,0.0,143000.0,0.0,62916.666666666664,19400.0,10500.0,3400.0,5100.0,1600.0,4000.0,16000.0,14100.0,3500.0,20900.0,6100.0,104600.0,Home Loan,3194000.0,17.7,60,80590.0,0.0,0.0,8700.0,10800.0,19500.0,384,510400.0,580600.0,1329300.0,No,Never,Moderate,Moderate,1.5908,8.79,-61183.33,8810.0,25.3,0.9998,1
56,Other,Doctor,Salaried,Married,2,76500.0,0.0,150000.0,0.0,89000.0,23700.0,19800.0,4100.0,2300.0,1400.0,1300.0,4800.0,12500.0,5200.0,14200.0,7500.0,96800.0,Education Loan,3382000.0,16.2,180,50140.0,0.0,0.0,0.0,6500.0,6500.0,704,764000.0,502800.0,1452900.0,No,Never,High,Moderate,0.6364,12.26,-14300.0,33550.0,55.3,0.2127,0
33,Female,Doctor,Salaried,Single,0,175100.0,0.0,429000.0,0.0,210850.0,43500.0,4600.0,6000.0,1500.0,900.0,7400.0,0.0,1700.0,10500.0,17100.0,2500.0,95700.0,Education Loan,9266000.0,17.4,12,846860.0,0.0,0.0,18600.0,10500.0,29100.0,645,1702500.0,4060800.0,874800.0,No,Occasionally,High,Moderate,4.1544,46.18,86050.0,65780.0,54.7,0.9979,1
63,Female,Business Owner,Salaried,Single,2,115400.0,0.0,0.0,0.0,115400.0,15100.0,20700.0,8700.0,2700.0,500.0,10200.0,16300.0,2600.0,6600.0,13000.0,3900.0,100300.0,Home Loan,1303000.0,11.7,60,28790.0,0.0,0.0,0.0,4800.0,4800.0,681,466100.0,1434700.0,1506400.0,No,Never,Low,Moderate,0.2911,18.09,10300.0,47130.0,64.9,0.0094,0
23,Male,Manager,Business,Single,0,37700.0,0.0,0.0,66800.0,104500.0,34200.0,11500.0,4300.0,2500.0,800.0,11900.0,0.0,13400.0,8100.0,8400.0,3100.0,98200.0,Personal Loan,2051000.0,14.8,36,70900.0,0.0,0.0,0.0,0.0,0.0,629,720800.0,1021800.0,1643300.0,No,Occasionally,Low,Low,0.6785,17.75,6300.0,47020.0,54.5,0.0975,0
53,Female,Doctor,Unemployed,Single,0,23700.0,0.0,0.0,0.0,23700.0,4000.0,6400.0,3300.0,3300.0,600.0,10300.0,0.0,1400.0,5000.0,9200.0,2800.0,46300.0,Home Loan,1418000.0,10.1,48,36030.0,0.0,0.0,2900.0,0.0,2900.0,644,183900.0,175900.0,333100.0,Yes,Never,High,Moderate,1.6426,7.31,-25500.0,7760.0,30.8,0.9996,1
26,Female,Business Owner,Salaried,Married,0,40000.0,0.0,68000.0,0.0,45666.666666666664,7100.0,10300.0,4200.0,2300.0,1400.0,7100.0,0.0,12100.0,7600.0,10300.0,5600.0,68000.0,Business Loan,1318000.0,16.6,12,119960.0,8000.0,0.0,0.0,0.0,8000.0,753,273600.0,445500.0,595100.0,No,Frequently,Low,Low,2.802,9.46,-30333.33,12550.0,41.0,0.9999,1
30,Female,Sales Executive,Salaried,Married,1,30500.0,0.0,17000.0,0.0,31916.666666666668,9700.0,19900.0,2800.0,2700.0,1000.0,7700.0,13500.0,12900.0,10000.0,9800.0,2100.0,92100.0,Business Loan,790000.0,17.3,12,72160.0,10100.0,0.0,0.0,0.0,10100.0,745,221800.0,239000.0,604400.0,Yes,Never,Low,High,2.5773,4.51,-70283.33,4260.0,32.8,0.9999,1
25,Male,Analyst,Salaried,Married,1,61400.0,0.0,76000.0,0.0,67733.33333333333,23400.0,10300.0,9400.0,5500.0,1300.0,10100.0,15100.0,6800.0,4300.0,14300.0,4300.0,104800.0,Business Loan,3594000.0,10.3,36,116480.0,0.0,0.0,0.0,12000.0,12000.0,863,390100.0,1170400.0,1338300.0,Yes,Never,High,Low,1.8969,13.36,-49066.67,18480.0,45.0,0.9624,1
43,Female,Sales Executive,Salaried,Single,0,27200.0,0.0,0.0,0.0,27200.0,7200.0,7800.0,9000.0,2700.0,1200.0,1200.0,0.0,6000.0,11300.0,7700.0,5500.0,59600.0,Personal Loan,185000.0,8.6,48,4570.0,0.0,0.0,0.0,0.0,0.0,546,27800.0,159400.0,569200.0,Yes,Occasionally,Low,Moderate,0.168,3.14,-32400.0,12240.0,57.0,0.8558,1
30,Female,Analyst,Salaried,Married,0,47300.0,0.0,36000.0,0.0,50300.0,12900.0,5700.0,4500.0,4900.0,1600.0,11500.0,0.0,3700.0,3300.0,13900.0,1900.0,63900.0,Education Loan,1731000.0,9.6,36,55530.0,0.0,5600.0,6900.0,0.0,12500.0,495,155700.0,317900.0,1149000.0,No,Never,Low,Low,1.3525,6.2,-26100.0,10140.0,21.3,0.9979,1
64,Male,Other,Salaried,Married,2,74500.0,24500.0,61000.0,0.0,104083.33333333333,18700.0,16400.0,4000.0,4100.0,1900.0,6800.0,12900.0,1700.0,11100.0,23100.0,2800.0,103500.0,Business Loan,1724000.0,14.1,24,82860.0,0.0,0.0,6000.0,0.0,6000.0,829,746800.0,1507400.0,2601500.0,No,Occasionally,Low,Moderate,0.8537,20.59,-5416.67,40840.0,58.1,0.0198,0
22,Female,Business Owner,Business,Married,4,46600.0,12100.0,77000.0,71000.0,136116.66666666666,14300.0,13200.0,9200.0,2700.0,1500.0,11500.0,8300.0,11400.0,1300.0,11300.0,7800.0,92500.0,Business Loan,3437000.0,10.4,180,37780.0,0.0,0.0,0.0,0.0,0.0,336,380400.0,2466100.0,2344600.0,No,Never,Low,Moderate,0.2776,30.77,43616.67,61250.0,65.0,0.0186,0
33,Female,Business Owner,Salaried,Married,2,30500.0,12900.0,71000.0,0.0,49316.666666666664,7300.0,18700.0,2000.0,5100.0,600.0,9400.0,7200.0,2000.0,7000.0,7100.0,6600.0,73000.0,Home Loan,788000.0,14.2,360,9460.0,0.0,0.0,4000.0,0.0,4000.0,561,238000.0,686600.0,107900.0,No,Occasionally,Low,Low,0.2729,12.01,-27683.33,18190.0,62.1,0.3791,0
60,Female,Accountant,Salaried,Married,0,88200.0,13500.0,228000.0,0.0,120700.0,29700.0,16900.0,6800.0,4000.0,500.0,2700.0,0.0,14200.0,11800.0,10000.0,5700.0,102300.0,Education Loan,855000.0,11.2,36,28070.0,42100.0,13800.0,9600.0,0.0,65500.0,332,673400.0,315000.0,1320800.0,No,Occasionally,High,Moderate,0.7752,5.89,-47100.0,0.0,36.7,0.9984,1
22,Male,Other,Salaried,Married,0,19200.0,22300.0,0.0,0.0,41500.0,5700.0,17000.0,9300.0,1000.0,900.0,2800.0,0.0,5200.0,7700.0,22200.0,7000.0,78800.0,Business Loan,1158000.0,17.1,360,16600.0,0.0,0.0,0.0,0.0,0.0,847,285300.0,750300.0,4700.0,No,Occasionally,Low,Moderate,0.4,13.14,-37300.0,18680.0,61.5,0.0326,0
40,Male,Business Owner,Self-Employed,Married,0,41600.0,15900.0,0.0,0.0,57500.0,18500.0,5500.0,6100.0,1300.0,1300.0,4900.0,0.0,12100.0,7100.0,23700.0,1100.0,81600.0,Business Loan,2783000.0,12.3,240,31230.0,0.0,8300.0,0.0,0.0,8300.0,538,170300.0,898000.0,1026700.0,No,Never,Low,Moderate,0.6875,11.88,-32400.0,17580.0,42.2,0.872,1
21,Male,Doctor,Self-Employed,Single,0,48000.0,18000.0,0.0,0.0,66000.0,9700.0,11800.0,2000.0,4800.0,600.0,3900.0,0.0,1800.0,8500.0,22400.0,1000.0,66500.0,Home Loan,3786000.0,12.7,60,85560.0,13300.0,0.0,0.0,0.0,13300.0,701,406200.0,366600.0,1930600.0,No,Never,Low,Moderate,1.4979,9.68,-13800.0,16400.0,38.5,0.9605,1
57,Male,Analyst,Salaried,Married,1,49400.0,0.0,0.0,0.0,49400.0,11400.0,7400.0,3800.0,3200.0,1200.0,5800.0,10300.0,8500.0,4200.0,8600.0,2100.0,66500.0,Home Loan,1942000.0,11.2,120,26970.0,0.0,6800.0,0.0,0.0,6800.0,700,304600.0,108200.0,1225700.0,Yes,Occasionally,Moderate,Low,0.6836,5.63,-23900.0,15430.0,48.1,0.9,1
29,Male,Sales Executive,Salaried,Single,2,53700.0,0.0,0.0,0.0,53700.0,12200.0,16000.0,9400.0,3000.0,2300.0,7600.0,9300.0,5900.0,1600.0,10900.0,4500.0,82700.0,Vehicle Loan,1417000.0,8.3,12,123460.0,17500.0,0.0,0.0,8000.0,25500.0,431,457900.0,785700.0,783300.0,No,Occasionally,Low,Moderate,2.7739,11.49,-54500.0,0.0,26.5,1.0,1
37,Female,Analyst,Self-Employed,Single,2,66500.0,23400.0,0.0,0.0,89900.0,22600.0,19400.0,2100.0,1700.0,700.0,5800.0,14700.0,1400.0,3800.0,24400.0,5000.0,101600.0,Home Loan,4256000.0,12.7,120,62800.0,0.0,0.0,0.0,8300.0,8300.0,515,516400.0,490600.0,1910000.0,No,Occasionally,Low,Moderate,0.7909,9.16,-20000.0,32160.0,42.3,0.9396,1
29,Male,Teacher,Salaried,Divorced,2,48200.0,23800.0,0.0,0.0,72000.0,13100.0,15500.0,5200.0,1800.0,2400.0,1600.0,16300.0,10200.0,2900.0,9400.0,1800.0,80200.0,Home Loan,2361000.0,15.6,360,30990.0,0.0,0.0,0.0,0.0,0.0,758,237800.0,788600.0,1602500.0,Yes,Never,Low,Moderate,0.4304,12.8,-8200.0,32400.0,59.9,0.0302,0
31,Female,Accountant,Business,Divorced,0,40800.0,0.0,101000.0,27900.0,77116.66666666666,24600.0,16200.0,8300.0,5000.0,2200.0,11700.0,0.0,14200.0,11200.0,5200.0,1500.0,100100.0,Vehicle Loan,1945000.0,17.5,180,30630.0,21700.0,11600.0,0.0,1100.0,34400.0,515,421500.0,208300.0,1376200.0,Yes,Never,High,Moderate,0.8433,4.68,-57383.33,300.0,37.6,0.994,1
35,Female,Business Owner,Salaried,Single,0,40000.0,23700.0,90000.0,0.0,71200.0,15000.0,15200.0,8700.0,5100.0,2200.0,5700.0,0.0,1200.0,10400.0,8500.0,6800.0,78800.0,Business Loan,1057000.0,8.3,360,7980.0,0.0,0.0,0.0,0.0,0.0,695,108200.0,839800.0,1891600.0,No,Occasionally,Moderate,High,0.1121,12.03,-7600.0,32040.0,74.4,0.0485,0
44,Female,Manager,Salaried,Married,2,36100.0,0.0,36000.0,0.0,39100.0,10800.0,11900.0,5800.0,3800.0,2200.0,10400.0,12100.0,4800.0,4500.0,24200.0,4300.0,94800.0,Home Loan,1908000.0,15.9,60,46300.0,10400.0,0.0,0.0,13400.0,23800.0,495,245300.0,55100.0,377500.0,No,Never,Moderate,High,1.7928,2.53,-79500.0,0.0,22.6,0.9999,1
58,Female,Software Engineer,Salaried,Single,0,72700.0,0.0,0.0,0.0,72700.0,18800.0,12800.0,3900.0,2500.0,700.0,1800.0,0.0,10900.0,10200.0,11600.0,7900.0,81100.0,Personal Loan,2364000.0,10.3,60,50580.0,0.0,0.0,0.0,1400.0,1400.0,659,669100.0,810300.0,1468600.0,No,Occasionally,Low,Moderate,0.715,17.93,-9800.0,31320.0,46.0,0.1124,0
55,Female,Accountant,Self-Employed,Married,0,35500.0,0.0,0.0,0.0,35500.0,4600.0,4100.0,6800.0,5700.0,800.0,9900.0,0.0,13200.0,3300.0,23500.0,2600.0,74500.0,Vehicle Loan,2059000.0,16.1,60,50180.0,8700.0,5100.0,3000.0,0.0,16800.0,575,196400.0,597800.0,68900.0,No,Never,Low,Moderate,1.8868,8.7,-55800.0,0.0,31.8,0.9995,1
50,Female,Business Owner,Salaried,Married,1,74900.0,0.0,0.0,0.0,74900.0,19100.0,11500.0,4100.0,4100.0,800.0,2900.0,11600.0,3700.0,3200.0,4400.0,5500.0,70900.0,Vehicle Loan,3678000.0,11.1,120,50870.0,0.0,0.0,0.0,4100.0,4100.0,817,245300.0,901400.0,310600.0,No,Never,High,Moderate,0.7339,15.29,-100.0,29600.0,56.6,0.0394,0
51,Male,Sales Executive,Business,Divorced,0,49500.0,0.0,92000.0,55100.0,112266.66666666666,26700.0,7300.0,4000.0,5000.0,700.0,8500.0,0.0,2000.0,9400.0,19600.0,6600.0,89800.0,Business Loan,3155000.0,8.7,48,78060.0,0.0,0.0,0.0,0.0,0.0,600,488600.0,1999300.0,3160700.0,Yes,Never,Low,Moderate,0.6953,27.7,22466.67,50520.0,64.0,0.0224,0
25,Male,Business Owner,Salaried,Married,0,37800.0,11000.0,112000.0,0.0,58133.333333333336,18900.0,17100.0,8500.0,1000.0,1200.0,8300.0,0.0,1100.0,4600.0,4100.0,7100.0,71900.0,Home Loan,2659000.0,13.9,360,31300.0,0.0,0.0,8700.0,13400.0,22100.0,870,527100.0,664400.0,947100.0,Yes,Occasionally,Low,High,0.9186,12.68,-35866.67,4060.0,54.1,0.2109,0
64,Female,Software Engineer,Salaried,Single,2,66800.0,24300.0,0.0,0.0,91100.0,29200.0,13700.0,3200.0,3300.0,2200.0,11000.0,18300.0,4000.0,1700.0,6500.0,3100.0,96200.0,Personal Loan,2727000.0,16.9,180,41780.0,0.0,0.0,0.0,0.0,0.0,380,749200.0,1281000.0,2061700.0,No,Occasionally,Low,Moderate,0.4586,21.1,-5100.0,41000.0,44.2,0.3938,0
34,Female,Sales Executive,Salaried,Married,3,34100.0,10100.0,94000.0,0.0,52033.333333333336,7200.0,19200.0,2000.0,5400.0,1000.0,4500.0,6900.0,2000.0,8900.0,16200.0,2400.0,75700.0,Business Loan,489000.0,9.4,36,15640.0,17000.0,0.0,0.0,0.0,17000.0,634,423000.0,414100.0,1357000.0,Yes,Never,Low,Moderate,0.6273,9.03,-40666.67,6420.0,50.3,0.8764,1
31,Male,Analyst,Salaried,Single,0,67400.0,0.0,0.0,0.0,67400.0,8100.0,14200.0,4700.0,2700.0,1000.0,2200.0,0.0,6000.0,11900.0,12000.0,2600.0,65400.0,Home Loan,2252000.0,7.7,180,21130.0,0.0,13000.0,0.0,2300.0,15300.0,580,394900.0,447500.0,1888800.0,Yes,Occasionally,Moderate,Moderate,0.5405,10.44,-13300.0,15030.0,45.6,0.4851,1
29,Female,Sales Executive,Salaried,Married,0,54500.0,4100.0,46000.0,0.0,62433.333333333336,10800.0,14800.0,5900.0,4600.0,1900.0,10500.0,0.0,7200.0,7200.0,17300.0,5700.0,85900.0,Business Loan,3285000.0,16.8,36,116790.0,0.0,0.0,0.0,0.0,0.0,406,266300.0,460800.0,168100.0,No,Never,Low,High,1.8706,8.46,-23466.67,28100.0,24.5,1.0,1
54,Female,Accountant,Salaried,Married,2,36400.0,0.0,0.0,0.0,36400.0,12600.0,18300.0,7600.0,4300.0,700.0,4600.0,14600.0,7700.0,3900.0,24400.0,4700.0,103400.0,Vehicle Loan,1895000.0,14.8,36,65510.0,0.0,0.0,0.0,0.0,0.0,441,64000.0,107500.0,766400.0,No,Frequently,Low,Moderate,1.7997,1.66,-67000.0,16380.0,13.0,1.0,1
32,Male,Analyst,Self-Employed,Married,0,63900.0,0.0,0.0,0.0,63900.0,6700.0,8000.0,8200.0,1800.0,1200.0,3600.0,0.0,3000.0,5100.0,3200.0,5200.0,46000.0,Vehicle Loan,2340000.0,16.0,48,66320.0,0.0,0.0,0.0,0.0,0.0,647,624200.0,372800.0,1207400.0,No,Occasionally,High,Low,1.0379,21.67,17900.0,28760.0,51.2,0.1627,0
55,Other,Business Owner,Salaried,Single,1,64400.0,3200.0,103000.0,0.0,76183.33333333333,20400.0,15600.0,7300.0,4900.0,1100.0,6300.0,11500.0,7500.0,8100.0,6400.0,1100.0,90200.0,Home Loan,1973000.0,8.1,24,89320.0,21700.0,6700.0,0.0,7400.0,35800.0,741,167700.0,636400.0,1371600.0,No,Never,Moderate,High,1.6424,6.38,-49816.67,0.0,33.2,0.9908,1
55,Female,Other,Business,Single,0,87400.0,0.0,184000.0,68000.0,170733.3333333333,43000.0,11700.0,7000.0,1600.0,2200.0,2600.0,0.0,1100.0,8700.0,16700.0,3700.0,98300.0,Business Loan,949000.0,16.8,240,13780.0,0.0,0.0,0.0,4700.0,4700.0,664,494300.0,1278700.0,744900.0,Yes,Occasionally,Moderate,High,0.1082,17.21,67733.33,72130.0,84.0,0.0064,0
21,Male,Business Owner,Salaried,Single,0,79500.0,0.0,139000.0,0.0,91083.33333333333,23800.0,12400.0,7300.0,4600.0,1500.0,4300.0,0.0,4400.0,10700.0,22600.0,3200.0,94800.0,Home Loan,2015000.0,11.9,12,178940.0,0.0,0.0,0.0,15000.0,15000.0,710,706900.0,948700.0,2112800.0,No,Never,Moderate,Moderate,2.1293,15.08,-18716.67,25990.0,43.1,0.9865,1
60,Female,Software Engineer,Self-Employed,Married,2,62700.0,0.0,173000.0,0.0,77116.66666666667,11900.0,8000.0,4200.0,6000.0,1800.0,5200.0,11700.0,6200.0,11000.0,20300.0,7000.0,93300.0,Education Loan,4584000.0,16.9,12,417870.0,0.0,0.0,0.0,0.0,0.0,340,295500.0,792500.0,730100.0,No,Never,Low,Moderate,5.4187,11.66,-16183.33,34700.0,21.7,1.0,1
42,Male,Other,Salaried,Married,2,27900.0,3500.0,0.0,0.0,31400.0,4900.0,11600.0,5100.0,5800.0,800.0,4000.0,12600.0,2700.0,10500.0,12700.0,6400.0,77100.0,Home Loan,1412000.0,8.2,12,122960.0,0.0,4100.0,4500.0,12600.0,21200.0,735,189900.0,470100.0,209300.0,No,Never,Low,Low,4.5911,6.71,-66900.0,0.0,34.2,1.0,1
49,Female,Business Owner,Salaried,Single,0,166800.0,0.0,0.0,0.0,166800.0,34600.0,17000.0,6900.0,5000.0,2400.0,6000.0,0.0,12400.0,8100.0,19100.0,4000.0,115500.0,Education Loan,7417000.0,16.8,48,213250.0,0.0,0.0,0.0,0.0,0.0,479,1290300.0,1421000.0,3539200.0,Yes,Never,Moderate,Low,1.2785,23.47,51300.0,75060.0,42.7,0.8047,1
28,Male,Manager,Salaried,Married,0,24300.0,2200.0,64000.0,0.0,31833.333333333332,3900.0,8100.0,2500.0,3700.0,1100.0,5200.0,0.0,3800.0,5900.0,6800.0,5400.0,46400.0,Vehicle Loan,1492000.0,14.6,12,134380.0,10900.0,2500.0,0.0,12900.0,26300.0,809,184100.0,441400.0,205700.0,Yes,Never,Low,Low,5.0475,8.6,-40866.67,0.0,38.2,1.0,1
31,Male,Accountant,Salaried,Married,0,78800.0,18000.0,134000.0,0.0,107966.66666666667,12800.0,10100.0,4400.0,4400.0,1900.0,9500.0,0.0,11600.0,8500.0,2300.0,1300.0,66800.0,Personal Loan,4222000.0,13.3,36,142870.0,0.0,0.0,0.0,0.0,0.0,808,557300.0,1935000.0,1615400.0,No,Occasionally,Low,Moderate,1.3233,37.31,41166.67,48580.0,55.2,0.0006,0
61,Female,Manager,Business,Single,0,60800.0,16300.0,99000.0,58500.0,143850.0,17600.0,6600.0,5300.0,4600.0,2400.0,11100.0,0.0,7600.0,8300.0,15100.0,5500.0,84100.0,Vehicle Loan,5354000.0,8.1,180,51480.0,0.0,0.0,18900.0,0.0,18900.0,474,141200.0,1389500.0,1370300.0,Yes,Frequently,High,Moderate,0.4893,14.86,40850.0,45830.0,54.4,0.6982,1
57,Female,Analyst,Salaried,Married,4,27300.0,16800.0,0.0,0.0,44100.0,10700.0,13900.0,6300.0,1000.0,1500.0,2100.0,17900.0,7700.0,3400.0,20700.0,1700.0,86900.0,Personal Loan,1321000.0,14.7,36,45600.0,9300.0,0.0,4900.0,11500.0,25700.0,415,226400.0,507800.0,1089500.0,Yes,Occasionally,Low,Moderate,1.6168,6.52,-68500.0,0.0,22.6,0.9999,1
34,Male,Teacher,Salaried,Married,2,46100.0,0.0,34000.0,0.0,48933.333333333336,9800.0,10900.0,5900.0,1500.0,1500.0,10100.0,14000.0,10000.0,6600.0,12000.0,6000.0,88300.0,Business Loan,1439000.0,13.8,24,68950.0,7800.0,0.0,0.0,0.0,7800.0,767,236000.0,678500.0,1401000.0,No,Occasionally,Low,Moderate,1.5685,9.52,-47166.67,14220.0,34.4,0.9679,1
50,Male,Business Owner,Business,Divorced,1,47100.0,0.0,0.0,75000.0,122100.0,21200.0,13800.0,7700.0,4000.0,700.0,11200.0,16000.0,1600.0,3300.0,15100.0,5000.0,99600.0,Personal Loan,6459000.0,15.1,120,104600.0,23900.0,0.0,0.0,0.0,23900.0,418,1082400.0,1268400.0,3020600.0,Yes,Occasionally,Low,Low,1.0524,19.03,-1400.0,31040.0,36.7,0.9405,1
55,Female,Doctor,Salaried,Single,2,94200.0,0.0,205000.0,0.0,111283.33333333333,19900.0,20900.0,5800.0,1000.0,1300.0,8600.0,16700.0,2100.0,10900.0,11700.0,3100.0,102000.0,Business Loan,2965000.0,15.0,240,39040.0,23100.0,16900.0,0.0,10300.0,50300.0,461,528600.0,456300.0,1325000.0,No,Never,Moderate,High,0.8028,6.47,-41016.67,0.0,31.1,0.9872,1
41,Male,Doctor,Self-Employed,Single,2,34300.0,0.0,92000.0,0.0,41966.666666666664,6400.0,12600.0,9200.0,5500.0,2200.0,12000.0,14700.0,5600.0,4600.0,13800.0,3600.0,90200.0,Education Loan,2149000.0,12.2,48,56800.0,0.0,0.0,0.0,0.0,0.0,333,272100.0,276100.0,205000.0,Yes,Never,Low,Low,1.3535,6.08,-48233.33,18880.0,19.1,0.9999,1
57,Male,Sales Executive,Salaried,Single,2,43000.0,5200.0,128000.0,0.0,58866.666666666664,11900.0,12500.0,5000.0,3400.0,800.0,4700.0,15700.0,6800.0,9900.0,22300.0,1600.0,94600.0,Business Loan,3007000.0,9.6,48,75690.0,0.0,0.0,0.0,0.0,0.0,315,462100.0,90400.0,1233300.0,No,Never,Low,Low,1.2858,5.84,-35733.33,26490.0,14.7,1.0,1
25,Male,Manager,Self-Employed,Single,0,15200.0,0.0,0.0,0.0,15200.0,2300.0,11900.0,6200.0,2300.0,2300.0,10100.0,0.0,7000.0,5100.0,13000.0,3300.0,63500.0,Home Loan,720000.0,17.1,24,35630.0,0.0,2900.0,1100.0,0.0,4000.0,727,75100.0,212600.0,412100.0,No,Never,High,Moderate,2.6072,4.26,-52300.0,2840.0,34.0,0.9999,1
39,Male,Accountant,Salaried,Single,0,116700.0,0.0,0.0,0.0,116700.0,32000.0,9000.0,2000.0,3000.0,1800.0,8400.0,0.0,10500.0,9400.0,2200.0,7800.0,86100.0,Home Loan,825000.0,17.2,60,20590.0,0.0,0.0,0.0,3000.0,3000.0,590,347500.0,736600.0,1405500.0,No,Occasionally,Low,High,0.2021,12.17,27600.0,49520.0,73.8,0.0609,0
34,Female,Business Owner,Salaried,Married,2,28700.0,5900.0,0.0,0.0,34600.0,4500.0,20700.0,4500.0,5300.0,1300.0,4600.0,12600.0,1000.0,3400.0,20400.0,4400.0,82700.0,Home Loan,455000.0,9.7,240,4300.0,0.0,0.0,0.0,0.0,0.0,613,311100.0,576000.0,42300.0,No,Never,Moderate,High,0.1243,10.73,-48100.0,15570.0,66.4,0.1934,0
46,Female,Software Engineer,Salaried,Married,1,57700.0,18900.0,76000.0,0.0,82933.33333333333,28000.0,11300.0,8900.0,5600.0,1600.0,8800.0,6200.0,14400.0,9400.0,16200.0,4300.0,114700.0,Vehicle Loan,1850000.0,14.1,12,166190.0,22900.0,0.0,0.0,4700.0,27600.0,329,747000.0,1116500.0,309400.0,No,Occasionally,Low,Moderate,2.3367,13.1,-59366.67,9720.0,19.1,1.0,1
24,Male,Sales Executive,Business,Married,4,46600.0,14400.0,0.0,79400.0,140400.0,17200.0,18900.0,4700.0,1600.0,800.0,6600.0,17100.0,3400.0,3000.0,18800.0,5400.0,97500.0,Home Loan,7247000.0,9.6,24,333080.0,0.0,0.0,0.0,0.0,0.0,716,1270400.0,2104100.0,1611800.0,No,Never,Moderate,Moderate,2.3724,34.61,42900.0,63180.0,53.0,0.4675,1
45,Female,Analyst,Salaried,Single,2,46700.0,7000.0,119000.0,0.0,63616.666666666664,21400.0,15500.0,4000.0,4900.0,900.0,3100.0,8300.0,4500.0,6400.0,22700.0,4400.0,96100.0,Business Loan,3374000.0,16.5,12,306920.0,0.0,0.0,0.0,0.0,0.0,651,196700.0,1130300.0,952900.0,Yes,Never,Moderate,High,4.8245,13.81,-32483.33,28630.0,38.6,1.0,1
62,Male,Other,Salaried,Married,4,73500.0,9100.0,91000.0,0.0,90183.33333333333,27800.0,22900.0,6300.0,3900.0,1100.0,2900.0,12100.0,13700.0,2200.0,8600.0,3500.0,105000.0,Business Loan,657000.0,8.5,48,16190.0,0.0,0.0,0.0,0.0,0.0,761,315400.0,819600.0,786100.0,Yes,Occasionally,Moderate,Low,0.1795,10.81,-14816.67,40580.0,70.0,0.0304,0
45,Female,Analyst,Salaried,Married,0,113100.0,24200.0,332000.0,0.0,164966.66666666666,44600.0,11900.0,2600.0,3900.0,1300.0,8800.0,0.0,1100.0,6800.0,13600.0,2000.0,96600.0,Business Loan,3771000.0,17.9,180,60460.0,0.0,0.0,0.0,0.0,0.0,347,1522400.0,756100.0,2412600.0,No,Occasionally,Low,Moderate,0.3665,23.59,68366.67,74240.0,68.2,0.138,0
38,Female,Business Owner,Business,Married,3,55600.0,0.0,125000.0,40100.0,106116.66666666667,34800.0,13300.0,6300.0,4900.0,2300.0,8800.0,14800.0,14900.0,10000.0,15900.0,5400.0,131400.0,Home Loan,5494000.0,13.9,36,187510.0,0.0,0.0,0.0,0.0,0.0,639,179900.0,1992300.0,3052300.0,No,Occasionally,Moderate,Moderate,1.767,16.53,-25283.33,47750.0,36.5,0.9755,1
60,Male,Teacher,Self-Employed,Married,0,68000.0,22200.0,63000.0,0.0,95450.0,12900.0,5700.0,4400.0,2100.0,1200.0,6800.0,0.0,1500.0,9300.0,9900.0,6200.0,60000.0,Education Loan,1788000.0,7.7,240,14620.0,21600.0,8200.0,0.0,0.0,29800.0,810,642500.0,1901400.0,220600.0,Yes,Never,Moderate,High,0.4654,28.33,5650.0,13150.0,70.4,0.0003,0
28,Female,Other,Unemployed,Married,4,57800.0,0.0,98000.0,0.0,65966.66666666667,9500.0,25100.0,5100.0,3700.0,1500.0,6500.0,16600.0,2700.0,1600.0,21500.0,7500.0,101300.0,Education Loan,3871000.0,16.8,120,66790.0,22900.0,0.0,0.0,0.0,22900.0,789,216200.0,339200.0,1590100.0,No,Never,Low,Moderate,1.3596,4.47,-58233.33,6790.0,32.4,0.9923,1
59,Female,Manager,Salaried,Divorced,0,81500.0,0.0,0.0,0.0,81500.0,13300.0,15200.0,8300.0,2600.0,800.0,3000.0,0.0,4400.0,6400.0,18000.0,1000.0,73000.0,Vehicle Loan,2601000.0,14.7,24,125740.0,0.0,0.0,0.0,0.0,0.0,776,599200.0,1228900.0,1113300.0,No,Never,Moderate,Moderate,1.5428,25.04,8500.0,36680.0,48.5,0.1276,0
60,Male,Business Owner,Salaried,Single,1,38900.0,0.0,67000.0,0.0,44483.333333333336,7200.0,6300.0,7300.0,1500.0,2000.0,5700.0,12600.0,7100.0,10400.0,18900.0,1500.0,80500.0,Business Loan,2516000.0,14.8,360,31410.0,0.0,0.0,3500.0,12000.0,15500.0,847,374500.0,105600.0,872400.0,No,Occasionally,Low,Low,1.0546,5.0,-51516.67,4520.0,40.3,0.7489,1
34,Male,Teacher,Salaried,Married,2,83900.0,3800.0,154000.0,0.0,100533.33333333333,17900.0,19500.0,5600.0,1500.0,1600.0,10600.0,11300.0,8300.0,8200.0,20600.0,7300.0,112400.0,Business Loan,2874000.0,10.4,360,26070.0,0.0,19100.0,0.0,0.0,19100.0,727,440000.0,153000.0,2923600.0,No,Never,Low,High,0.4493,4.51,-30966.67,26140.0,58.3,0.4287,0
52,Male,Manager,Self-Employed,Single,1,85400.0,11200.0,0.0,0.0,96600.0,23600.0,14300.0,6600.0,1700.0,1400.0,10400.0,6500.0,2500.0,1700.0,7900.0,5400.0,82000.0,Vehicle Loan,2203000.0,11.0,180,25040.0,0.0,0.0,0.0,0.0,0.0,599,187000.0,1335700.0,1331800.0,No,Occasionally,Low,High,0.2592,18.57,14600.0,43470.0,66.9,0.0324,0
58,Female,Teacher,Salaried,Single,1,84200.0,0.0,187000.0,0.0,99783.33333333333,10700.0,13300.0,8100.0,4100.0,2400.0,8300.0,8900.0,2000.0,4600.0,19100.0,7700.0,89200.0,Business Loan,2488000.0,17.1,240,36680.0,15800.0,17900.0,13700.0,0.0,47400.0,475,744000.0,583500.0,287500.0,No,Frequently,Low,High,0.8426,9.72,-36816.67,0.0,36.1,0.9724,1
53,Female,Manager,Salaried,Single,4,35200.0,0.0,60000.0,0.0,40200.0,7900.0,12200.0,8000.0,1500.0,2300.0,12000.0,9900.0,1400.0,7100.0,19800.0,4000.0,86100.0,Personal Loan,2156000.0,14.2,12,193780.0,11600.0,0.0,0.0,0.0,11600.0,655,41400.0,703100.0,998500.0,No,Occasionally,Moderate,High,5.109,7.62,-57500.0,6490.0,28.5,1.0,1
43,Female,Accountant,Self-Employed,Single,1,45100.0,21500.0,112000.0,0.0,75933.33333333333,12300.0,16900.0,3500.0,3900.0,1800.0,10800.0,19100.0,4600.0,2900.0,21400.0,3900.0,101100.0,Vehicle Loan,1761000.0,7.7,120,21090.0,19200.0,8100.0,0.0,0.0,27300.0,610,48800.0,816200.0,603000.0,No,Occasionally,Low,High,0.6373,6.74,-52466.67,6870.0,43.3,0.9456,1
35,Female,Doctor,Salaried,Single,2,55300.0,5500.0,0.0,0.0,60800.0,15300.0,10800.0,4400.0,3900.0,2300.0,2600.0,10200.0,13900.0,8500.0,13200.0,3400.0,88500.0,Business Loan,2542000.0,10.9,360,24020.0,18100.0,5400.0,0.0,11100.0,34600.0,780,537100.0,964200.0,1651100.0,No,Occasionally,Moderate,Low,0.9641,12.2,-62300.0,0.0,46.6,0.4085,0
53,Female,Analyst,Salaried,Single,0,24700.0,0.0,27000.0,0.0,26950.0,9300.0,14200.0,4800.0,5500.0,1600.0,5400.0,0.0,6500.0,8000.0,13600.0,2000.0,70900.0,Vehicle Loan,831000.0,13.8,120,12800.0,8300.0,4400.0,2500.0,12000.0,27200.0,514,222600.0,79900.0,66200.0,No,Occasionally,Low,Moderate,1.4842,3.08,-71150.0,0.0,25.2,0.9997,1
45,Female,Accountant,Salaried,Single,2,108800.0,0.0,0.0,0.0,108800.0,25000.0,8200.0,3500.0,4100.0,2200.0,2500.0,18700.0,11700.0,3200.0,4300.0,3700.0,87100.0,Personal Loan,6179000.0,9.1,36,196780.0,0.0,15200.0,0.0,0.0,15200.0,494,655900.0,1916500.0,744100.0,No,Never,Low,Low,1.9483,25.15,6500.0,33760.0,38.0,0.9796,1
37,Female,Other,Salaried,Married,2,48700.0,11300.0,110000.0,0.0,69166.66666666667,14300.0,19100.0,2100.0,5900.0,1300.0,6100.0,11800.0,3700.0,7100.0,21600.0,1100.0,94100.0,Personal Loan,952000.0,8.5,24,43270.0,12000.0,6100.0,0.0,4800.0,22900.0,342,471800.0,318800.0,2008700.0,No,Never,High,Low,0.9567,6.76,-47833.33,8230.0,23.5,0.9992,1
53,Male,Sales Executive,Self-Employed,Single,1,56500.0,0.0,0.0,0.0,56500.0,10900.0,6300.0,3400.0,1200.0,700.0,9500.0,7300.0,1900.0,9900.0,14300.0,4600.0,70000.0,Home Loan,1615000.0,8.1,240,13610.0,0.0,10400.0,3600.0,0.0,14000.0,485,539600.0,666500.0,1492000.0,Yes,Never,Low,Low,0.4887,14.36,-27500.0,11420.0,54.6,0.6834,1
22,Female,Doctor,Salaried,Married,0,36700.0,8300.0,59000.0,0.0,49916.666666666664,14800.0,7300.0,8500.0,4500.0,2500.0,2700.0,0.0,8800.0,5100.0,15700.0,6900.0,76800.0,Business Loan,592000.0,14.1,48,16210.0,13000.0,7900.0,4300.0,11500.0,36700.0,740,54700.0,628200.0,327700.0,No,Never,Low,High,1.06,6.02,-63583.33,0.0,35.7,0.9401,1
34,Female,Accountant,Salaried,Single,1,25200.0,0.0,0.0,0.0,25200.0,3000.0,9800.0,6400.0,1100.0,800.0,10700.0,9400.0,12500.0,3700.0,4800.0,3200.0,65400.0,Personal Loan,927000.0,10.9,12,81890.0,4400.0,0.0,0.0,0.0,4400.0,797,64500.0,56800.0,587000.0,No,Never,Moderate,Moderate,3.4242,1.74,-44600.0,6940.0,30.3,1.0,1
60,Male,Business Owner,Salaried,Married,0,36200.0,0.0,0.0,0.0,36200.0,12300.0,6200.0,4700.0,4600.0,1000.0,7300.0,0.0,13600.0,8700.0,15800.0,1700.0,75900.0,Personal Loan,983000.0,11.4,240,10420.0,0.0,4200.0,0.0,0.0,4200.0,315,268900.0,708600.0,93700.0,Yes,Never,Low,Moderate,0.4039,12.2,-43900.0,12090.0,50.5,0.987,1
60,Female,Teacher,Salaried,Married,0,54700.0,0.0,0.0,0.0,54700.0,11200.0,10700.0,6900.0,2900.0,800.0,9200.0,0.0,8600.0,1800.0,3000.0,7800.0,62900.0,Personal Loan,457000.0,8.1,12,39770.0,15500.0,0.0,0.0,13800.0,29300.0,615,164600.0,368800.0,259000.0,No,Never,Moderate,Moderate,1.2627,5.79,-37500.0,0.0,25.9,0.9935,1
59,Male,Other,Salaried,Married,2,68600.0,0.0,0.0,0.0,68600.0,12200.0,12000.0,7900.0,4100.0,1200.0,1500.0,15400.0,5100.0,10200.0,23200.0,1900.0,94700.0,Home Loan,3549000.0,15.2,24,172420.0,0.0,0.0,0.0,0.0,0.0,354,169400.0,999400.0,375100.0,No,Never,Low,Low,2.5134,12.34,-26100.0,30870.0,20.6,1.0,1
26,Male,Business Owner,Salaried,Married,0,53200.0,0.0,83000.0,0.0,60116.666666666664,20700.0,17900.0,4800.0,2500.0,1100.0,2000.0,0.0,2500.0,11400.0,21900.0,4700.0,89500.0,Business Loan,1542000.0,15.6,12,139620.0,19200.0,0.0,0.0,0.0,19200.0,371,282600.0,781600.0,77900.0,No,Never,Moderate,Moderate,2.6419,9.79,-48583.33,7850.0,22.9,1.0,1
26,Female,Doctor,Salaried,Single,0,58300.0,0.0,125000.0,0.0,68716.66666666667,22900.0,12100.0,5700.0,1800.0,1700.0,7800.0,0.0,10300.0,11600.0,6500.0,6700.0,87100.0,Vehicle Loan,2209000.0,16.2,240,31060.0,0.0,9700.0,8000.0,12100.0,29800.0,598,506800.0,111900.0,999000.0,Yes,Occasionally,Moderate,Moderate,0.8857,5.29,-48183.33,1120.0,32.2,0.9865,1
23,Male,Teacher,Salaried,Divorced,2,41400.0,9300.0,0.0,0.0,50700.0,13200.0,15900.0,2500.0,4600.0,2500.0,10200.0,5300.0,4900.0,5800.0,15700.0,2800.0,83400.0,Home Loan,1390000.0,14.3,36,47710.0,0.0,0.0,0.0,7700.0,7700.0,556,126700.0,881400.0,594200.0,Yes,Frequently,Low,Moderate,1.0929,11.07,-40400.0,15120.0,34.0,0.9865,1
27,Male,Other,Salaried,Married,0,62800.0,0.0,0.0,0.0,62800.0,6600.0,7100.0,6800.0,5500.0,600.0,10600.0,0.0,12800.0,7900.0,15900.0,6900.0,80700.0,Business Loan,2002000.0,15.6,360,26280.0,0.0,0.0,9100.0,2100.0,11200.0,800,287700.0,426000.0,1110800.0,No,Occasionally,High,Moderate,0.5968,7.77,-29100.0,17060.0,55.7,0.259,0
28,Male,Sales Executive,Salaried,Married,0,102900.0,14500.0,0.0,0.0,117400.0,33700.0,9700.0,4900.0,1900.0,2100.0,8600.0,0.0,9500.0,10400.0,20500.0,4900.0,106200.0,Personal Loan,692000.0,13.6,180,9030.0,0.0,0.0,0.0,0.0,0.0,680,637300.0,672900.0,2425700.0,Yes,Never,Moderate,Moderate,0.0769,12.34,11200.0,52830.0,76.6,0.021,0
62,Female,Doctor,Self-Employed,Married,0,69700.0,0.0,184000.0,0.0,85033.33333333333,15600.0,5700.0,5500.0,5600.0,800.0,3200.0,0.0,13000.0,3500.0,19400.0,3300.0,75600.0,Home Loan,4239000.0,12.7,120,62540.0,0.0,0.0,0.0,0.0,0.0,342,181600.0,179600.0,1518700.0,No,Never,Low,Low,0.7355,4.78,9433.33,38260.0,34.5,0.996,1
35,Male,Other,Self-Employed,Single,1,73500.0,23800.0,0.0,0.0,97300.0,19200.0,16700.0,5400.0,1700.0,500.0,3100.0,13800.0,8900.0,1300.0,24800.0,7100.0,102500.0,Education Loan,2265000.0,10.2,120,30180.0,0.0,0.0,0.0,5300.0,5300.0,387,489400.0,560100.0,812900.0,No,Never,High,High,0.3646,9.74,-10500.0,38480.0,48.1,0.927,1
49,Female,Accountant,Self-Employed,Married,2,56800.0,0.0,0.0,0.0,56800.0,7900.0,12600.0,7100.0,4700.0,1800.0,10700.0,9900.0,11800.0,5200.0,10100.0,5400.0,87200.0,Education Loan,2547000.0,8.1,12,221680.0,0.0,10600.0,0.0,0.0,10600.0,776,495600.0,726000.0,140800.0,No,Never,Moderate,Moderate,4.0894,12.49,-41000.0,14960.0,43.5,1.0,1
53,Male,Other,Salaried,Single,2,23100.0,0.0,0.0,0.0,23100.0,5300.0,18500.0,6600.0,5800.0,2200.0,2200.0,18700.0,5100.0,10700.0,4900.0,5300.0,85300.0,Personal Loan,198000.0,10.6,240,1990.0,0.0,1400.0,0.0,0.0,1400.0,440,175300.0,111300.0,507300.0,Yes,Frequently,Moderate,High,0.1468,3.31,-63600.0,9000.0,52.5,0.9728,1
50,Other,Doctor,Salaried,Married,0,29100.0,0.0,0.0,0.0,29100.0,8300.0,9200.0,5400.0,1700.0,900.0,8500.0,0.0,8000.0,6600.0,15200.0,4500.0,68300.0,Business Loan,984000.0,14.7,36,33970.0,8700.0,2600.0,0.0,0.0,11300.0,485,153700.0,287000.0,269900.0,No,Occasionally,Low,Moderate,1.5557,5.54,-50500.0,1800.0,23.5,0.9996,1
59,Female,Accountant,Salaried,Single,0,61500.0,0.0,0.0,0.0,61500.0,10300.0,17800.0,2100.0,3200.0,1200.0,6900.0,0.0,1300.0,6800.0,19600.0,2900.0,72100.0,Business Loan,3381000.0,17.2,36,120880.0,0.0,0.0,7900.0,9300.0,17200.0,377,103900.0,996000.0,455800.0,No,Never,Low,Moderate,2.2452,12.32,-27800.0,10480.0,27.7,1.0,1
47,Male,Business Owner,Salaried,Divorced,0,48800.0,8500.0,0.0,0.0,57300.0,19200.0,6400.0,7000.0,2700.0,800.0,5600.0,0.0,9500.0,8600.0,8600.0,3100.0,71500.0,Home Loan,1542000.0,10.2,36,49900.0,0.0,0.0,0.0,0.0,0.0,501,41400.0,1097200.0,1187000.0,No,Occasionally,Moderate,High,0.8709,15.92,-14200.0,25780.0,36.8,0.9013,1
56,Male,Doctor,Salaried,Single,1,61100.0,17300.0,112000.0,0.0,87733.33333333333,13000.0,6000.0,9000.0,2900.0,2300.0,5800.0,5300.0,8500.0,7300.0,7400.0,1600.0,69100.0,Education Loan,1391000.0,14.5,360,17030.0,0.0,0.0,0.0,0.0,0.0,815,99900.0,1255400.0,1163000.0,No,Never,Low,Moderate,0.1941,19.61,18633.33,39480.0,81.9,0.0007,0
49,Male,Software Engineer,Salaried,Single,3,113300.0,24600.0,228000.0,0.0,156900.0,18300.0,18300.0,8200.0,4800.0,1000.0,11400.0,5100.0,11600.0,1600.0,20500.0,2700.0,103500.0,Business Loan,1640000.0,12.5,60,36900.0,0.0,0.0,0.0,0.0,0.0,554,1196700.0,740400.0,962700.0,Yes,Never,Moderate,Moderate,0.2352,18.72,53400.0,70600.0,75.6,0.0313,0
58,Female,Sales Executive,Unemployed,Married,0,70500.0,0.0,0.0,0.0,70500.0,18400.0,17300.0,9900.0,4300.0,1400.0,10500.0,0.0,11200.0,7200.0,19300.0,2900.0,102400.0,Home Loan,3684000.0,14.1,24,177050.0,13000.0,0.0,0.0,0.0,13000.0,794,507000.0,583700.0,1621200.0,Yes,Occasionally,Moderate,Moderate,2.6957,9.45,-44900.0,18720.0,45.5,1.0,1
53,Male,Software Engineer,Salaried,Married,0,92000.0,22300.0,213000.0,0.0,132050.0,41200.0,13100.0,3100.0,5800.0,2300.0,10500.0,0.0,9800.0,8100.0,6700.0,1400.0,102000.0,Home Loan,2395000.0,7.5,48,57910.0,0.0,0.0,0.0,0.0,0.0,763,1001900.0,1522100.0,3194500.0,Yes,Never,Low,Low,0.4385,24.75,30050.0,59420.0,65.8,0.0027,0
57,Male,Analyst,Salaried,Married,0,51400.0,9600.0,0.0,0.0,61000.0,20600.0,5200.0,3800.0,1900.0,1600.0,5500.0,0.0,1800.0,8100.0,22000.0,1800.0,72300.0,Education Loan,3576000.0,8.8,180,35850.0,0.0,9700.0,8600.0,0.0,18300.0,460,208500.0,1071000.0,1803100.0,No,Occasionally,Low,Moderate,0.8877,14.12,-29600.0,9150.0,40.0,0.9718,1
47,Male,Teacher,Self-Employed,Single,2,32700.0,11400.0,82000.0,0.0,50933.333333333336,14900.0,15600.0,6300.0,3700.0,2400.0,2200.0,12100.0,13600.0,9000.0,5100.0,2900.0,87800.0,Personal Loan,949000.0,9.8,12,83340.0,0.0,0.0,0.0,14400.0,14400.0,440,69000.0,581000.0,715100.0,Yes,Occasionally,Low,Low,1.919,6.36,-51266.67,8520.0,21.7,0.9999,1
53,Male,Manager,Salaried,Single,2,47600.0,22800.0,0.0,0.0,70400.0,10600.0,20700.0,3900.0,3200.0,2400.0,12000.0,3800.0,1300.0,6700.0,4500.0,5700.0,74800.0,Home Loan,2214000.0,16.9,24,109360.0,0.0,0.0,0.0,0.0,0.0,563,512900.0,727600.0,77500.0,No,Never,Low,Moderate,1.5534,16.58,-4400.0,31680.0,34.4,0.9591,1
24,Male,Sales Executive,Self-Employed,Married,2,32800.0,0.0,49000.0,0.0,36883.333333333336,12700.0,8100.0,2300.0,5600.0,1400.0,2600.0,13500.0,12200.0,10900.0,10100.0,2300.0,81700.0,Personal Loan,1113000.0,7.9,240,9240.0,0.0,0.0,3000.0,0.0,3000.0,747,341700.0,218900.0,572300.0,No,Never,Moderate,Moderate,0.3319,6.62,-47816.67,13600.0,55.0,0.3289,0
42,Female,Software Engineer,Self-Employed,Divorced,3,106800.0,0.0,197000.0,0.0,123216.66666666667,40600.0,12300.0,5200.0,1100.0,1700.0,6700.0,10700.0,7700.0,6100.0,22400.0,4700.0,119200.0,Education Loan,1036000.0,13.5,240,12510.0,0.0,0.0,0.0,0.0,0.0,627,590900.0,1292800.0,86000.0,Yes,Occasionally,Moderate,Moderate,0.1015,15.8,4016.67,55450.0,69.7,0.0217,0
22,Other,Manager,Business,Married,1,72800.0,0.0,0.0,65400.0,138200.0,19500.0,17400.0,4300.0,5900.0,1000.0,3900.0,13900.0,12500.0,6700.0,18000.0,4600.0,107700.0,Home Loan,4734000.0,17.3,36,169490.0,0.0,0.0,0.0,14500.0,14500.0,650,1072600.0,975100.0,3928700.0,No,Occasionally,Moderate,Moderate,1.3313,16.76,16000.0,47690.0,46.0,0.7188,1
30,Male,Sales Executive,Salaried,Married,0,63600.0,12300.0,56000.0,0.0,80566.66666666667,19300.0,16500.0,4100.0,3400.0,2500.0,6600.0,0.0,7500.0,9600.0,11100.0,6800.0,87400.0,Vehicle Loan,3383000.0,14.3,60,79240.0,0.0,15600.0,0.0,0.0,15600.0,803,597500.0,944600.0,422500.0,No,Never,High,Low,1.1772,14.97,-22433.33,20660.0,39.3,0.3099,0
25,Female,Manager,Self-Employed,Married,0,90900.0,0.0,0.0,0.0,90900.0,21700.0,13900.0,9600.0,4100.0,1100.0,4400.0,0.0,10100.0,10200.0,5600.0,5300.0,86000.0,Education Loan,4165000.0,12.6,240,47610.0,15400.0,0.0,13200.0,0.0,28600.0,629,782700.0,1487600.0,2523600.0,Yes,Never,Low,Low,0.8384,19.81,-23700.0,12300.0,47.9,0.402,0
30,Male,Accountant,Salaried,Married,2,17900.0,22700.0,24000.0,0.0,42600.0,9000.0,21900.0,3900.0,2800.0,2100.0,10900.0,7600.0,6100.0,8100.0,18400.0,7400.0,98200.0,Education Loan,1437000.0,11.6,360,14340.0,6800.0,0.0,0.0,0.0,6800.0,576,32800.0,808100.0,1214100.0,No,Occasionally,High,Moderate,0.4962,8.01,-62400.0,12370.0,47.1,0.8536,1
53,Female,Software Engineer,Salaried,Married,2,65800.0,0.0,0.0,0.0,65800.0,22800.0,9300.0,3000.0,5300.0,1100.0,11700.0,13800.0,11400.0,2400.0,15800.0,5400.0,102000.0,Vehicle Loan,3270000.0,14.1,24,157160.0,0.0,0.0,0.0,0.0,0.0,610,630100.0,1078000.0,1530800.0,Yes,Occasionally,Moderate,High,2.3884,16.75,-36200.0,29610.0,39.2,0.9994,1
58,Female,Other,Salaried,Married,1,25500.0,0.0,0.0,0.0,25500.0,2900.0,13600.0,3000.0,3800.0,1100.0,5500.0,19100.0,4600.0,4700.0,24700.0,1200.0,84200.0,Education Loan,1182000.0,12.5,240,13430.0,0.0,3300.0,0.0,14300.0,17600.0,792,222400.0,426800.0,66800.0,No,Never,Low,Low,1.2169,6.38,-76300.0,0.0,37.1,0.9349,1
33,Female,Accountant,Salaried,Married,2,48800.0,0.0,44000.0,0.0,52466.666666666664,13500.0,17600.0,8500.0,4300.0,700.0,1800.0,9800.0,11100.0,1200.0,19600.0,3700.0,91800.0,Vehicle Loan,822000.0,14.9,36,28450.0,0.0,0.0,0.0,8900.0,8900.0,362,463100.0,409300.0,878900.0,No,Occasionally,Low,Low,0.7119,8.66,-48233.33,14710.0,35.8,0.9962,1
51,Female,Sales Executive,Salaried,Married,2,41900.0,0.0,0.0,0.0,41900.0,6300.0,17800.0,7700.0,4200.0,1600.0,8300.0,5700.0,3700.0,4200.0,4300.0,5900.0,69700.0,Vehicle Loan,1135000.0,14.0,360,13450.0,0.0,7800.0,5900.0,0.0,13700.0,330,417500.0,595600.0,445300.0,No,Never,Low,High,0.648,12.15,-41500.0,5160.0,36.9,0.9912,1
56,Male,Sales Executive,Salaried,Married,3,68200.0,4200.0,0.0,0.0,72400.0,16800.0,21100.0,3000.0,2800.0,1000.0,5100.0,4200.0,11100.0,7300.0,18700.0,4300.0,95400.0,Education Loan,930000.0,13.5,60,21400.0,23000.0,8300.0,0.0,10400.0,41700.0,375,476000.0,606300.0,1781500.0,No,Occasionally,Moderate,Low,0.8715,7.89,-64700.0,0.0,28.7,0.9976,1
44,Female,Doctor,Self-Employed,Single,1,54900.0,0.0,0.0,0.0,54900.0,16200.0,18800.0,3800.0,1400.0,800.0,11800.0,19400.0,5100.0,9900.0,7900.0,3900.0,99000.0,Vehicle Loan,677000.0,17.5,60,17010.0,19000.0,6400.0,0.0,5900.0,31300.0,600,70000.0,80200.0,497700.0,No,Never,Low,Moderate,0.88,1.15,-75400.0,0.0,28.7,0.9979,1
35,Female,Software Engineer,Self-Employed,Single,2,96000.0,4500.0,97000.0,0.0,108583.33333333333,17600.0,13100.0,8000.0,5000.0,1000.0,2000.0,16000.0,4900.0,7400.0,24100.0,5700.0,104800.0,Vehicle Loan,4796000.0,16.3,48,136660.0,0.0,0.0,0.0,3300.0,3300.0,874,903000.0,1933500.0,1470000.0,No,Never,High,Low,1.289,26.24,483.33,45560.0,42.5,0.0068,0
49,Male,Analyst,Self-Employed,Single,0,36300.0,0.0,0.0,0.0,36300.0,7200.0,4600.0,4200.0,2400.0,1000.0,2300.0,0.0,12400.0,1400.0,2400.0,3000.0,40900.0,Education Loan,1241000.0,13.9,240,15340.0,0.0,6700.0,0.0,0.0,6700.0,327,64700.0,72400.0,624800.0,No,Occasionally,High,Low,0.6072,2.88,-11300.0,9640.0,28.4,0.9979,1
28,Female,Analyst,Salaried,Married,2,69900.0,0.0,0.0,0.0,69900.0,23600.0,13100.0,9900.0,5200.0,1500.0,8700.0,14900.0,12400.0,3900.0,7500.0,7400.0,108100.0,Vehicle Loan,2660000.0,13.2,12,237830.0,0.0,0.0,0.0,0.0,0.0,637,524900.0,223300.0,74100.0,No,Never,High,Moderate,3.4024,6.92,-38200.0,31460.0,23.0,1.0,1
25,Male,Sales Executive,Self-Employed,Single,3,53200.0,12800.0,131000.0,0.0,76916.66666666667,22300.0,19400.0,6300.0,4000.0,1300.0,9300.0,8800.0,10700.0,7400.0,13500.0,3900.0,106900.0,Personal Loan,3482000.0,15.1,120,56390.0,0.0,0.0,0.0,8700.0,8700.0,844,348300.0,103800.0,1405000.0,No,Never,Low,Low,0.8462,3.91,-38683.33,25910.0,46.4,0.7476,1
49,Female,Analyst,Salaried,Single,1,21600.0,0.0,0.0,0.0,21600.0,5300.0,9000.0,3500.0,2800.0,700.0,6200.0,5100.0,13900.0,8800.0,3800.0,5400.0,64500.0,Education Loan,437000.0,15.9,180,6390.0,0.0,2900.0,0.0,10700.0,13600.0,583,12200.0,49200.0,223100.0,Yes,Never,High,Moderate,0.9255,0.79,-56500.0,0.0,26.0,0.9955,1
24,Male,Teacher,Business,Married,2,31000.0,9900.0,0.0,18400.0,59300.0,9200.0,19300.0,8900.0,4000.0,1600.0,4000.0,18800.0,3200.0,10500.0,9900.0,7900.0,97300.0,Education Loan,1606000.0,10.6,240,16140.0,9300.0,0.0,0.0,5600.0,14900.0,339,275100.0,125800.0,941400.0,No,Occasionally,Low,Moderate,0.5234,3.57,-52900.0,11780.0,30.6,0.9983,1
32,Male,Doctor,Business,Married,2,45500.0,24000.0,0.0,50000.0,119500.0,24700.0,11100.0,4600.0,4200.0,2100.0,4400.0,11300.0,4800.0,11600.0,13400.0,6500.0,98700.0,Personal Loan,4586000.0,14.5,48,126470.0,19400.0,0.0,0.0,12300.0,31700.0,631,964200.0,1657300.0,447500.0,No,Never,High,Low,1.3236,20.1,-10900.0,22080.0,30.7,0.6165,1
22,Female,Sales Executive,Salaried,Married,0,85500.0,6800.0,0.0,0.0,92300.0,27100.0,4100.0,4300.0,4500.0,1600.0,4700.0,0.0,5100.0,10800.0,12300.0,4700.0,79200.0,Business Loan,952000.0,8.9,360,7590.0,26500.0,0.0,0.0,5900.0,32400.0,643,122800.0,1589100.0,929900.0,Yes,Never,High,Moderate,0.4333,15.34,-19300.0,9140.0,59.7,0.175,0
47,Female,Analyst,Self-Employed,Married,1,61800.0,0.0,0.0,0.0,61800.0,18900.0,13100.0,4600.0,5100.0,2400.0,3500.0,12800.0,5300.0,6100.0,12600.0,7000.0,91400.0,Home Loan,3141000.0,12.0,36,104330.0,0.0,0.0,0.0,0.0,0.0,357,32200.0,997300.0,1078700.0,Yes,Occasionally,Moderate,Low,1.6882,11.26,-29600.0,27810.0,28.6,0.9999,1
51,Male,Software Engineer,Salaried,Married,0,27300.0,0.0,23000.0,0.0,29216.666666666668,4700.0,14200.0,8100.0,1800.0,700.0,10400.0,0.0,5600.0,9200.0,22200.0,4900.0,81800.0,Vehicle Loan,698000.0,17.4,240,10450.0,0.0,3900.0,0.0,0.0,3900.0,824,140300.0,376900.0,501000.0,No,Never,Moderate,High,0.4912,6.04,-56483.33,9250.0,55.8,0.1789,0
56,Male,Other,Salaried,Divorced,4,45700.0,19300.0,0.0,0.0,65000.0,17300.0,16900.0,3400.0,5700.0,2100.0,1700.0,8300.0,10800.0,3600.0,13600.0,4100.0,87500.0,Vehicle Loan,2680000.0,10.9,60,58140.0,19900.0,11000.0,0.0,0.0,30900.0,383,33400.0,1035700.0,308000.0,No,Occasionally,Low,Low,1.3698,9.03,-53400.0,0.0,25.2,0.9997,1
56,Female,Accountant,Salaried,Married,2,134400.0,7300.0,0.0,0.0,141700.0,17500.0,18500.0,5100.0,3100.0,1500.0,5500.0,13800.0,4800.0,1700.0,23600.0,7100.0,102200.0,Home Loan,8467000.0,9.1,60,176170.0,0.0,12400.0,0.0,0.0,12400.0,574,1329100.0,1370900.0,1762900.0,No,Occasionally,High,Moderate,1.3308,23.56,27100.0,51360.0,42.0,0.656,1
46,Male,Accountant,Salaried,Married,0,51800.0,24600.0,0.0,0.0,76400.0,8100.0,10100.0,2200.0,5300.0,1500.0,9200.0,0.0,5000.0,1600.0,5400.0,1200.0,49600.0,Vehicle Loan,2379000.0,9.0,180,24130.0,0.0,0.0,0.0,14100.0,14100.0,325,636900.0,1392100.0,1190700.0,No,Never,Low,Moderate,0.5004,31.85,12700.0,20280.0,49.5,0.0826,0
63,Male,Teacher,Self-Employed,Single,0,41600.0,0.0,0.0,0.0,41600.0,9900.0,6400.0,8600.0,2100.0,1500.0,1000.0,0.0,9000.0,3700.0,8400.0,3900.0,54500.0,Vehicle Loan,700000.0,11.6,60,15430.0,0.0,0.0,0.0,0.0,0.0,478,269800.0,405100.0,101400.0,No,Never,High,Low,0.3709,12.38,-12900.0,18720.0,59.4,0.6074,1
47,Female,Manager,Salaried,Divorced,1,62700.0,0.0,109000.0,0.0,71783.33333333333,11200.0,7300.0,4700.0,1100.0,1200.0,10700.0,11700.0,3700.0,1400.0,17100.0,3400.0,73500.0,Personal Loan,1213000.0,9.9,180,12960.0,0.0,0.0,0.0,0.0,0.0,573,47700.0,110300.0,1290700.0,No,Never,Low,Moderate,0.1805,2.15,-1716.67,32300.0,45.7,0.6387,1
25,Female,Software Engineer,Salaried,Single,0,71800.0,0.0,0.0,0.0,71800.0,8600.0,13900.0,4000.0,3900.0,1100.0,8800.0,0.0,6100.0,10400.0,8500.0,6000.0,71300.0,Personal Loan,597000.0,12.0,360,6140.0,0.0,0.0,9600.0,0.0,9600.0,780,424600.0,1030100.0,499100.0,No,Occasionally,Moderate,High,0.2192,17.98,-9100.0,22710.0,71.0,0.0034,0
40,Male,Manager,Salaried,Single,0,39000.0,12900.0,0.0,0.0,51900.0,14700.0,9400.0,6600.0,2600.0,1800.0,1800.0,0.0,1800.0,6400.0,10000.0,1100.0,56200.0,Personal Loan,2449000.0,15.0,60,58260.0,0.0,0.0,0.0,3200.0,3200.0,470,356800.0,871100.0,1432800.0,No,Occasionally,Low,Low,1.1842,20.67,-7500.0,20160.0,27.8,0.9294,1
31,Female,Doctor,Self-Employed,Married,1,63000.0,0.0,0.0,0.0,63000.0,14100.0,18800.0,7600.0,5900.0,600.0,10800.0,3600.0,14300.0,9900.0,22700.0,5600.0,113900.0,Personal Loan,1332000.0,16.8,24,65730.0,9900.0,0.0,0.0,0.0,9900.0,746,383100.0,331800.0,507500.0,No,Never,Low,Moderate,1.2005,5.77,-60800.0,18450.0,32.9,0.9349,1
30,Female,Other,Business,Single,1,41600.0,0.0,48000.0,69800.0,115400.0,34500.0,13600.0,8500.0,1500.0,1700.0,6400.0,19300.0,5400.0,11300.0,14400.0,3400.0,120000.0,Education Loan,1673000.0,8.7,120,20920.0,0.0,0.0,0.0,0.0,0.0,322,1095800.0,812300.0,2725800.0,No,Occasionally,Low,Low,0.1813,15.9,-4600.0,51930.0,49.4,0.7099,1
60,Female,Doctor,Self-Employed,Divorced,0,70200.0,14300.0,0.0,0.0,84500.0,22500.0,8900.0,4800.0,1200.0,1900.0,8200.0,0.0,12900.0,11900.0,9700.0,1700.0,83700.0,Vehicle Loan,3739000.0,15.6,360,49080.0,0.0,0.0,0.0,12000.0,12000.0,630,709600.0,1200300.0,1475800.0,No,Never,High,Low,0.7228,19.96,-11200.0,26020.0,51.7,0.1629,0
58,Female,Sales Executive,Self-Employed,Married,2,53400.0,0.0,0.0,0.0,53400.0,15100.0,12900.0,8500.0,1200.0,1200.0,10700.0,3000.0,8400.0,11300.0,19900.0,7900.0,100100.0,Home Loan,1175000.0,8.6,360,9120.0,11000.0,0.0,0.0,0.0,11000.0,689,211900.0,635600.0,1097900.0,No,Never,Low,Moderate,0.3768,7.63,-57700.0,13030.0,51.7,0.4509,1
26,Male,Software Engineer,Salaried,Married,3,62400.0,0.0,55000.0,0.0,66983.33333333333,11800.0,11800.0,5700.0,2100.0,900.0,10700.0,8500.0,4200.0,8900.0,3600.0,2500.0,70700.0,Vehicle Loan,2547000.0,11.5,60,56020.0,15200.0,0.0,0.0,0.0,15200.0,625,475600.0,1199600.0,1812100.0,Yes,Occasionally,Low,Moderate,1.0632,19.5,-18916.67,14940.0,40.8,0.718,1
28,Male,Sales Executive,Salaried,Married,2,33500.0,0.0,0.0,0.0,33500.0,5600.0,16300.0,2800.0,3900.0,900.0,5500.0,6800.0,3700.0,5900.0,15000.0,3400.0,69800.0,Education Loan,937000.0,18.0,24,46780.0,0.0,0.0,0.0,9100.0,9100.0,534,163500.0,337500.0,852100.0,No,Occasionally,Low,Moderate,1.6681,6.35,-45400.0,5980.0,22.4,0.9996,1
43,Male,Business Owner,Salaried,Married,2,32500.0,0.0,85000.0,0.0,39583.333333333336,9900.0,16200.0,8800.0,3500.0,700.0,3600.0,12800.0,10700.0,7600.0,4300.0,2400.0,80500.0,Education Loan,925000.0,8.2,120,11320.0,0.0,0.0,0.0,0.0,0.0,758,368900.0,545300.0,151700.0,No,Never,High,Moderate,0.286,11.36,-40916.67,17810.0,68.2,0.0536,0
46,Female,Analyst,Salaried,Single,0,78600.0,0.0,63000.0,0.0,83850.0,12600.0,15200.0,6400.0,2800.0,700.0,3800.0,0.0,14500.0,10000.0,6100.0,5600.0,77700.0,Vehicle Loan,2676000.0,7.7,48,64950.0,0.0,12500.0,0.0,3500.0,16000.0,399,534300.0,516600.0,2348800.0,No,Never,Moderate,Moderate,0.9654,11.22,-9850.0,21730.0,29.4,0.9884,1
63,Male,Accountant,Self-Employed,Married,0,47100.0,0.0,0.0,0.0,47100.0,14300.0,6800.0,6800.0,1400.0,800.0,9400.0,0.0,3600.0,10900.0,3400.0,6500.0,63900.0,Vehicle Loan,1048000.0,11.0,48,27090.0,14200.0,0.0,4100.0,0.0,18300.0,643,284000.0,878800.0,195900.0,No,Occasionally,Low,Moderate,0.9637,14.15,-35100.0,2900.0,40.0,0.7782,1
32,Female,Sales Executive,Salaried,Married,0,56500.0,0.0,39000.0,0.0,59750.0,13800.0,8100.0,9500.0,2200.0,500.0,11200.0,0.0,2600.0,11500.0,22700.0,7000.0,89100.0,Personal Loan,3160000.0,17.5,36,113450.0,10600.0,0.0,0.0,0.0,10600.0,790,314100.0,479600.0,567100.0,Yes,Never,High,Low,2.0762,7.96,-39950.0,16290.0,41.2,0.9973,1
46,Male,Manager,Self-Employed,Married,2,42100.0,0.0,58000.0,0.0,46933.333333333336,7400.0,9400.0,6500.0,1900.0,1000.0,1800.0,18500.0,6400.0,9000.0,3100.0,3200.0,68200.0,Education Loan,423000.0,7.7,12,36740.0,0.0,0.0,0.0,0.0,0.0,565,191900.0,528100.0,736600.0,No,Never,Moderate,Low,0.7828,10.56,-21266.67,21120.0,48.1,0.8432,1
33,Male,Business Owner,Salaried,Married,3,76800.0,0.0,156000.0,0.0,89800.0,23000.0,14100.0,2000.0,4700.0,1100.0,1200.0,6200.0,6500.0,6900.0,13900.0,4700.0,84300.0,Vehicle Loan,598000.0,9.8,360,5160.0,18600.0,0.0,0.0,0.0,18600.0,451,171200.0,1141600.0,2514400.0,No,Never,Moderate,Low,0.2646,12.76,-13100.0,21810.0,52.2,0.5824,1
60,Female,Accountant,Salaried,Single,2,36200.0,24600.0,69000.0,0.0,66550.0,22400.0,14000.0,9000.0,4900.0,2500.0,10100.0,11300.0,12300.0,11700.0,7200.0,5600.0,111000.0,Home Loan,1820000.0,13.8,120,28040.0,0.0,0.0,4700.0,2500.0,7200.0,416,206500.0,388100.0,1252200.0,No,Frequently,Low,Low,0.5295,5.03,-51650.0,22750.0,38.0,0.9908,1
38,Male,Sales Executive,Salaried,Single,3,45800.0,0.0,0.0,0.0,45800.0,5500.0,23500.0,4300.0,4900.0,2500.0,5300.0,13900.0,7600.0,11500.0,10800.0,5400.0,95200.0,Home Loan,664000.0,10.0,36,21430.0,0.0,0.0,0.0,3800.0,3800.0,754,167600.0,321400.0,1202200.0,No,Never,Low,Low,0.5509,4.94,-53200.0,16810.0,53.0,0.5439,1
45,Male,Business Owner,Self-Employed,Single,2,72600.0,0.0,0.0,0.0,72600.0,9200.0,17100.0,6000.0,5800.0,900.0,4000.0,8600.0,1900.0,6300.0,13400.0,6000.0,79200.0,Personal Loan,3333000.0,8.1,12,290090.0,0.0,0.0,0.0,14000.0,14000.0,731,142500.0,765600.0,2051100.0,No,Never,Moderate,Moderate,4.1886,9.74,-20600.0,18670.0,36.1,1.0,1
53,Female,Business Owner,Self-Employed,Single,1,88100.0,0.0,258000.0,0.0,109600.0,34100.0,17000.0,3600.0,5400.0,900.0,3100.0,15600.0,13900.0,8100.0,12400.0,6400.0,120500.0,Personal Loan,2678000.0,8.1,120,32630.0,0.0,0.0,0.0,8100.0,8100.0,688,901000.0,673600.0,2461000.0,Yes,Never,Low,Low,0.3716,12.24,-19000.0,41220.0,62.1,0.0934,0
60,Male,Software Engineer,Business,Married,1,37700.0,0.0,0.0,27600.0,65300.0,8300.0,10600.0,4400.0,3500.0,1500.0,4800.0,15000.0,6200.0,9900.0,19200.0,1700.0,85100.0,Vehicle Loan,1265000.0,13.4,48,34190.0,0.0,0.0,0.0,0.0,0.0,795,34000.0,226800.0,944100.0,No,Occasionally,Low,Moderate,0.5236,3.06,-19800.0,29380.0,53.0,0.204,0
63,Female,Doctor,Salaried,Married,0,130600.0,0.0,358000.0,0.0,160433.33333333334,17600.0,6000.0,7500.0,3100.0,800.0,11700.0,0.0,10400.0,5800.0,23000.0,2200.0,88100.0,Home Loan,3973000.0,13.4,12,355600.0,0.0,0.0,0.0,1800.0,1800.0,474,1476000.0,2710600.0,1867500.0,No,Frequently,High,Moderate,2.2277,46.57,70533.33,70400.0,47.7,0.2853,0
32,Female,Business Owner,Unemployed,Single,0,57300.0,0.0,0.0,0.0,57300.0,10700.0,7600.0,5400.0,5600.0,1500.0,11700.0,0.0,10300.0,10100.0,8900.0,6100.0,77900.0,Education Loan,978000.0,14.9,48,27170.0,0.0,0.0,0.0,0.0,0.0,418,98500.0,410800.0,473000.0,No,Frequently,Moderate,Low,0.4742,6.54,-20600.0,25780.0,39.8,0.9902,1
64,Male,Teacher,Salaried,Married,2,29100.0,8700.0,83000.0,0.0,44716.666666666664,9700.0,11600.0,7000.0,4100.0,1300.0,4600.0,3200.0,1800.0,2200.0,2600.0,4300.0,52400.0,Business Loan,961000.0,8.9,24,43860.0,0.0,0.0,0.0,10700.0,10700.0,361,44000.0,398100.0,679600.0,Yes,Never,Low,Moderate,1.2201,7.01,-18383.33,9420.0,19.2,0.9997,1
56,Female,Doctor,Salaried,Married,1,59000.0,0.0,0.0,0.0,59000.0,14300.0,14200.0,8600.0,2500.0,1100.0,11600.0,9300.0,1100.0,6300.0,22600.0,4000.0,95600.0,Home Loan,2138000.0,12.7,36,71730.0,0.0,0.0,6700.0,11900.0,18600.0,309,587300.0,672400.0,85000.0,No,Frequently,Low,Low,1.531,11.03,-55200.0,7950.0,19.7,0.9998,1
24,Male,Accountant,Unemployed,Single,1,40500.0,13600.0,0.0,0.0,54100.0,12300.0,10800.0,4700.0,3800.0,2100.0,4300.0,4400.0,2200.0,6300.0,24500.0,4200.0,79600.0,Education Loan,2841000.0,13.8,180,37450.0,13000.0,0.0,0.0,0.0,13000.0,380,540900.0,920000.0,370300.0,No,Never,Low,Low,0.9325,15.78,-38500.0,11340.0,31.6,0.9966,1
25,Male,Accountant,Salaried,Single,1,60900.0,0.0,40000.0,0.0,64233.333333333336,21100.0,18000.0,6500.0,6000.0,2200.0,10400.0,16300.0,14400.0,8500.0,12000.0,3600.0,119000.0,Home Loan,1631000.0,9.8,180,17330.0,0.0,0.0,0.0,0.0,0.0,467,149100.0,235500.0,690500.0,Yes,Never,Low,Low,0.2698,3.23,-54766.67,28900.0,43.0,0.9665,1
57,Male,Accountant,Self-Employed,Divorced,0,48000.0,0.0,0.0,0.0,48000.0,14000.0,17800.0,8200.0,5200.0,2500.0,3300.0,0.0,12100.0,2300.0,12500.0,5100.0,83000.0,Vehicle Loan,1087000.0,13.2,60,24840.0,11800.0,2400.0,0.0,0.0,14200.0,313,85000.0,618900.0,1228900.0,No,Occasionally,Moderate,Moderate,0.8133,7.24,-49200.0,7400.0,25.3,0.9983,1
28,Male,Accountant,Salaried,Married,1,50900.0,0.0,0.0,0.0,50900.0,17600.0,10800.0,7700.0,2400.0,900.0,10100.0,14300.0,2800.0,2100.0,5300.0,3300.0,77300.0,Business Loan,2443000.0,14.9,24,118340.0,0.0,0.0,0.0,0.0,0.0,309,121100.0,390400.0,574300.0,No,Occasionally,High,Moderate,2.325,6.62,-26400.0,22900.0,15.8,1.0,1
62,Female,Teacher,Salaried,Divorced,1,31100.0,21400.0,0.0,0.0,52500.0,11500.0,15900.0,6300.0,5800.0,2300.0,4900.0,8900.0,9600.0,10900.0,12900.0,5500.0,94500.0,Business Loan,327000.0,17.9,360,4900.0,11800.0,0.0,0.0,0.0,11800.0,666,281300.0,919900.0,377300.0,No,Never,Low,Moderate,0.3181,11.3,-53800.0,11820.0,57.4,0.1509,0
48,Male,Sales Executive,Business,Single,1,80400.0,0.0,78000.0,60300.0,147200.0,17800.0,15200.0,5100.0,5900.0,1600.0,3200.0,16500.0,9600.0,4300.0,9000.0,2400.0,90600.0,Vehicle Loan,3182000.0,13.8,360,37200.0,0.0,28700.0,0.0,1500.0,30200.0,345,522700.0,1996400.0,3456400.0,No,Never,Low,Moderate,0.4579,20.85,26400.0,36040.0,48.0,0.2586,0
51,Female,Other,Salaried,Married,2,27500.0,0.0,70000.0,0.0,33333.333333333336,11300.0,10700.0,5300.0,2200.0,1700.0,11300.0,18100.0,1000.0,4600.0,24900.0,6300.0,97400.0,Vehicle Loan,996000.0,16.5,360,13800.0,0.0,0.0,0.0,0.0,0.0,649,123200.0,125300.0,943200.0,No,Frequently,Low,Low,0.414,2.55,-64066.67,15000.0,47.0,0.7473,1
29,Female,Business Owner,Self-Employed,Single,1,28200.0,0.0,0.0,0.0,28200.0,2800.0,18900.0,5500.0,5500.0,2300.0,3400.0,17200.0,7000.0,9500.0,6300.0,6500.0,84900.0,Personal Loan,1073000.0,16.3,120,18180.0,0.0,3600.0,0.0,0.0,3600.0,441,231000.0,187300.0,655500.0,Yes,Never,Moderate,Low,0.7723,4.73,-60300.0,9090.0,30.9,0.9982,1
49,Female,Accountant,Salaried,Single,2,58900.0,0.0,0.0,0.0,58900.0,17300.0,10800.0,4800.0,5400.0,2400.0,11900.0,11200.0,11000.0,5600.0,10700.0,5000.0,96100.0,Education Loan,800000.0,17.4,12,73120.0,0.0,0.0,0.0,0.0,0.0,815,527600.0,99400.0,222200.0,No,Occasionally,Low,Moderate,1.2414,6.52,-37200.0,26500.0,32.6,0.8788,1
34,Male,Doctor,Salaried,Married,3,109300.0,19300.0,0.0,0.0,128600.0,13900.0,20300.0,7600.0,1200.0,2000.0,2200.0,4400.0,3600.0,10200.0,16200.0,3600.0,85200.0,Education Loan,3705000.0,15.1,120,60000.0,0.0,0.0,0.0,14400.0,14400.0,367,1249100.0,2011400.0,1235800.0,Yes,Occasionally,Moderate,Moderate,0.5785,32.74,29000.0,43470.0,57.0,0.1006,0
60,Male,Doctor,Salaried,Single,3,41100.0,0.0,105000.0,0.0,49850.0,14500.0,14900.0,3000.0,4300.0,1200.0,1100.0,9300.0,12900.0,5400.0,9900.0,1100.0,77600.0,Personal Loan,1802000.0,9.7,240,17030.0,0.0,0.0,0.0,14300.0,14300.0,548,268700.0,440800.0,901600.0,Yes,Never,Low,High,0.6285,7.72,-42050.0,8130.0,41.1,0.9471,1
61,Female,Business Owner,Salaried,Single,3,69600.0,7400.0,0.0,0.0,77000.0,25800.0,15100.0,9700.0,2500.0,1500.0,10600.0,10200.0,10200.0,9400.0,12900.0,1900.0,109800.0,Education Loan,2546000.0,10.6,48,65310.0,16900.0,0.0,0.0,0.0,16900.0,687,218500.0,148200.0,452800.0,No,Never,Low,Low,1.0677,2.89,-49700.0,17750.0,27.9,0.9879,1
42,Male,Sales Executive,Salaried,Single,0,83800.0,23400.0,0.0,0.0,107200.0,21200.0,10400.0,8200.0,4400.0,1700.0,7500.0,0.0,1100.0,6800.0,24400.0,1600.0,87300.0,Business Loan,3924000.0,15.7,120,65000.0,34300.0,0.0,0.0,0.0,34300.0,369,618700.0,134600.0,2047200.0,Yes,Never,High,Low,0.9263,6.19,-14400.0,13940.0,22.9,0.9974,1
31,Male,Other,Salaried,Single,0,73700.0,0.0,0.0,0.0,73700.0,11800.0,16100.0,4400.0,5600.0,2200.0,5600.0,0.0,13000.0,11300.0,13700.0,1100.0,84800.0,Home Loan,3054000.0,13.0,240,35780.0,0.0,0.0,0.0,0.0,0.0,721,646700.0,1411800.0,521900.0,No,Never,Low,Moderate,0.4855,24.27,-11100.0,33160.0,63.0,0.0062,0
43,Male,Sales Executive,Business,Married,0,42000.0,0.0,62000.0,64900.0,112066.66666666666,17500.0,6000.0,2300.0,3500.0,1800.0,1900.0,0.0,1300.0,4600.0,22900.0,6100.0,67900.0,Business Loan,2899000.0,10.1,120,38470.0,35400.0,7900.0,0.0,14700.0,58000.0,742,88900.0,1926900.0,1824600.0,No,Occasionally,Low,Low,0.8608,16.01,-13833.33,0.0,54.8,0.1889,0
21,Male,Business Owner,Salaried,Married,0,28400.0,5100.0,39000.0,0.0,36750.0,8200.0,4800.0,7700.0,3100.0,1200.0,7300.0,0.0,13400.0,5000.0,3000.0,7700.0,61400.0,Personal Loan,312000.0,14.4,48,8590.0,0.0,0.0,0.0,0.0,0.0,685,336500.0,270300.0,779200.0,Yes,Never,Moderate,Moderate,0.2337,9.88,-24650.0,16540.0,60.6,0.147,0
57,Female,Manager,Salaried,Single,3,16300.0,0.0,16000.0,0.0,17633.333333333332,2500.0,15600.0,7900.0,5600.0,1300.0,5300.0,12700.0,5700.0,11700.0,4800.0,1100.0,74200.0,Education Loan,142000.0,17.0,180,2190.0,3700.0,0.0,0.0,10000.0,13700.0,869,46800.0,190700.0,416200.0,No,Never,Moderate,Moderate,0.9011,2.7,-70266.67,0.0,44.6,0.5942,1
41,Male,Teacher,Salaried,Single,2,43000.0,0.0,0.0,0.0,43000.0,11500.0,8800.0,9700.0,5900.0,600.0,6300.0,13200.0,10800.0,9100.0,23700.0,1800.0,101400.0,Education Loan,2246000.0,11.3,60,49170.0,0.0,0.0,5500.0,14200.0,19700.0,617,148300.0,513500.0,1032700.0,Yes,Never,Low,Moderate,1.6016,5.46,-78100.0,0.0,27.0,0.9989,1
46,Male,Business Owner,Salaried,Single,0,88300.0,16200.0,92000.0,0.0,112166.66666666667,21500.0,13600.0,4000.0,1300.0,2300.0,7900.0,0.0,12000.0,9500.0,5000.0,7000.0,84100.0,Home Loan,4740000.0,13.8,12,425150.0,0.0,0.0,11300.0,0.0,11300.0,720,444000.0,1210300.0,2607100.0,No,Occasionally,High,Low,3.8911,17.34,16766.67,39180.0,42.3,1.0,1
56,Male,Analyst,Self-Employed,Married,0,27900.0,4700.0,58000.0,0.0,37433.333333333336,6800.0,14600.0,2700.0,5600.0,700.0,8000.0,0.0,4900.0,4300.0,18900.0,5800.0,72300.0,Home Loan,1760000.0,13.6,36,59810.0,0.0,0.0,0.0,14000.0,14000.0,576,343700.0,256500.0,154000.0,No,Never,Low,Moderate,1.9718,6.95,-48866.67,2840.0,27.2,0.9997,1
43,Female,Software Engineer,Unemployed,Single,0,69600.0,21400.0,0.0,0.0,91000.0,19600.0,16000.0,9300.0,1400.0,1700.0,11600.0,0.0,6000.0,6900.0,12300.0,3800.0,88600.0,Home Loan,5104000.0,8.8,36,161830.0,0.0,16400.0,0.0,0.0,16400.0,425,197600.0,766300.0,2700900.0,Yes,Never,Low,Moderate,1.9586,9.18,-14000.0,24550.0,19.0,1.0,1
21,Female,Software Engineer,Salaried,Married,2,30500.0,24800.0,0.0,0.0,55300.0,13000.0,18400.0,4100.0,2700.0,2200.0,8200.0,17400.0,8100.0,4400.0,11400.0,7900.0,97800.0,Business Loan,2559000.0,8.4,12,223080.0,0.0,5600.0,0.0,9100.0,14700.0,807,144800.0,245700.0,1281000.0,No,Never,Low,Moderate,4.2998,3.47,-57200.0,10180.0,30.8,1.0,1
60,Male,Sales Executive,Business,Single,2,51700.0,0.0,0.0,73900.0,125600.0,17000.0,20800.0,7800.0,4800.0,1300.0,4700.0,10000.0,9200.0,3900.0,17200.0,5000.0,101700.0,Personal Loan,5410000.0,16.8,48,155550.0,0.0,0.0,6700.0,10000.0,16700.0,667,935200.0,204900.0,392400.0,Yes,Never,Low,Moderate,1.3714,9.63,7200.0,39820.0,32.8,0.954,1
35,Female,Business Owner,Salaried,Single,3,69800.0,0.0,107000.0,0.0,78716.66666666667,21800.0,20500.0,2500.0,4900.0,2100.0,4600.0,12300.0,5100.0,6900.0,18700.0,5700.0,105100.0,Personal Loan,3233000.0,17.3,24,160310.0,13300.0,0.0,0.0,0.0,13300.0,371,738300.0,310100.0,1647300.0,No,Frequently,Low,Moderate,2.2055,8.85,-39683.33,22120.0,19.3,1.0,1
41,Female,Business Owner,Salaried,Married,3,35300.0,0.0,76000.0,0.0,41633.333333333336,13400.0,23100.0,8100.0,4600.0,2100.0,6200.0,8200.0,14900.0,11900.0,23400.0,5600.0,121500.0,Personal Loan,800000.0,17.0,12,72960.0,0.0,0.0,0.0,7200.0,7200.0,370,62200.0,52000.0,587000.0,No,Frequently,Low,High,1.9254,0.89,-87066.67,11540.0,10.6,1.0,1
29,Female,Software Engineer,Self-Employed,Married,0,53400.0,23600.0,76000.0,0.0,83333.33333333333,14100.0,6700.0,3000.0,1200.0,600.0,3900.0,0.0,11300.0,3400.0,7900.0,2600.0,54700.0,Business Loan,4804000.0,11.7,120,68090.0,0.0,0.0,0.0,0.0,0.0,492,455100.0,769000.0,1069900.0,No,Never,Moderate,Low,0.8171,22.38,28633.33,37500.0,59.0,0.3049,0
29,Female,Other,Salaried,Single,0,39800.0,22600.0,0.0,0.0,62400.0,9100.0,11000.0,7600.0,1700.0,1300.0,5100.0,0.0,4800.0,3700.0,18100.0,4400.0,66800.0,Vehicle Loan,2172000.0,10.5,180,24010.0,0.0,0.0,6100.0,0.0,6100.0,814,573300.0,846000.0,1266600.0,No,Never,Moderate,Moderate,0.4825,19.47,-10500.0,21980.0,64.2,0.0066,0
30,Male,Software Engineer,Self-Employed,Married,0,69700.0,0.0,0.0,0.0,69700.0,20200.0,17900.0,6300.0,5700.0,1900.0,10300.0,0.0,10000.0,3700.0,9900.0,2500.0,88400.0,Education Loan,1200000.0,17.4,48,34870.0,0.0,0.0,5800.0,13800.0,19600.0,801,621600.0,309300.0,351100.0,No,Never,Moderate,Low,0.7815,8.62,-38300.0,11760.0,47.3,0.3656,0
46,Male,Business Owner,Business,Married,1,55100.0,0.0,31000.0,56800.0,114483.33333333334,16700.0,15500.0,9600.0,1400.0,1300.0,10500.0,11400.0,7100.0,9700.0,18500.0,4600.0,106300.0,Business Loan,1894000.0,16.8,60,46870.0,0.0,0.0,0.0,0.0,0.0,849,1088800.0,1275800.0,3432500.0,No,Never,Low,Moderate,0.4094,22.24,8183.33,51520.0,70.6,0.0004,0
61,Male,Other,Salaried,Married,3,50400.0,0.0,0.0,0.0,50400.0,5600.0,22300.0,2300.0,1400.0,1600.0,7900.0,12300.0,13000.0,6600.0,5300.0,1200.0,79500.0,Personal Loan,2512000.0,16.1,360,33980.0,0.0,0.0,0.0,0.0,0.0,586,457100.0,361600.0,823300.0,No,Occasionally,Low,Moderate,0.6742,10.3,-29100.0,22680.0,40.6,0.8468,1
55,Male,Accountant,Business,Married,1,106800.0,17800.0,58000.0,68100.0,197533.3333333333,50300.0,6400.0,4300.0,5200.0,1700.0,7400.0,3600.0,5600.0,5200.0,12500.0,3700.0,105900.0,Business Loan,3706000.0,11.0,240,38250.0,0.0,0.0,0.0,6200.0,6200.0,627,689300.0,647900.0,3523800.0,No,Occasionally,High,Moderate,0.225,11.93,85433.33,82690.0,83.8,0.0632,0
45,Other,Analyst,Self-Employed,Married,2,68300.0,0.0,175000.0,0.0,82883.33333333333,13300.0,20200.0,2600.0,4200.0,800.0,5700.0,13600.0,3600.0,10300.0,6200.0,3600.0,84100.0,Business Loan,603000.0,14.2,24,29010.0,0.0,15300.0,0.0,12600.0,27900.0,414,205200.0,283800.0,1057200.0,No,Never,Low,High,0.6866,4.37,-29116.67,9400.0,29.5,0.9967,1
46,Male,Manager,Salaried,Divorced,1,34700.0,0.0,0.0,0.0,34700.0,5000.0,15800.0,9000.0,2800.0,1300.0,8000.0,6400.0,1600.0,4300.0,9700.0,3000.0,66900.0,Vehicle Loan,991000.0,15.4,36,34550.0,0.0,0.0,0.0,9600.0,9600.0,672,314500.0,442200.0,630800.0,No,Occasionally,Low,High,1.2723,9.89,-41800.0,6020.0,39.7,0.9683,1
31,Male,Teacher,Salaried,Single,0,47000.0,20000.0,0.0,0.0,67000.0,23100.0,6400.0,6800.0,1800.0,600.0,9900.0,0.0,14800.0,5300.0,18500.0,1600.0,88800.0,Home Loan,3347000.0,13.5,360,38340.0,0.0,0.0,0.0,12600.0,12600.0,324,486700.0,216800.0,1334700.0,No,Frequently,Low,Low,0.7603,6.94,-34400.0,17550.0,31.9,0.9979,1
58,Female,Accountant,Salaried,Married,0,47200.0,7000.0,121000.0,0.0,64283.333333333336,11100.0,4400.0,6300.0,5400.0,800.0,9100.0,0.0,6000.0,1800.0,7400.0,6400.0,58700.0,Personal Loan,1787000.0,13.8,60,41400.0,0.0,7000.0,8100.0,0.0,15100.0,802,263300.0,740000.0,666300.0,No,Never,Moderate,Moderate,0.8789,13.59,-9516.67,13830.0,52.0,0.1867,0
22,Female,Doctor,Unemployed,Married,1,51000.0,0.0,0.0,0.0,51000.0,16600.0,9600.0,3100.0,5900.0,1500.0,1400.0,10600.0,4100.0,2300.0,17800.0,3900.0,76800.0,Business Loan,2509000.0,15.4,12,226930.0,0.0,4900.0,2600.0,13800.0,21300.0,772,370900.0,235700.0,707000.0,No,Frequently,Low,Moderate,4.8673,6.18,-47100.0,1650.0,32.6,1.0,1
27,Male,Software Engineer,Self-Employed,Single,2,173200.0,3200.0,461000.0,0.0,214816.66666666666,31100.0,20800.0,5900.0,1200.0,1600.0,9000.0,6900.0,7900.0,2500.0,13400.0,6700.0,107000.0,Home Loan,10848000.0,15.6,360,142390.0,44400.0,22100.0,0.0,0.0,66500.0,552,734300.0,3749900.0,1647200.0,Yes,Occasionally,Low,Moderate,0.9724,25.85,41316.67,30170.0,45.0,0.1447,0
38,Male,Analyst,Salaried,Single,0,59000.0,0.0,0.0,0.0,59000.0,18000.0,13400.0,5200.0,3800.0,800.0,8900.0,0.0,5100.0,4800.0,4100.0,6900.0,71000.0,Education Loan,3078000.0,10.0,240,29700.0,0.0,0.0,5700.0,0.0,5700.0,671,355300.0,115000.0,1366400.0,No,Never,Low,Moderate,0.6,6.13,-17700.0,20850.0,46.2,0.5616,1
47,Male,Software Engineer,Salaried,Single,2,17700.0,0.0,25000.0,0.0,19783.333333333332,4500.0,20900.0,4500.0,2300.0,2000.0,2100.0,10300.0,4300.0,6800.0,10900.0,2500.0,71100.0,Education Loan,740000.0,11.6,180,8690.0,0.0,0.0,0.0,0.0,0.0,556,53700.0,165300.0,437600.0,No,Occasionally,Moderate,Low,0.4393,3.08,-51316.67,8900.0,43.5,0.9605,1
54,Female,Software Engineer,Salaried,Married,2,37400.0,0.0,81000.0,0.0,44150.0,5300.0,14200.0,8200.0,5200.0,1200.0,2700.0,13400.0,9600.0,1000.0,22000.0,3900.0,86700.0,Education Loan,1919000.0,15.7,180,27780.0,0.0,0.0,0.0,9100.0,9100.0,635,257700.0,682900.0,1074100.0,No,Never,High,Moderate,0.8353,9.82,-51650.0,10770.0,42.1,0.7655,1
47,Male,Accountant,Salaried,Married,1,18700.0,18600.0,25000.0,0.0,39383.333333333336,11200.0,19100.0,2500.0,2700.0,2300.0,9700.0,13400.0,2000.0,3100.0,24800.0,6000.0,96800.0,Business Loan,764000.0,10.2,240,7470.0,12700.0,3600.0,0.0,0.0,16300.0,808,365100.0,600000.0,830400.0,No,Never,Low,High,0.6036,8.53,-73716.67,1420.0,57.5,0.2636,0
37,Male,Manager,Salaried,Married,2,41600.0,20000.0,0.0,0.0,61600.0,19900.0,14500.0,7200.0,4600.0,1300.0,7100.0,13300.0,8100.0,2900.0,10500.0,4500.0,93900.0,Business Loan,646000.0,17.1,48,18670.0,0.0,0.0,3400.0,7900.0,11300.0,421,482200.0,231000.0,37100.0,No,Occasionally,Low,Moderate,0.4865,6.78,-43600.0,16420.0,45.6,0.9919,1
63,Male,Other,Salaried,Single,1,18100.0,0.0,42000.0,0.0,21600.0,3000.0,8900.0,8600.0,3700.0,800.0,10000.0,12500.0,6400.0,3800.0,3300.0,7000.0,68000.0,Vehicle Loan,741000.0,16.3,180,11040.0,0.0,2200.0,0.0,0.0,2200.0,686,145400.0,102300.0,123900.0,No,Occasionally,Low,Moderate,0.613,3.53,-48600.0,7520.0,44.6,0.8688,1
64,Male,Software Engineer,Salaried,Married,2,31700.0,10500.0,0.0,0.0,42200.0,11900.0,10100.0,9300.0,3700.0,2000.0,3000.0,17000.0,8500.0,2800.0,5000.0,5000.0,78300.0,Personal Loan,236000.0,16.9,240,3440.0,0.0,0.0,0.0,0.0,0.0,347,119700.0,480200.0,492000.0,Yes,Never,Low,Low,0.0815,7.66,-36100.0,18990.0,54.7,0.9392,1
44,Female,Sales Executive,Salaried,Divorced,2,22900.0,0.0,0.0,0.0,22900.0,4800.0,21900.0,8000.0,5300.0,1600.0,1300.0,16800.0,5500.0,3100.0,20100.0,5400.0,93800.0,Home Loan,701000.0,10.6,36,22820.0,0.0,0.0,2800.0,11300.0,14100.0,569,25200.0,320600.0,160900.0,No,Never,High,Low,1.6122,3.2,-85000.0,0.0,17.5,0.9995,1
45,Male,Business Owner,Salaried,Single,4,59400.0,15900.0,0.0,0.0,75300.0,21700.0,16700.0,4300.0,3400.0,1300.0,2800.0,10100.0,9000.0,11800.0,17100.0,6500.0,104700.0,Education Loan,799000.0,8.6,24,36360.0,0.0,0.0,0.0,9700.0,9700.0,469,546000.0,1151600.0,1201100.0,No,Occasionally,High,Moderate,0.6117,14.84,-39100.0,24180.0,47.0,0.766,1
27,Male,Analyst,Salaried,Married,0,49000.0,14100.0,0.0,0.0,63100.0,17600.0,6200.0,6800.0,5200.0,1200.0,6000.0,0.0,2100.0,7500.0,8600.0,1900.0,63100.0,Home Loan,692000.0,8.6,24,31490.0,0.0,0.0,0.0,4700.0,4700.0,540,376900.0,807100.0,1700100.0,Yes,Never,Low,Low,0.5735,17.46,-4700.0,23700.0,50.3,0.2903,0
26,Female,Sales Executive,Self-Employed,Married,1,57000.0,0.0,0.0,0.0,57000.0,6100.0,6100.0,3100.0,2800.0,800.0,6800.0,4700.0,6300.0,9400.0,11000.0,5100.0,62200.0,Vehicle Loan,3015000.0,13.3,180,38740.0,0.0,5000.0,0.0,0.0,5000.0,634,143600.0,905100.0,1262100.0,No,Occasionally,High,Moderate,0.7674,15.61,-10200.0,20650.0,43.9,0.3037,0
44,Female,Accountant,Salaried,Married,0,46500.0,0.0,0.0,0.0,46500.0,6700.0,8000.0,2900.0,1900.0,1200.0,10400.0,0.0,4300.0,10000.0,20700.0,1600.0,67700.0,Education Loan,1871000.0,10.7,360,17400.0,0.0,0.0,0.0,0.0,0.0,647,436200.0,435100.0,371800.0,No,Never,Low,High,0.3742,12.87,-21200.0,20920.0,59.6,0.1705,0
53,Male,Accountant,Salaried,Married,0,24400.0,8500.0,55000.0,0.0,37483.333333333336,8200.0,16400.0,7100.0,3300.0,600.0,8900.0,0.0,7100.0,8300.0,11500.0,2800.0,74200.0,Home Loan,1518000.0,10.3,240,14950.0,0.0,0.0,0.0,0.0,0.0,490,215300.0,436700.0,447100.0,No,Occasionally,Low,Moderate,0.3988,8.79,-36716.67,16870.0,51.8,0.8928,1
49,Female,Manager,Salaried,Married,2,63400.0,0.0,112000.0,0.0,72733.33333333333,24200.0,15500.0,8800.0,3500.0,1500.0,11900.0,18300.0,6600.0,8700.0,19400.0,2500.0,120900.0,Personal Loan,1982000.0,9.8,180,21060.0,12200.0,0.0,0.0,0.0,12200.0,530,431500.0,671400.0,113400.0,No,Never,Low,Moderate,0.4573,8.29,-60366.67,20530.0,40.4,0.6915,1
63,Female,Manager,Salaried,Single,3,128200.0,6100.0,0.0,0.0,134300.0,24900.0,18900.0,2500.0,3400.0,2300.0,1900.0,14000.0,9800.0,8000.0,8800.0,5000.0,99500.0,Personal Loan,3724000.0,13.4,360,42360.0,0.0,0.0,0.0,0.0,0.0,646,448300.0,2076000.0,25100.0,Yes,Never,Low,Low,0.3154,25.37,34800.0,60440.0,71.9,0.0019,0
42,Female,Other,Salaried,Married,1,60200.0,0.0,180000.0,0.0,75200.0,19300.0,18900.0,2800.0,5000.0,2100.0,2400.0,14400.0,9800.0,8100.0,18700.0,6900.0,108400.0,Vehicle Loan,1630000.0,13.3,48,43970.0,16500.0,0.0,9800.0,0.0,26300.0,633,665800.0,325000.0,959100.0,No,Occasionally,Moderate,Moderate,0.9344,7.36,-59500.0,7540.0,35.9,0.9591,1
46,Male,Business Owner,Salaried,Single,0,39600.0,16900.0,0.0,0.0,56500.0,5800.0,11200.0,6500.0,3800.0,600.0,1900.0,0.0,6800.0,11200.0,12700.0,1900.0,62400.0,Home Loan,1632000.0,11.9,180,19480.0,0.0,0.0,0.0,0.0,0.0,738,506700.0,327500.0,1233900.0,Yes,Occasionally,Low,Moderate,0.3448,13.37,-5900.0,25420.0,65.9,0.0926,0
48,Female,Analyst,Salaried,Single,0,24000.0,0.0,0.0,0.0,24000.0,6700.0,15700.0,3700.0,5400.0,2300.0,6900.0,0.0,3500.0,3000.0,14500.0,6400.0,68100.0,Vehicle Loan,895000.0,9.0,60,18580.0,0.0,0.0,2300.0,2600.0,4900.0,316,175100.0,405600.0,619800.0,No,Never,Low,High,0.9783,7.95,-49000.0,5900.0,26.3,0.9994,1
41,Male,Business Owner,Self-Employed,Single,1,31100.0,0.0,84000.0,0.0,38100.0,9600.0,10500.0,6900.0,3600.0,1400.0,3900.0,9800.0,9100.0,4000.0,15800.0,2000.0,76600.0,Vehicle Loan,581000.0,17.3,12,53070.0,0.0,0.0,0.0,3300.0,3300.0,610,55000.0,555200.0,493200.0,No,Occasionally,Moderate,Low,1.4795,7.64,-41800.0,13840.0,30.8,0.9949,1
27,Male,Doctor,Self-Employed,Married,0,61500.0,0.0,0.0,0.0,61500.0,17100.0,17700.0,3700.0,2100.0,900.0,8500.0,0.0,14500.0,2000.0,12400.0,2300.0,81200.0,Vehicle Loan,1193000.0,12.0,48,31420.0,14900.0,11800.0,3400.0,0.0,30100.0,739,80100.0,920500.0,332600.0,No,Never,Low,High,1.0003,8.99,-49800.0,0.0,44.6,0.8507,1
37,Male,Manager,Self-Employed,Married,0,83800.0,14800.0,226000.0,0.0,117433.33333333333,38300.0,5100.0,2900.0,1600.0,2000.0,2500.0,0.0,3600.0,10200.0,12700.0,7400.0,86300.0,Business Loan,3783000.0,8.8,12,330480.0,33800.0,0.0,0.0,7100.0,40900.0,685,582400.0,338600.0,920800.0,No,Never,Low,Low,3.1625,7.24,-9766.67,11940.0,34.8,1.0,1
40,Male,Other,Self-Employed,Single,2,55900.0,0.0,0.0,0.0,55900.0,7600.0,18100.0,6400.0,5300.0,1100.0,2100.0,12200.0,2000.0,5900.0,8100.0,1100.0,69900.0,Personal Loan,1463000.0,7.9,12,127200.0,0.0,0.0,0.0,0.0,0.0,615,103400.0,570400.0,747100.0,Yes,Never,Moderate,Moderate,2.2755,9.64,-14000.0,25160.0,30.3,0.9997,1
61,Female,Teacher,Self-Employed,Single,0,73100.0,0.0,0.0,0.0,73100.0,12100.0,13200.0,8900.0,1300.0,1000.0,6100.0,0.0,4700.0,11000.0,24700.0,2400.0,85400.0,Business Loan,3660000.0,9.1,180,37340.0,11800.0,0.0,0.0,0.0,11800.0,457,267100.0,856900.0,1424500.0,Yes,Never,Low,Low,0.6722,11.56,-24100.0,21100.0,35.8,0.9344,1
40,Male,Software Engineer,Salaried,Married,1,69800.0,5200.0,0.0,0.0,75000.0,26200.0,8700.0,7500.0,1600.0,800.0,5100.0,18200.0,6800.0,5500.0,22800.0,2500.0,105700.0,Business Loan,3764000.0,10.6,36,122520.0,0.0,6600.0,0.0,11700.0,18300.0,584,159600.0,1186400.0,1221400.0,No,Never,Low,High,1.8776,10.85,-49000.0,15450.0,33.6,0.9995,1
42,Male,Software Engineer,Salaried,Married,2,63100.0,17900.0,94000.0,0.0,88833.33333333333,12400.0,13400.0,8500.0,1300.0,1500.0,10100.0,17500.0,5300.0,5900.0,14100.0,3000.0,93000.0,Personal Loan,2086000.0,14.1,360,24880.0,20700.0,0.0,0.0,0.0,20700.0,811,306100.0,801500.0,2240200.0,No,Occasionally,Low,Moderate,0.5131,9.74,-24866.67,19280.0,57.2,0.0567,0
48,Female,Teacher,Salaried,Married,0,35300.0,0.0,80000.0,0.0,41966.666666666664,11800.0,8400.0,4100.0,3100.0,700.0,10200.0,0.0,12700.0,5900.0,2800.0,3500.0,63200.0,Vehicle Loan,1250000.0,17.7,180,19860.0,6400.0,0.0,0.0,5800.0,12200.0,639,396900.0,473100.0,23300.0,Yes,Frequently,Low,Low,0.7639,11.54,-33433.33,6680.0,48.7,0.8844,1
60,Male,Business Owner,Salaried,Married,2,53500.0,8900.0,47000.0,0.0,66316.66666666667,18700.0,9300.0,9100.0,3700.0,2100.0,2300.0,19000.0,7900.0,7700.0,5900.0,1700.0,87400.0,Home Loan,3894000.0,10.4,120,52330.0,20800.0,0.0,0.0,0.0,20800.0,684,507800.0,366600.0,1973800.0,Yes,Never,Low,Moderate,1.1027,8.08,-41883.33,9040.0,30.9,0.966,1
27,Male,Teacher,Self-Employed,Married,2,32100.0,12800.0,77000.0,0.0,51316.666666666664,13900.0,16200.0,5000.0,1100.0,1400.0,9900.0,16700.0,4400.0,9400.0,21600.0,4300.0,103900.0,Vehicle Loan,2592000.0,15.8,24,126660.0,0.0,0.0,0.0,10000.0,10000.0,782,93100.0,862700.0,1430500.0,No,Frequently,Low,High,2.6631,8.39,-62583.33,13090.0,34.5,0.9999,1
21,Male,Other,Salaried,Single,2,49400.0,0.0,0.0,0.0,49400.0,7700.0,21900.0,8800.0,3600.0,1400.0,7200.0,17500.0,14300.0,4900.0,23400.0,3800.0,114500.0,Vehicle Loan,833000.0,17.1,60,20750.0,0.0,0.0,0.0,2900.0,2900.0,753,338600.0,907200.0,221800.0,Yes,Never,Low,Low,0.4787,10.61,-68000.0,19330.0,61.6,0.303,0
52,Male,Analyst,Salaried,Married,1,57800.0,0.0,68000.0,0.0,63466.666666666664,9800.0,13800.0,5800.0,3000.0,500.0,6500.0,18900.0,2800.0,7900.0,5700.0,5400.0,80100.0,Business Loan,1296000.0,11.6,240,13910.0,0.0,0.0,5700.0,11900.0,17600.0,766,50100.0,623200.0,91700.0,No,Never,Low,High,0.4965,6.89,-34233.33,10960.0,53.9,0.4296,0
33,Male,Teacher,Salaried,Single,0,113500.0,3200.0,0.0,0.0,116700.0,31100.0,11600.0,4100.0,4900.0,2100.0,2000.0,0.0,2700.0,3200.0,18900.0,7100.0,87700.0,Home Loan,1119000.0,10.2,48,28490.0,0.0,0.0,0.0,0.0,0.0,309,1148800.0,1086200.0,2162400.0,No,Never,Low,Moderate,0.2441,25.48,29000.0,52520.0,55.3,0.0873,0
50,Female,Other,Salaried,Married,2,25500.0,21900.0,0.0,0.0,47400.0,6900.0,8600.0,4100.0,5100.0,1500.0,9100.0,7100.0,4400.0,7100.0,16300.0,3100.0,73300.0,Personal Loan,2004000.0,12.7,240,23050.0,0.0,0.0,4900.0,0.0,4900.0,696,263100.0,343000.0,1025800.0,No,Occasionally,High,Moderate,0.5897,7.75,-30800.0,16430.0,46.6,0.6738,1
43,Male,Manager,Self-Employed,Single,2,62400.0,0.0,33000.0,0.0,65150.0,17300.0,9900.0,6500.0,4400.0,1400.0,1700.0,5200.0,2100.0,7000.0,9000.0,4800.0,69300.0,Education Loan,1461000.0,16.9,360,20710.0,0.0,12900.0,0.0,0.0,12900.0,651,345400.0,395400.0,928900.0,Yes,Occasionally,High,Low,0.5159,9.01,-17050.0,16420.0,56.0,0.6725,1
39,Male,Sales Executive,Business,Married,0,102800.0,0.0,0.0,203700.0,306500.0,68400.0,11200.0,2600.0,3400.0,2000.0,4100.0,0.0,11500.0,10800.0,12000.0,3600.0,129600.0,Personal Loan,10578000.0,7.6,240,85860.0,0.0,0.0,0.0,5700.0,5700.0,521,853000.0,3529100.0,2558700.0,Yes,Occasionally,High,Low,0.2987,32.39,171200.0,132220.0,76.4,0.0013,0
52,Female,Accountant,Salaried,Married,0,71600.0,0.0,0.0,0.0,71600.0,14100.0,17800.0,9400.0,2100.0,600.0,2000.0,0.0,5400.0,10900.0,17600.0,1300.0,81200.0,Home Loan,3383000.0,12.6,120,49720.0,0.0,0.0,0.0,0.0,0.0,497,347200.0,301200.0,1372900.0,No,Occasionally,Low,Moderate,0.6944,7.99,-9600.0,32220.0,38.6,0.8781,1
50,Female,Accountant,Self-Employed,Married,0,74300.0,0.0,78000.0,0.0,80800.0,14100.0,16300.0,4200.0,5200.0,1200.0,6800.0,0.0,11200.0,6400.0,4300.0,6700.0,76400.0,Personal Loan,4119000.0,15.5,24,200700.0,0.0,14700.0,0.0,0.0,14700.0,760,444300.0,985500.0,1541300.0,No,Frequently,Low,Moderate,2.6658,15.69,-10300.0,21660.0,38.5,0.9966,1
49,Male,Doctor,Salaried,Single,0,65800.0,0.0,157000.0,0.0,78883.33333333333,26600.0,8800.0,4700.0,2700.0,1700.0,8100.0,0.0,11700.0,1300.0,6300.0,5400.0,77300.0,Business Loan,1806000.0,13.8,240,22200.0,0.0,0.0,0.0,0.0,0.0,420,532700.0,920200.0,351000.0,Yes,Occasionally,Moderate,Low,0.2814,18.8,1583.33,35500.0,50.1,0.1973,0
49,Female,Business Owner,Business,Married,1,93800.0,0.0,118000.0,95000.0,198633.3333333333,45100.0,13600.0,3900.0,2800.0,1400.0,10800.0,4100.0,4300.0,10300.0,2800.0,1000.0,100100.0,Home Loan,3585000.0,12.7,48,95640.0,53900.0,25600.0,0.0,0.0,79500.0,490,186000.0,2818100.0,4764100.0,No,Frequently,High,Low,0.8817,16.73,19033.33,9880.0,41.8,0.7126,1
50,Male,Analyst,Salaried,Single,0,28500.0,24800.0,0.0,0.0,53300.0,12800.0,11700.0,2000.0,5600.0,900.0,9100.0,0.0,8300.0,1000.0,22800.0,2700.0,76900.0,Education Loan,2754000.0,13.3,12,246370.0,0.0,0.0,0.0,12800.0,12800.0,527,199900.0,281900.0,1198500.0,No,Occasionally,Low,Moderate,4.8625,5.37,-36400.0,11180.0,26.1,1.0,1
36,Male,Sales Executive,Salaried,Single,0,24500.0,22300.0,0.0,0.0,46800.0,15800.0,13600.0,7500.0,5900.0,1100.0,11600.0,0.0,8300.0,6300.0,15200.0,3200.0,88500.0,Education Loan,1215000.0,14.0,60,28270.0,10400.0,7100.0,0.0,0.0,17500.0,711,195500.0,671000.0,119100.0,No,Never,Low,High,0.978,8.17,-59200.0,3560.0,37.8,0.8356,1
60,Male,Sales Executive,Salaried,Single,2,48900.0,0.0,107000.0,0.0,57816.666666666664,15200.0,17600.0,6700.0,5500.0,1100.0,9400.0,6300.0,13200.0,1200.0,14000.0,6700.0,96900.0,Home Loan,2903000.0,14.7,36,100210.0,0.0,0.0,6500.0,10300.0,16800.0,476,110800.0,76400.0,802100.0,No,Occasionally,Moderate,High,2.0238,1.65,-55883.33,9220.0,10.0,1.0,1
39,Male,Manager,Self-Employed,Married,0,16600.0,0.0,47000.0,0.0,20516.666666666668,7000.0,15100.0,8500.0,6000.0,2500.0,4300.0,0.0,1400.0,4900.0,18200.0,6300.0,74200.0,Personal Loan,272000.0,11.2,36,8930.0,0.0,0.0,1700.0,0.0,1700.0,443,57000.0,228800.0,242100.0,No,Never,Low,Moderate,0.5181,3.77,-55383.33,7530.0,39.7,0.992,1
38,Female,Teacher,Business,Married,2,90700.0,0.0,77000.0,70700.0,167816.6666666667,21200.0,8300.0,2300.0,5300.0,1200.0,7000.0,19100.0,5400.0,8000.0,24700.0,3800.0,106300.0,Education Loan,9256000.0,12.9,180,116500.0,0.0,0.0,0.0,0.0,0.0,708,461200.0,2859200.0,2328300.0,No,Never,Low,Low,0.6942,31.24,61516.67,75520.0,68.2,0.0013,0
21,Male,Business Owner,Salaried,Married,2,90300.0,0.0,135000.0,0.0,101550.0,31600.0,21200.0,9400.0,4500.0,900.0,6000.0,14200.0,13400.0,5100.0,6000.0,2100.0,114400.0,Home Loan,3206000.0,10.4,12,282460.0,0.0,0.0,0.0,0.0,0.0,823,832600.0,1505800.0,1405300.0,No,Never,Low,Moderate,2.7815,20.44,-12850.0,45700.0,43.5,0.9942,1
34,Female,Software Engineer,Salaried,Married,0,39500.0,11300.0,26000.0,0.0,52966.666666666664,9700.0,5000.0,4600.0,2500.0,2100.0,7200.0,0.0,4300.0,11200.0,5100.0,3700.0,55400.0,Home Loan,760000.0,17.8,36,27400.0,0.0,0.0,0.0,0.0,0.0,469,372300.0,909200.0,832700.0,Yes,Occasionally,Low,High,0.5173,23.13,-2433.33,23840.0,49.9,0.1382,0
22,Male,Sales Executive,Business,Married,2,40700.0,9700.0,0.0,51300.0,101700.0,30800.0,14700.0,9300.0,5800.0,1300.0,7300.0,3100.0,2900.0,8000.0,8800.0,6700.0,98700.0,Home Loan,3501000.0,9.5,120,45300.0,0.0,0.0,0.0,0.0,0.0,584,942400.0,388300.0,845700.0,No,Occasionally,Moderate,Low,0.4454,13.48,3000.0,45760.0,51.6,0.1695,0
48,Female,Other,Salaried,Married,2,47300.0,0.0,77000.0,0.0,53716.666666666664,16900.0,20900.0,2900.0,5400.0,1400.0,8700.0,11700.0,9100.0,8100.0,22800.0,4200.0,112100.0,Vehicle Loan,2839000.0,9.1,240,25730.0,10100.0,0.0,0.0,0.0,10100.0,646,185000.0,787400.0,756800.0,No,Occasionally,Low,Low,0.667,7.96,-68483.33,14070.0,46.2,0.8085,1
50,Female,Software Engineer,Salaried,Single,1,50300.0,0.0,114000.0,0.0,59800.0,10000.0,12800.0,8000.0,2200.0,1600.0,1900.0,16900.0,5300.0,5100.0,11500.0,1800.0,77100.0,Personal Loan,1579000.0,10.3,120,21130.0,10400.0,7600.0,0.0,0.0,18000.0,763,530800.0,592800.0,178500.0,No,Occasionally,Low,Moderate,0.6543,11.81,-35300.0,8910.0,57.3,0.1901,0
58,Female,Doctor,Salaried,Single,0,52200.0,0.0,68000.0,0.0,57866.666666666664,11700.0,4900.0,6600.0,3400.0,1700.0,9200.0,0.0,7500.0,1400.0,20300.0,1300.0,68000.0,Home Loan,856000.0,17.2,48,24790.0,0.0,5200.0,0.0,9400.0,14600.0,588,503800.0,413200.0,306700.0,No,Never,Moderate,Moderate,0.6807,11.1,-24733.33,11440.0,47.5,0.7602,1
24,Male,Teacher,Salaried,Married,1,64800.0,2900.0,0.0,0.0,67700.0,19100.0,9200.0,4900.0,1400.0,1700.0,2600.0,6900.0,12500.0,9100.0,6700.0,3300.0,77400.0,Home Loan,2485000.0,14.4,240,31630.0,0.0,0.0,0.0,0.0,0.0,527,322000.0,525300.0,178800.0,No,Never,Moderate,High,0.4672,10.95,-9700.0,30460.0,51.2,0.7056,1
21,Female,Teacher,Self-Employed,Married,3,45000.0,0.0,83000.0,0.0,51916.666666666664,6500.0,18100.0,2600.0,5800.0,600.0,1300.0,17400.0,8300.0,8900.0,13400.0,2000.0,84900.0,Vehicle Loan,2642000.0,12.3,60,59170.0,0.0,0.0,0.0,14500.0,14500.0,791,336500.0,152500.0,290000.0,No,Never,Low,Low,1.419,4.92,-47483.33,8860.0,36.2,0.9818,1
28,Male,Analyst,Self-Employed,Married,2,78600.0,8800.0,225000.0,0.0,106150.0,30700.0,9200.0,6800.0,3900.0,2100.0,6700.0,19400.0,8200.0,6800.0,4900.0,6200.0,104900.0,Business Loan,1239000.0,17.2,120,21690.0,0.0,0.0,0.0,0.0,0.0,692,656100.0,1511800.0,13800.0,No,Occasionally,Low,High,0.2043,20.67,1250.0,47770.0,69.2,0.0051,0
49,Female,Sales Executive,Salaried,Married,0,61300.0,24900.0,43000.0,0.0,89783.33333333333,11500.0,9900.0,2200.0,2200.0,900.0,7400.0,0.0,4900.0,5600.0,11500.0,3000.0,59100.0,Vehicle Loan,653000.0,17.0,12,59560.0,0.0,0.0,0.0,7600.0,7600.0,415,307500.0,1167700.0,101900.0,No,Never,Moderate,High,0.748,22.12,23083.33,32800.0,51.8,0.5619,1
59,Female,Manager,Salaried,Single,2,36200.0,0.0,65000.0,0.0,41616.666666666664,13700.0,12600.0,6000.0,2500.0,1100.0,1400.0,6500.0,12100.0,6900.0,8000.0,7100.0,77900.0,Home Loan,337000.0,11.7,48,8820.0,0.0,0.0,0.0,14900.0,14900.0,694,124400.0,162300.0,994600.0,No,Frequently,Moderate,Low,0.57,3.09,-51183.33,3830.0,44.9,0.6164,1
23,Female,Accountant,Self-Employed,Single,1,95600.0,23600.0,0.0,0.0,119200.0,20200.0,17400.0,6800.0,5900.0,800.0,6700.0,8800.0,11400.0,9200.0,14600.0,5300.0,107100.0,Personal Loan,2107000.0,13.4,48,56940.0,0.0,9300.0,0.0,0.0,9300.0,644,250900.0,1351800.0,712100.0,No,Never,Low,Low,0.5557,13.77,2800.0,44340.0,48.1,0.3168,0
52,Male,Other,Salaried,Married,1,24900.0,20700.0,0.0,0.0,45600.0,11100.0,7500.0,7900.0,4100.0,2000.0,6900.0,4100.0,4300.0,8800.0,19900.0,3800.0,80400.0,Vehicle Loan,246000.0,17.0,60,6110.0,0.0,3400.0,0.0,0.0,3400.0,588,385700.0,157900.0,711300.0,No,Never,High,Moderate,0.2086,6.49,-38200.0,17120.0,55.1,0.6907,1
30,Male,Software Engineer,Business,Single,2,46800.0,7100.0,0.0,87000.0,140900.0,18200.0,17600.0,9900.0,3100.0,1700.0,1600.0,17800.0,5500.0,8200.0,23600.0,5300.0,112500.0,Home Loan,4026000.0,10.9,12,355640.0,0.0,0.0,0.0,0.0,0.0,853,784600.0,979800.0,1565600.0,No,Never,Low,Moderate,2.5241,15.68,28400.0,63400.0,52.1,0.9712,1
30,Male,Doctor,Salaried,Single,1,79500.0,14300.0,0.0,0.0,93800.0,15700.0,11700.0,4100.0,3500.0,2000.0,8800.0,18800.0,12000.0,10900.0,8500.0,3100.0,99100.0,Personal Loan,4069000.0,11.8,48,106750.0,31200.0,0.0,0.0,9000.0,40200.0,525,348400.0,172400.0,925900.0,No,Occasionally,Low,Low,1.5666,3.74,-45500.0,2010.0,19.7,0.9994,1
39,Male,Accountant,Salaried,Married,2,34100.0,0.0,42000.0,0.0,37600.0,7600.0,16200.0,4600.0,1500.0,1800.0,3300.0,13800.0,6000.0,7700.0,19100.0,2000.0,83600.0,Vehicle Loan,1657000.0,15.8,180,24110.0,11400.0,2400.0,0.0,0.0,13800.0,614,201000.0,481300.0,966800.0,No,Occasionally,Low,High,1.0082,7.01,-59800.0,3120.0,33.6,0.9715,1
54,Female,Teacher,Business,Single,2,57200.0,0.0,0.0,109600.0,166800.0,37000.0,10900.0,4700.0,1400.0,700.0,9700.0,16000.0,6600.0,1200.0,22400.0,7700.0,118300.0,Education Loan,6675000.0,14.8,120,106880.0,0.0,9200.0,0.0,0.0,9200.0,836,211100.0,206200.0,2433100.0,No,Occasionally,Moderate,Low,0.6959,3.27,39300.0,65860.0,57.7,0.1648,0
53,Female,Software Engineer,Self-Employed,Divorced,2,64300.0,16100.0,110000.0,0.0,89566.66666666667,9000.0,16500.0,7900.0,4000.0,1100.0,4400.0,14400.0,6100.0,7800.0,4900.0,4900.0,81000.0,Personal Loan,1907000.0,8.0,60,38670.0,0.0,0.0,0.0,0.0,0.0,710,135000.0,533300.0,1388700.0,No,Occasionally,Moderate,High,0.4317,8.25,8566.67,40300.0,63.3,0.2153,0
43,Female,Business Owner,Salaried,Married,0,31900.0,2900.0,0.0,0.0,34800.0,11200.0,13400.0,9500.0,3600.0,1500.0,6300.0,0.0,3300.0,7700.0,15500.0,1100.0,73100.0,Home Loan,1583000.0,8.7,12,138220.0,0.0,0.0,0.0,0.0,0.0,797,268400.0,211100.0,479300.0,Yes,Never,Moderate,Moderate,3.9718,6.56,-38300.0,15660.0,32.4,1.0,1
48,Male,Sales Executive,Self-Employed,Married,2,47300.0,24300.0,0.0,0.0,71600.0,7300.0,9000.0,9800.0,2800.0,1100.0,10800.0,13700.0,5800.0,1800.0,16100.0,3200.0,81400.0,Personal Loan,2628000.0,16.4,240,37350.0,12800.0,0.0,0.0,0.0,12800.0,780,648800.0,1089700.0,577700.0,No,Never,Moderate,Low,0.7004,18.46,-22600.0,19420.0,55.5,0.0296,0
52,Female,Doctor,Salaried,Single,3,45300.0,0.0,0.0,0.0,45300.0,13300.0,21500.0,9600.0,3800.0,900.0,9900.0,17200.0,12200.0,5700.0,8300.0,2100.0,104500.0,Personal Loan,2372000.0,7.8,60,47870.0,13900.0,0.0,0.0,0.0,13900.0,522,160500.0,433200.0,928500.0,No,Never,High,Moderate,1.3636,5.01,-73100.0,6480.0,26.4,0.9983,1
27,Female,Business Owner,Salaried,Single,0,37200.0,10800.0,60000.0,0.0,53000.0,11500.0,16100.0,9000.0,1400.0,2200.0,9600.0,0.0,7900.0,8200.0,2500.0,2800.0,71200.0,Home Loan,1658000.0,17.2,240,24570.0,0.0,0.0,0.0,7100.0,7100.0,376,232500.0,630200.0,75000.0,No,Never,Moderate,Moderate,0.5975,11.02,-25300.0,16750.0,36.5,0.9776,1
49,Female,Manager,Unemployed,Married,1,154900.0,0.0,0.0,0.0,154900.0,35800.0,6900.0,9900.0,5700.0,2000.0,2800.0,4400.0,7400.0,8700.0,7900.0,1400.0,92900.0,Education Loan,2309000.0,10.4,120,31030.0,0.0,0.0,0.0,10100.0,10100.0,340,627400.0,888000.0,1308000.0,Yes,Never,Moderate,Low,0.2655,14.71,51900.0,59600.0,63.6,0.9252,1
28,Female,Sales Executive,Self-Employed,Single,0,33500.0,0.0,0.0,0.0,33500.0,5100.0,12400.0,5000.0,2500.0,1200.0,1500.0,0.0,3200.0,10800.0,15400.0,2700.0,59800.0,Personal Loan,1337000.0,13.8,180,17630.0,7500.0,3900.0,3700.0,0.0,15100.0,521,169200.0,382100.0,664800.0,Yes,Occasionally,Low,Low,0.977,7.36,-41400.0,0.0,24.8,0.9941,1
21,Male,Software Engineer,Salaried,Single,2,81000.0,0.0,226000.0,0.0,99833.33333333333,25100.0,16300.0,9600.0,1400.0,2000.0,7700.0,9800.0,3500.0,10300.0,6500.0,5800.0,98000.0,Home Loan,1327000.0,13.4,12,118770.0,0.0,0.0,0.0,0.0,0.0,509,442500.0,382800.0,100100.0,No,Never,Low,Low,1.1897,8.42,1833.33,44920.0,25.8,0.9794,1
23,Female,Sales Executive,Salaried,Single,2,40300.0,0.0,106000.0,0.0,49133.333333333336,11500.0,8200.0,8100.0,1800.0,1800.0,5500.0,15800.0,1600.0,2300.0,8600.0,6700.0,71900.0,Personal Loan,2848000.0,11.7,120,40370.0,15300.0,0.0,0.0,0.0,15300.0,704,204800.0,975500.0,37900.0,No,Occasionally,Low,Moderate,1.133,13.54,-38066.67,6810.0,40.3,0.7536,1
44,Male,Accountant,Salaried,Single,0,28500.0,0.0,47000.0,0.0,32416.666666666668,4600.0,8800.0,3300.0,1500.0,500.0,11000.0,0.0,1200.0,7700.0,18300.0,3400.0,60300.0,Business Loan,1416000.0,7.8,36,44240.0,0.0,0.0,0.0,0.0,0.0,651,219400.0,350800.0,362500.0,Yes,Never,High,Moderate,1.3647,9.46,-27883.33,14590.0,27.2,0.9918,1
43,Male,Analyst,Salaried,Single,3,51600.0,12300.0,0.0,0.0,63900.0,10200.0,23600.0,2400.0,1900.0,1300.0,4800.0,8900.0,7800.0,7600.0,11200.0,4700.0,84400.0,Education Loan,2978000.0,9.5,36,95390.0,0.0,3500.0,0.0,0.0,3500.0,759,197100.0,1131600.0,481500.0,No,Occasionally,Moderate,High,1.5476,15.12,-24000.0,25260.0,40.9,0.8537,1
28,Male,Accountant,Salaried,Married,0,67800.0,0.0,0.0,0.0,67800.0,7900.0,11800.0,3700.0,3100.0,1100.0,5500.0,0.0,6700.0,4300.0,3500.0,1300.0,48900.0,Business Loan,2872000.0,14.0,36,98160.0,0.0,0.0,6300.0,0.0,6300.0,356,641100.0,204000.0,1425800.0,No,Occasionally,Low,Low,1.5407,15.31,12600.0,24210.0,29.1,0.9974,1
57,Female,Manager,Self-Employed,Single,2,77700.0,0.0,63000.0,0.0,82950.0,9700.0,21100.0,8200.0,4700.0,900.0,6800.0,11100.0,4900.0,3000.0,11200.0,1600.0,83200.0,Personal Loan,860000.0,12.2,120,12440.0,0.0,0.0,8400.0,0.0,8400.0,343,284600.0,1013500.0,1881200.0,No,Never,Moderate,Low,0.2512,14.17,-8650.0,28930.0,54.8,0.8785,1
23,Female,Other,Salaried,Single,1,107100.0,0.0,119000.0,0.0,117016.66666666667,12100.0,15500.0,7100.0,2400.0,1000.0,9800.0,7400.0,14900.0,3200.0,25000.0,4900.0,103300.0,Education Loan,3580000.0,11.8,240,38920.0,0.0,0.0,0.0,3000.0,3000.0,549,297000.0,1609000.0,127200.0,No,Occasionally,Low,High,0.3582,17.93,10716.67,49660.0,61.9,0.0573,0
53,Other,Business Owner,Self-Employed,Married,0,213800.0,0.0,188000.0,0.0,229466.66666666666,35600.0,4400.0,3800.0,3200.0,2400.0,4000.0,0.0,6600.0,3000.0,8000.0,6900.0,77900.0,Home Loan,9369000.0,8.5,36,295760.0,73700.0,30100.0,0.0,0.0,103800.0,379,2233400.0,3669200.0,3004100.0,No,Never,Moderate,Low,1.7413,32.49,47766.67,0.0,31.3,0.9367,1
48,Female,Accountant,Salaried,Divorced,0,55600.0,22300.0,0.0,0.0,77900.0,21000.0,5100.0,7900.0,5600.0,1500.0,11400.0,0.0,12000.0,9900.0,8100.0,1600.0,84100.0,Business Loan,1372000.0,11.1,36,44980.0,0.0,0.0,0.0,0.0,0.0,861,208300.0,797100.0,2204300.0,No,Occasionally,Moderate,Moderate,0.5774,11.95,-6200.0,35060.0,62.5,0.0202,0
28,Male,Analyst,Salaried,Single,0,35200.0,0.0,0.0,0.0,35200.0,6300.0,14100.0,3100.0,2500.0,2200.0,6900.0,0.0,3900.0,2600.0,5900.0,3900.0,51400.0,Education Loan,1492000.0,13.0,60,33950.0,0.0,0.0,0.0,4200.0,4200.0,490,197100.0,59300.0,330500.0,No,Occasionally,Low,Moderate,1.0838,4.61,-20400.0,11640.0,28.1,0.9976,1
54,Male,Other,Salaried,Single,2,61500.0,0.0,0.0,0.0,61500.0,11400.0,15800.0,8600.0,5000.0,900.0,10300.0,5400.0,4500.0,3900.0,8200.0,7800.0,81800.0,Education Loan,3081000.0,8.3,120,37870.0,0.0,0.0,0.0,12400.0,12400.0,522,222900.0,366700.0,363400.0,Yes,Occasionally,Low,Low,0.8174,6.26,-32700.0,15280.0,34.5,0.9893,1
55,Male,Accountant,Salaried,Married,1,42900.0,13800.0,124000.0,0.0,67033.33333333333,8900.0,7800.0,8400.0,1800.0,800.0,6800.0,5800.0,9000.0,3400.0,15200.0,6200.0,74100.0,Personal Loan,1349000.0,8.2,120,16510.0,13800.0,0.0,8800.0,0.0,22600.0,429,82900.0,424400.0,1048300.0,No,Never,Low,High,0.5834,5.25,-29666.67,7560.0,32.7,0.9901,1
52,Male,Teacher,Salaried,Married,0,77900.0,17200.0,0.0,0.0,95100.0,23200.0,12600.0,9800.0,1900.0,2300.0,9500.0,0.0,1100.0,8800.0,24200.0,2400.0,95800.0,Business Loan,1520000.0,12.7,180,18930.0,0.0,0.0,9400.0,9500.0,18900.0,784,908500.0,670500.0,1286500.0,No,Frequently,Moderate,Low,0.3978,13.77,-19600.0,23900.0,61.9,0.0308,0
44,Male,Analyst,Business,Married,0,25600.0,15000.0,44000.0,23300.0,67566.66666666666,12500.0,15300.0,3200.0,3300.0,1500.0,1600.0,0.0,1200.0,2700.0,16000.0,3000.0,60300.0,Home Loan,3620000.0,13.4,180,46760.0,0.0,6500.0,0.0,3200.0,9700.0,445,274000.0,185900.0,444900.0,No,Never,High,Moderate,0.8356,6.57,-2433.33,20700.0,30.9,0.9851,1
34,Male,Business Owner,Salaried,Married,0,160200.0,3600.0,0.0,0.0,163800.0,44100.0,14500.0,9300.0,2200.0,2300.0,9800.0,0.0,3000.0,1300.0,11400.0,7600.0,105500.0,Vehicle Loan,866000.0,10.2,36,28020.0,0.0,16600.0,0.0,4900.0,21500.0,441,1085300.0,165800.0,1114300.0,Yes,Never,Moderate,Moderate,0.3023,9.85,36800.0,52210.0,63.8,0.7574,1
52,Male,Doctor,Business,Single,2,75200.0,15700.0,193000.0,75100.0,182083.3333333333,52000.0,11400.0,4700.0,5500.0,600.0,6800.0,6500.0,4100.0,5100.0,11000.0,2500.0,110200.0,Personal Loan,3472000.0,10.9,60,75320.0,0.0,0.0,21700.0,13800.0,35500.0,617,1582600.0,1980000.0,3751100.0,No,Occasionally,Moderate,Moderate,0.6086,24.45,36383.33,46440.0,58.7,0.019,0
63,Female,Other,Salaried,Married,2,21100.0,0.0,0.0,0.0,21100.0,5200.0,11600.0,5300.0,1300.0,2300.0,5900.0,5200.0,8400.0,4400.0,2600.0,4100.0,56300.0,Education Loan,578000.0,15.9,12,52420.0,6300.0,0.0,3000.0,3900.0,13200.0,877,121400.0,316500.0,204400.0,No,Occasionally,Moderate,High,3.11,6.3,-48400.0,0.0,34.7,0.9999,1
36,Male,Teacher,Unemployed,Single,0,34400.0,9500.0,33000.0,0.0,46650.0,7900.0,17500.0,5700.0,4000.0,1300.0,2200.0,0.0,10600.0,5400.0,2100.0,3500.0,60200.0,Business Loan,1958000.0,16.6,12,178210.0,0.0,0.0,0.0,0.0,0.0,323,339200.0,250600.0,1379900.0,No,Frequently,Low,Low,3.8202,9.8,-13550.0,20990.0,19.6,1.0,1
24,Female,Doctor,Salaried,Married,1,73700.0,23400.0,0.0,0.0,97100.0,22100.0,18400.0,7000.0,4000.0,800.0,9200.0,12600.0,5400.0,9300.0,20300.0,4400.0,113500.0,Vehicle Loan,5810000.0,10.9,24,270520.0,15100.0,0.0,0.0,0.0,15100.0,556,772300.0,1377100.0,844200.0,No,Occasionally,Low,Moderate,2.9415,16.71,-31500.0,28600.0,32.9,1.0,1
57,Female,Software Engineer,Business,Married,0,88300.0,0.0,121000.0,167700.0,266083.3333333333,43400.0,8500.0,10000.0,1300.0,1900.0,2400.0,0.0,4300.0,1100.0,13300.0,2700.0,88900.0,Education Loan,6757000.0,11.2,24,315560.0,65700.0,0.0,0.0,0.0,65700.0,345,1097500.0,3962300.0,4373500.0,No,Never,Low,Moderate,1.4329,32.73,111483.33,54040.0,41.5,0.7211,1
41,Male,Analyst,Salaried,Divorced,3,25900.0,23600.0,47000.0,0.0,53416.666666666664,17400.0,21500.0,6800.0,4700.0,2100.0,3100.0,6700.0,12500.0,1400.0,2800.0,5700.0,84700.0,Business Loan,3055000.0,16.2,180,45300.0,0.0,6400.0,3100.0,0.0,9500.0,826,345800.0,470800.0,117200.0,No,Occasionally,Low,High,1.0259,8.67,-40783.33,14540.0,39.0,0.5426,1
34,Male,Teacher,Self-Employed,Single,3,70000.0,7800.0,0.0,0.0,77800.0,22700.0,12300.0,9400.0,3300.0,600.0,2400.0,4400.0,3300.0,3800.0,8600.0,2600.0,73400.0,Business Loan,1958000.0,17.7,60,49400.0,26700.0,0.0,0.0,0.0,26700.0,691,191100.0,853900.0,1257600.0,No,Never,Moderate,Moderate,0.9781,10.44,-22300.0,8310.0,43.1,0.6422,1
51,Male,Sales Executive,Business,Single,2,18500.0,0.0,37000.0,36800.0,58383.33333333333,13000.0,10800.0,4000.0,4600.0,2500.0,1100.0,3400.0,10500.0,10800.0,10200.0,5200.0,76100.0,Vehicle Loan,2525000.0,10.9,36,82550.0,18600.0,0.0,0.0,13400.0,32000.0,806,59900.0,406700.0,806800.0,Yes,Never,Moderate,Moderate,1.962,4.32,-49716.67,0.0,33.4,0.9977,1
38,Male,Software Engineer,Salaried,Married,3,46900.0,0.0,109000.0,0.0,55983.333333333336,19100.0,12500.0,5200.0,5100.0,1900.0,8300.0,4800.0,14000.0,2900.0,20000.0,3500.0,97300.0,Education Loan,789000.0,15.8,180,11480.0,18400.0,0.0,6400.0,3200.0,28000.0,585,552800.0,455100.0,586700.0,No,Occasionally,Moderate,Low,0.7052,8.04,-69316.67,0.0,41.7,0.8293,1
27,Female,Software Engineer,Salaried,Married,2,85500.0,19500.0,184000.0,0.0,120333.33333333333,28500.0,9200.0,6000.0,2600.0,1100.0,4000.0,15600.0,4300.0,12000.0,12000.0,2800.0,98100.0,Vehicle Loan,3649000.0,12.5,36,122070.0,0.0,6700.0,0.0,0.0,6700.0,556,166000.0,1467200.0,1550900.0,Yes,Occasionally,High,Low,1.0701,15.58,15533.33,47450.0,44.4,0.8741,1
30,Male,Other,Salaried,Married,2,37200.0,0.0,25000.0,0.0,39283.333333333336,7200.0,20000.0,4600.0,3400.0,800.0,2600.0,8800.0,2200.0,9900.0,20200.0,5900.0,85600.0,Home Loan,2079000.0,10.3,36,67380.0,7100.0,6200.0,5700.0,11400.0,30400.0,403,179600.0,309400.0,210300.0,No,Occasionally,Moderate,High,2.4891,4.22,-76716.67,0.0,17.2,1.0,1
27,Male,Analyst,Business,Single,1,23100.0,0.0,38000.0,32600.0,58866.66666666667,7300.0,14100.0,9800.0,2300.0,1300.0,4500.0,3500.0,14700.0,6000.0,16600.0,7800.0,87900.0,Personal Loan,1330000.0,14.7,48,36810.0,0.0,0.0,0.0,0.0,0.0,430,67100.0,619300.0,1448500.0,No,Never,Low,High,0.6253,7.81,-29033.33,26490.0,36.1,0.9855,1
53,Male,Teacher,Salaried,Single,0,52700.0,2900.0,0.0,0.0,55600.0,13100.0,7600.0,7800.0,2000.0,900.0,6500.0,0.0,4800.0,9200.0,2800.0,7100.0,61800.0,Personal Loan,600000.0,12.4,60,13470.0,9900.0,0.0,0.0,0.0,9900.0,748,515200.0,841300.0,1537500.0,Yes,Never,Low,Moderate,0.4203,18.92,-16100.0,15120.0,64.6,0.0164,0
43,Other,Manager,Salaried,Married,0,36200.0,0.0,0.0,0.0,36200.0,11400.0,15900.0,5800.0,1000.0,1500.0,6500.0,0.0,4900.0,6700.0,24300.0,1600.0,79600.0,Home Loan,1222000.0,10.3,240,12040.0,0.0,0.0,0.0,7400.0,7400.0,868,55700.0,699700.0,909500.0,No,Never,Moderate,Moderate,0.537,8.68,-50800.0,8890.0,54.8,0.1653,0
41,Female,Teacher,Salaried,Single,0,67200.0,0.0,86000.0,0.0,74366.66666666667,23600.0,15200.0,8000.0,5800.0,2100.0,5000.0,0.0,7800.0,7200.0,6200.0,4200.0,85100.0,Education Loan,2170000.0,8.6,360,16840.0,0.0,0.0,0.0,0.0,0.0,626,592800.0,1333400.0,1795700.0,No,Occasionally,Moderate,High,0.2264,22.63,-10733.33,33460.0,62.6,0.0119,0
39,Female,Accountant,Salaried,Married,2,31500.0,22300.0,0.0,0.0,53800.0,13500.0,9400.0,5700.0,3200.0,1800.0,6400.0,4900.0,4200.0,7400.0,8300.0,5900.0,70700.0,Vehicle Loan,948000.0,16.6,60,23360.0,0.0,0.0,0.0,0.0,0.0,673,392700.0,988600.0,885100.0,No,Never,Moderate,Moderate,0.4342,19.54,-16900.0,24210.0,58.5,0.0316,0
39,Male,Software Engineer,Self-Employed,Married,0,33300.0,11200.0,0.0,0.0,44500.0,8800.0,13000.0,2100.0,1100.0,1400.0,5700.0,0.0,14900.0,8100.0,20600.0,4900.0,80600.0,Personal Loan,2439000.0,16.7,240,35220.0,0.0,0.0,0.0,2200.0,2200.0,566,41300.0,814900.0,445400.0,No,Occasionally,High,Moderate,0.8409,10.34,-38300.0,17820.0,43.0,0.9252,1
56,Female,Business Owner,Salaried,Married,0,17800.0,0.0,53000.0,0.0,22216.666666666668,5800.0,14100.0,6300.0,1000.0,700.0,10000.0,0.0,1600.0,1700.0,6400.0,6100.0,53700.0,Home Loan,846000.0,8.3,36,26630.0,3600.0,0.0,0.0,0.0,3600.0,751,163300.0,124200.0,114600.0,No,Occasionally,Low,Low,1.3607,5.02,-35083.33,6400.0,40.3,0.9735,1
49,Female,Software Engineer,Salaried,Married,1,53400.0,17400.0,0.0,0.0,70800.0,20600.0,16000.0,7000.0,2400.0,2400.0,1300.0,9700.0,7300.0,7800.0,11200.0,7800.0,93500.0,Business Loan,1706000.0,14.5,180,23300.0,20200.0,0.0,0.0,7500.0,27700.0,381,687400.0,1343900.0,1741100.0,No,Occasionally,Low,Moderate,0.7203,16.76,-50400.0,4160.0,38.2,0.9484,1
38,Female,Software Engineer,Business,Married,0,45200.0,0.0,83000.0,82300.0,134416.66666666666,27300.0,14100.0,9800.0,1100.0,1000.0,10500.0,0.0,8700.0,8900.0,21900.0,3400.0,106700.0,Personal Loan,8036000.0,9.2,36,256290.0,0.0,0.0,19900.0,12500.0,32400.0,694,732500.0,702300.0,175300.0,No,Occasionally,Low,Low,2.1477,10.31,-4683.33,28090.0,39.9,0.9977,1
22,Other,Sales Executive,Salaried,Single,1,27100.0,0.0,64000.0,0.0,32433.333333333332,7100.0,8400.0,2300.0,2900.0,1100.0,3700.0,5700.0,7500.0,4400.0,16700.0,6400.0,66200.0,Personal Loan,408000.0,14.3,36,14000.0,0.0,4300.0,0.0,14800.0,19100.0,406,105400.0,565000.0,176100.0,No,Never,Low,Low,1.0206,7.86,-52866.67,0.0,30.0,0.9983,1
21,Male,Manager,Self-Employed,Married,3,54000.0,0.0,29000.0,0.0,56416.666666666664,15200.0,14400.0,6100.0,1300.0,1800.0,8900.0,15800.0,8300.0,11800.0,8900.0,1700.0,94200.0,Home Loan,2913000.0,17.0,48,84050.0,0.0,0.0,0.0,0.0,0.0,877,320300.0,679300.0,679900.0,Yes,Never,Moderate,Low,1.4898,10.61,-37783.33,25390.0,39.4,0.8249,1
25,Female,Doctor,Salaried,Single,2,81900.0,7600.0,0.0,0.0,89500.0,28600.0,19800.0,2800.0,1200.0,2000.0,5500.0,13200.0,14800.0,2600.0,16800.0,7100.0,114400.0,Vehicle Loan,1583000.0,10.2,24,73190.0,0.0,0.0,0.0,0.0,0.0,737,147600.0,1515700.0,522600.0,No,Never,Low,Low,0.8178,14.54,-24900.0,40280.0,54.8,0.3441,0
40,Female,Doctor,Salaried,Married,2,44000.0,0.0,0.0,0.0,44000.0,13100.0,20600.0,3200.0,4300.0,2500.0,4200.0,4500.0,13300.0,11000.0,20700.0,6400.0,103800.0,Personal Loan,800000.0,11.2,180,9190.0,0.0,0.0,4500.0,0.0,4500.0,820,421600.0,865100.0,769600.0,No,Occasionally,High,Low,0.3111,11.88,-64300.0,15300.0,67.2,0.0133,0
31,Male,Sales Executive,Salaried,Single,1,56100.0,0.0,0.0,0.0,56100.0,5900.0,9900.0,6900.0,5500.0,2400.0,7800.0,9400.0,5300.0,8400.0,11300.0,4600.0,77400.0,Vehicle Loan,1818000.0,15.8,120,30230.0,16400.0,0.0,0.0,0.0,16400.0,831,222800.0,989500.0,1218800.0,No,Occasionally,Low,Moderate,0.8312,12.92,-37700.0,8840.0,54.3,0.1412,0
62,Male,Software Engineer,Self-Employed,Married,1,56200.0,7100.0,0.0,0.0,63300.0,8300.0,6300.0,3900.0,3000.0,2300.0,9500.0,18400.0,8700.0,8300.0,15100.0,6700.0,90500.0,Home Loan,2621000.0,15.2,36,91110.0,13800.0,3500.0,5200.0,4400.0,26900.0,872,306500.0,1045300.0,1726400.0,No,Never,Low,Moderate,1.8643,11.51,-54100.0,1580.0,51.2,0.9593,1
22,Female,Doctor,Salaried,Single,0,26800.0,0.0,0.0,0.0,26800.0,8400.0,16000.0,8000.0,5200.0,1400.0,5900.0,0.0,1000.0,10600.0,24700.0,5700.0,86900.0,Business Loan,1152000.0,11.8,12,102250.0,0.0,0.0,0.0,13600.0,13600.0,652,115600.0,132000.0,169200.0,No,Never,Moderate,High,4.3228,2.46,-73700.0,0.0,25.5,1.0,1
23,Male,Analyst,Salaried,Single,3,137100.0,21100.0,0.0,0.0,158200.0,48800.0,15300.0,6100.0,1100.0,800.0,6100.0,8500.0,6700.0,10100.0,24200.0,4900.0,132600.0,Personal Loan,984000.0,16.4,36,34790.0,0.0,0.0,0.0,0.0,0.0,479,121000.0,2742900.0,1327000.0,No,Never,High,Moderate,0.2199,21.6,25600.0,71190.0,62.7,0.0456,0
43,Female,Manager,Salaried,Divorced,0,38700.0,0.0,53000.0,0.0,43116.666666666664,8500.0,8600.0,3700.0,4900.0,1700.0,1600.0,0.0,3300.0,4800.0,13700.0,7600.0,58400.0,Vehicle Loan,896000.0,17.2,48,25950.0,0.0,0.0,0.0,7300.0,7300.0,809,35600.0,178900.0,927100.0,No,Never,Moderate,Low,0.7712,3.26,-22583.33,12100.0,45.6,0.8125,1
32,Female,Doctor,Salaried,Single,0,68100.0,14600.0,178000.0,0.0,97533.33333333333,24000.0,8900.0,6000.0,1300.0,500.0,11200.0,0.0,11000.0,8800.0,4200.0,1900.0,77800.0,Vehicle Loan,4031000.0,12.3,12,358720.0,0.0,0.0,8200.0,0.0,8200.0,469,569800.0,1047700.0,635100.0,No,Occasionally,Low,High,3.762,18.81,11533.33,35690.0,28.5,1.0,1
40,Female,Sales Executive,Self-Employed,Married,2,72000.0,0.0,38000.0,0.0,75166.66666666667,24500.0,13800.0,2000.0,5200.0,900.0,10300.0,11900.0,4100.0,1600.0,18100.0,8000.0,100400.0,Education Loan,4054000.0,7.9,240,33660.0,17800.0,0.0,0.0,11100.0,28900.0,825,396300.0,792600.0,865500.0,No,Never,Low,Low,0.8323,9.19,-54133.33,4920.0,53.7,0.3327,0
25,Male,Accountant,Salaried,Divorced,0,45700.0,0.0,96000.0,0.0,53700.0,17600.0,9300.0,8900.0,5400.0,500.0,5400.0,0.0,11500.0,6100.0,8200.0,2100.0,75000.0,Vehicle Loan,2247000.0,12.8,24,106620.0,0.0,0.0,3800.0,0.0,3800.0,314,530100.0,583000.0,1213800.0,No,Occasionally,High,Moderate,2.0562,14.13,-25100.0,20360.0,20.0,1.0,1
57,Female,Doctor,Self-Employed,Single,1,66400.0,0.0,0.0,0.0,66400.0,19600.0,13900.0,2100.0,4900.0,900.0,9400.0,17500.0,5400.0,11300.0,17400.0,4400.0,106800.0,Vehicle Loan,1303000.0,15.3,36,45360.0,0.0,10800.0,0.0,0.0,10800.0,332,199200.0,978700.0,748700.0,Yes,Never,Low,High,0.8458,10.02,-51200.0,19080.0,23.4,0.9971,1
58,Male,Manager,Salaried,Married,0,55400.0,20000.0,142000.0,0.0,87233.33333333333,13300.0,5100.0,2100.0,5100.0,1400.0,4400.0,0.0,14000.0,4000.0,10100.0,2600.0,62100.0,Home Loan,2872000.0,9.8,60,60740.0,0.0,0.0,10600.0,0.0,10600.0,801,349000.0,743600.0,382900.0,No,Occasionally,Low,High,0.8178,15.03,14533.33,28660.0,59.0,0.0251,0
50,Male,Other,Self-Employed,Single,0,24100.0,17000.0,59000.0,0.0,46016.666666666664,13000.0,17600.0,6900.0,3800.0,1300.0,9000.0,0.0,7200.0,1500.0,18500.0,2900.0,81700.0,Vehicle Loan,1869000.0,8.5,360,14370.0,0.0,7800.0,0.0,5600.0,13400.0,686,454900.0,445300.0,372000.0,No,Occasionally,Low,Moderate,0.6035,9.47,-49083.33,7310.0,50.4,0.4283,0
29,Male,Other,Salaried,Single,0,41500.0,0.0,0.0,0.0,41500.0,5200.0,17100.0,9800.0,2300.0,1200.0,6700.0,0.0,12800.0,7400.0,10400.0,5400.0,78300.0,Education Loan,516000.0,10.5,120,6960.0,0.0,5000.0,0.0,0.0,5000.0,562,39600.0,561100.0,100700.0,No,Never,Low,Moderate,0.2882,7.21,-41800.0,13680.0,55.0,0.6506,1
54,Female,Analyst,Salaried,Married,0,36100.0,4600.0,37000.0,0.0,43783.333333333336,14200.0,17100.0,8800.0,4200.0,2200.0,6100.0,0.0,9800.0,4900.0,23600.0,1200.0,92100.0,Business Loan,1531000.0,7.6,36,47690.0,0.0,8000.0,0.0,6900.0,14900.0,601,289200.0,611400.0,885500.0,Yes,Occasionally,High,High,1.4295,8.42,-63216.67,4800.0,25.8,0.9942,1
64,Male,Teacher,Salaried,Divorced,2,38900.0,0.0,0.0,0.0,38900.0,5300.0,20300.0,4000.0,3200.0,1800.0,1600.0,11100.0,14700.0,5200.0,5100.0,7600.0,79900.0,Education Loan,1204000.0,15.0,36,41740.0,11200.0,0.0,2300.0,1400.0,14900.0,723,57000.0,362300.0,53500.0,No,Never,Moderate,Moderate,1.456,4.42,-55900.0,2600.0,30.3,0.9946,1
55,Female,Teacher,Self-Employed,Single,2,25500.0,24800.0,0.0,0.0,50300.0,13400.0,17200.0,3600.0,1000.0,2400.0,11600.0,3100.0,11400.0,7400.0,3600.0,3000.0,77700.0,Business Loan,1183000.0,9.0,240,10640.0,0.0,0.0,6100.0,0.0,6100.0,340,477400.0,100100.0,866200.0,No,Never,Low,High,0.3328,6.89,-33500.0,16540.0,40.6,0.9831,1
42,Female,Doctor,Salaried,Married,1,86100.0,18900.0,84000.0,0.0,112000.0,28300.0,9100.0,7000.0,3400.0,1400.0,10200.0,18000.0,11200.0,7800.0,20000.0,2900.0,119300.0,Personal Loan,4401000.0,15.1,48,122710.0,0.0,17600.0,0.0,3000.0,20600.0,543,362500.0,663300.0,3192200.0,No,Occasionally,Low,Low,1.2796,7.33,-27900.0,29800.0,25.3,0.9903,1
64,Female,Business Owner,Business,Married,3,109200.0,2400.0,226000.0,168200.0,298633.3333333333,87900.0,10700.0,8600.0,4300.0,1000.0,9700.0,5800.0,4700.0,5800.0,11200.0,7000.0,156700.0,Business Loan,11943000.0,10.0,60,253750.0,87800.0,0.0,0.0,0.0,87800.0,352,2458900.0,5655000.0,7703600.0,No,Never,Moderate,Moderate,1.1437,33.19,54133.33,46580.0,35.6,0.4107,0
44,Female,Accountant,Business,Married,0,79900.0,13400.0,238000.0,72600.0,185733.3333333333,44200.0,5400.0,4900.0,1100.0,700.0,4400.0,0.0,8100.0,6600.0,12700.0,6400.0,94500.0,Business Loan,10853000.0,17.9,48,318240.0,0.0,0.0,0.0,0.0,0.0,867,1700700.0,3458500.0,406400.0,Yes,Never,Low,Low,1.7134,54.59,91233.33,83580.0,67.6,0.0,0
37,Male,Sales Executive,Salaried,Single,0,92500.0,16100.0,252000.0,0.0,129600.0,14900.0,8500.0,5500.0,4100.0,1800.0,4200.0,0.0,5100.0,11900.0,23500.0,5700.0,85200.0,Education Loan,3701000.0,13.1,360,41230.0,44100.0,0.0,13600.0,1500.0,59200.0,368,1107600.0,1729300.0,2777900.0,No,Occasionally,Low,High,0.7749,19.65,-14800.0,0.0,40.7,0.8573,1
30,Female,Accountant,Salaried,Married,0,41300.0,0.0,82000.0,0.0,48133.333333333336,13300.0,11100.0,2900.0,4300.0,2200.0,7300.0,0.0,1300.0,11500.0,15600.0,2000.0,71500.0,Home Loan,1647000.0,7.9,240,13670.0,0.0,0.0,0.0,0.0,0.0,581,278700.0,217500.0,996500.0,No,Never,Low,Moderate,0.284,6.94,-23366.67,21660.0,51.8,0.6638,1
50,Male,Other,Salaried,Married,2,35700.0,18600.0,66000.0,0.0,59800.0,11700.0,21900.0,3200.0,1800.0,900.0,10300.0,16600.0,10900.0,8800.0,17200.0,6400.0,109700.0,Home Loan,817000.0,15.6,180,11770.0,0.0,0.0,4000.0,14000.0,18000.0,671,582900.0,168500.0,535300.0,Yes,Occasionally,Moderate,Low,0.4978,5.88,-67900.0,8910.0,50.9,0.5965,1
43,Female,Doctor,Salaried,Married,1,33200.0,14800.0,0.0,0.0,48000.0,8600.0,12100.0,6500.0,3200.0,2300.0,11300.0,9600.0,4300.0,2800.0,2400.0,3500.0,66600.0,Business Loan,1688000.0,11.8,48,44290.0,0.0,4600.0,0.0,0.0,4600.0,784,332500.0,914000.0,157400.0,Yes,Frequently,High,Low,1.0185,17.51,-23200.0,17000.0,47.7,0.3507,0
52,Male,Manager,Self-Employed,Divorced,2,67600.0,7100.0,126000.0,0.0,85200.0,29600.0,15300.0,2800.0,5800.0,1600.0,4000.0,3800.0,6600.0,5000.0,17400.0,8000.0,99900.0,Education Loan,595000.0,13.9,360,7000.0,13600.0,0.0,0.0,0.0,13600.0,557,678900.0,1498700.0,2183000.0,No,Never,Moderate,High,0.2418,19.19,-28300.0,24740.0,64.4,0.0684,0
37,Male,Sales Executive,Self-Employed,Married,2,54900.0,0.0,0.0,0.0,54900.0,13600.0,17700.0,3600.0,5400.0,800.0,7700.0,13800.0,5000.0,10700.0,10900.0,5700.0,94900.0,Home Loan,727000.0,17.5,240,10940.0,0.0,7200.0,0.0,4100.0,11300.0,605,154800.0,470000.0,912900.0,No,Occasionally,Low,High,0.4051,5.88,-51300.0,13400.0,49.1,0.6825,1
37,Female,Accountant,Salaried,Single,1,47200.0,0.0,0.0,0.0,47200.0,13100.0,8500.0,3900.0,3100.0,1800.0,9000.0,14400.0,3800.0,5700.0,12600.0,6900.0,82800.0,Home Loan,681000.0,12.9,240,7930.0,10400.0,0.0,0.0,0.0,10400.0,424,211200.0,611800.0,989000.0,No,Never,Low,Moderate,0.3883,8.83,-46000.0,10840.0,42.4,0.945,1
34,Male,Manager,Salaried,Married,2,93700.0,0.0,0.0,0.0,93700.0,21700.0,21100.0,5600.0,2700.0,1500.0,3500.0,16800.0,1900.0,11500.0,20600.0,6100.0,113000.0,Education Loan,3729000.0,15.9,24,182410.0,0.0,0.0,0.0,7500.0,7500.0,367,579300.0,1721200.0,1286900.0,No,Occasionally,Moderate,Moderate,2.0268,19.09,-26800.0,34660.0,26.7,0.9996,1
29,Male,Sales Executive,Salaried,Single,3,60000.0,9400.0,45000.0,0.0,73150.0,21400.0,17400.0,2400.0,1600.0,600.0,5500.0,9800.0,5700.0,6400.0,14000.0,5200.0,90000.0,Business Loan,2648000.0,10.7,60,57180.0,0.0,5200.0,0.0,0.0,5200.0,675,137900.0,265200.0,488000.0,No,Never,Moderate,Moderate,0.8528,4.23,-22050.0,27720.0,41.5,0.9191,1
60,Female,Accountant,Salaried,Single,0,32200.0,0.0,67000.0,0.0,37783.333333333336,10900.0,7900.0,6000.0,1200.0,1300.0,3100.0,0.0,2100.0,10500.0,24700.0,6000.0,73700.0,Personal Loan,1847000.0,15.0,120,29800.0,0.0,0.0,0.0,0.0,0.0,357,365500.0,494500.0,295100.0,No,Occasionally,Moderate,Moderate,0.7887,11.67,-35916.67,17000.0,36.6,0.9973,1
22,Female,Analyst,Self-Employed,Married,1,34900.0,0.0,26000.0,0.0,37066.666666666664,9800.0,19100.0,9400.0,2500.0,2100.0,8700.0,12400.0,8600.0,1400.0,20300.0,5200.0,99500.0,Education Loan,1132000.0,8.5,120,14040.0,0.0,0.0,4800.0,0.0,4800.0,357,57200.0,684600.0,594700.0,No,Never,High,Moderate,0.5083,7.11,-67233.33,11880.0,35.1,0.9885,1
45,Female,Other,Salaried,Single,2,68900.0,0.0,0.0,0.0,68900.0,24100.0,16800.0,2200.0,5700.0,1600.0,10500.0,5100.0,1300.0,5800.0,18800.0,1400.0,93300.0,Education Loan,2144000.0,16.9,360,30390.0,15900.0,0.0,0.0,0.0,15900.0,437,514100.0,1164000.0,484800.0,No,Never,Low,High,0.6718,15.37,-40300.0,15100.0,49.3,0.9342,1
59,Male,Software Engineer,Self-Employed,Married,2,82500.0,0.0,129000.0,0.0,93250.0,20000.0,14800.0,7000.0,5800.0,1100.0,10700.0,3300.0,14200.0,8700.0,15500.0,3400.0,104500.0,Education Loan,1295000.0,9.6,48,32600.0,29400.0,14300.0,0.0,8400.0,52100.0,442,98000.0,602000.0,1115300.0,No,Occasionally,Low,High,0.9083,4.47,-63350.0,0.0,26.9,0.9974,1
29,Female,Sales Executive,Salaried,Divorced,0,64600.0,0.0,0.0,0.0,64600.0,17900.0,12100.0,8700.0,5100.0,2400.0,8400.0,0.0,14500.0,10500.0,11500.0,3200.0,94300.0,Business Loan,2962000.0,10.7,180,33110.0,0.0,0.0,0.0,0.0,0.0,573,95300.0,1233100.0,144200.0,No,Occasionally,Low,High,0.5125,14.09,-29700.0,29070.0,51.2,0.4771,1
42,Male,Other,Salaried,Single,1,126600.0,0.0,0.0,0.0,126600.0,37900.0,16500.0,4500.0,2800.0,1000.0,4800.0,9900.0,5300.0,7700.0,3200.0,6000.0,99600.0,Business Loan,658000.0,17.6,360,9700.0,0.0,0.0,0.0,0.0,0.0,439,813000.0,615300.0,3780900.0,No,Never,Moderate,Moderate,0.0766,14.34,27000.0,56970.0,72.6,0.2654,0
63,Female,Business Owner,Salaried,Divorced,1,111000.0,16500.0,117000.0,0.0,137250.0,26600.0,8200.0,3100.0,1700.0,1000.0,8300.0,11900.0,4600.0,2900.0,2400.0,5000.0,75700.0,Education Loan,3894000.0,9.1,60,81020.0,24200.0,0.0,0.0,3800.0,28000.0,499,658600.0,681200.0,2539200.0,No,Never,Low,Moderate,0.7943,12.92,33550.0,33760.0,56.5,0.7816,1
24,Female,Doctor,Salaried,Married,1,61100.0,15400.0,0.0,0.0,76500.0,16400.0,18100.0,2300.0,4000.0,1200.0,10500.0,14300.0,2500.0,10700.0,3100.0,5300.0,88400.0,Home Loan,1175000.0,10.2,120,15660.0,12200.0,8000.0,0.0,14200.0,34400.0,876,40900.0,216900.0,335200.0,Yes,Occasionally,Low,Moderate,0.6544,2.1,-46300.0,20.0,44.2,0.6648,1
46,Female,Manager,Salaried,Married,0,32200.0,0.0,27000.0,0.0,34450.0,11800.0,17400.0,7200.0,4200.0,2300.0,7900.0,0.0,13700.0,7300.0,24100.0,6900.0,102800.0,Personal Loan,1633000.0,13.6,12,146320.0,0.0,0.0,0.0,3500.0,3500.0,625,146100.0,111800.0,134500.0,No,Never,Moderate,Moderate,4.3489,2.43,-71850.0,12000.0,24.4,1.0,1
49,Male,Sales Executive,Self-Employed,Married,3,25500.0,18500.0,0.0,0.0,44000.0,4800.0,17900.0,6400.0,3100.0,1500.0,5500.0,3900.0,9200.0,2200.0,9400.0,4700.0,68600.0,Vehicle Loan,1850000.0,17.8,180,29530.0,0.0,0.0,0.0,0.0,0.0,345,126500.0,680700.0,637900.0,Yes,Never,Low,Low,0.6711,11.77,-24600.0,19800.0,42.7,0.9952,1
54,Male,Doctor,Business,Single,2,40400.0,2400.0,0.0,54900.0,97700.0,18000.0,17600.0,3800.0,4500.0,1900.0,11100.0,7300.0,9500.0,6100.0,18100.0,2500.0,100400.0,Education Loan,4286000.0,14.8,60,101510.0,20000.0,0.0,0.0,1200.0,21200.0,443,857800.0,609800.0,72600.0,No,Occasionally,Moderate,High,1.256,12.07,-23900.0,22760.0,26.9,0.9938,1
43,Male,Doctor,Salaried,Married,1,71400.0,0.0,122000.0,0.0,81566.66666666667,18100.0,18000.0,8700.0,4700.0,2500.0,10200.0,6300.0,13500.0,8700.0,15700.0,1100.0,107500.0,Education Loan,1074000.0,8.7,48,26570.0,0.0,14300.0,0.0,0.0,14300.0,866,589500.0,1428500.0,1008300.0,No,Never,Low,High,0.5011,16.57,-40233.33,22400.0,66.1,0.0088,0
57,Male,Software Engineer,Salaried,Married,2,122200.0,0.0,0.0,0.0,122200.0,12300.0,13200.0,7900.0,4900.0,2100.0,10700.0,19600.0,13800.0,6000.0,15100.0,2100.0,107700.0,Business Loan,5106000.0,15.4,36,178000.0,0.0,0.0,0.0,0.0,0.0,658,917300.0,2113400.0,3464100.0,No,Occasionally,Low,Moderate,1.4566,28.14,14500.0,54990.0,40.5,0.2115,0
31,Male,Accountant,Salaried,Single,3,60400.0,5600.0,0.0,0.0,66000.0,21400.0,23900.0,4200.0,3500.0,800.0,10900.0,15600.0,12600.0,10600.0,15300.0,1200.0,120000.0,Business Loan,2838000.0,12.0,12,252150.0,0.0,0.0,0.0,3600.0,3600.0,415,629200.0,212100.0,1630300.0,No,Never,Moderate,Moderate,3.875,6.81,-57600.0,26100.0,24.2,1.0,1
26,Female,Sales Executive,Business,Divorced,0,87900.0,0.0,0.0,99200.0,187100.0,32100.0,13500.0,8000.0,5000.0,2100.0,5300.0,0.0,11800.0,5700.0,9000.0,2700.0,95200.0,Vehicle Loan,963000.0,17.9,60,24400.0,0.0,0.0,0.0,4000.0,4000.0,712,1355300.0,2079600.0,5219900.0,No,Never,Moderate,Low,0.1518,34.63,87900.0,80200.0,85.2,0.0,0
38,Male,Other,Salaried,Married,0,43400.0,16700.0,40000.0,0.0,63433.333333333336,10400.0,9900.0,4000.0,1100.0,2000.0,10500.0,0.0,13300.0,7400.0,22400.0,5400.0,86400.0,Business Loan,1425000.0,14.1,36,48770.0,0.0,0.0,7100.0,14800.0,21900.0,429,128500.0,954700.0,211400.0,No,Occasionally,Low,Moderate,1.1141,10.0,-44866.67,6640.0,26.0,0.9972,1
41,Female,Teacher,Business,Single,1,66900.0,0.0,101000.0,114900.0,190216.6666666667,58000.0,15500.0,7400.0,4400.0,1000.0,7300.0,5000.0,13300.0,3300.0,23100.0,2100.0,140400.0,Business Loan,1864000.0,13.1,240,21970.0,0.0,0.0,0.0,14000.0,14000.0,675,1788900.0,2657400.0,2116000.0,Yes,Never,Low,Moderate,0.1891,28.8,35816.67,71600.0,81.1,0.0004,0
62,Male,Sales Executive,Salaried,Single,2,74000.0,0.0,118000.0,0.0,83833.33333333333,14200.0,15300.0,2900.0,2200.0,1200.0,1400.0,16800.0,6200.0,6600.0,16800.0,1600.0,85200.0,Home Loan,3561000.0,13.4,48,96240.0,0.0,0.0,0.0,5500.0,5500.0,604,132000.0,249000.0,1395800.0,No,Occasionally,Low,Moderate,1.2136,4.2,-6866.67,32220.0,22.3,0.9922,1
56,Female,Sales Executive,Salaried,Married,0,18200.0,20800.0,54000.0,0.0,43500.0,11500.0,5600.0,7500.0,2400.0,1900.0,8000.0,0.0,14600.0,3500.0,21900.0,7800.0,84700.0,Personal Loan,725000.0,14.2,36,24850.0,13900.0,6600.0,0.0,0.0,20500.0,348,101300.0,309400.0,940000.0,No,Never,Moderate,Low,1.0425,3.9,-61700.0,0.0,13.3,0.9996,1
61,Female,Sales Executive,Business,Single,4,39900.0,0.0,105000.0,58300.0,106950.0,32700.0,23100.0,3900.0,1500.0,1000.0,6200.0,3500.0,10900.0,3500.0,3400.0,8000.0,97700.0,Home Loan,2092000.0,15.2,12,189020.0,0.0,0.0,0.0,0.0,0.0,435,343200.0,1350500.0,1259200.0,No,Never,Moderate,Moderate,1.7674,17.34,9250.0,48130.0,30.3,0.9959,1
58,Male,Doctor,Salaried,Married,1,78800.0,18900.0,184000.0,0.0,113033.33333333333,33700.0,13900.0,6600.0,2000.0,900.0,4000.0,18500.0,6200.0,4100.0,4300.0,5500.0,99700.0,Education Loan,1052000.0,8.3,24,47720.0,0.0,0.0,0.0,0.0,0.0,481,244500.0,1368000.0,1081600.0,No,Never,Low,High,0.4222,16.17,13333.33,50860.0,60.1,0.231,0
54,Male,Manager,Salaried,Single,1,56200.0,0.0,153000.0,0.0,68950.0,20400.0,17100.0,3400.0,6000.0,1900.0,11700.0,9500.0,7200.0,1500.0,14900.0,1800.0,95400.0,Home Loan,2179000.0,8.9,24,99450.0,22000.0,0.0,0.0,0.0,22000.0,301,46500.0,1135400.0,631000.0,No,Occasionally,Low,Moderate,1.7614,10.07,-48450.0,9030.0,18.9,1.0,1
37,Female,Doctor,Salaried,Married,0,27000.0,0.0,63000.0,0.0,32250.0,3900.0,6200.0,7800.0,3100.0,2300.0,1600.0,0.0,10600.0,2800.0,21500.0,6800.0,66600.0,Vehicle Loan,220000.0,10.7,12,19410.0,0.0,0.0,0.0,0.0,0.0,788,156800.0,66600.0,763800.0,No,Never,Moderate,Moderate,0.6019,3.35,-34350.0,14510.0,47.1,0.6304,1
57,Male,Manager,Salaried,Single,0,14500.0,0.0,0.0,0.0,14500.0,1700.0,11500.0,2500.0,5600.0,700.0,11400.0,0.0,6100.0,5700.0,9300.0,4800.0,59300.0,Home Loan,747000.0,12.5,240,8490.0,0.0,1700.0,0.0,3600.0,5300.0,473,102000.0,146800.0,166100.0,No,Never,Low,Low,0.951,3.85,-50100.0,1220.0,27.3,0.999,1
45,Female,Teacher,Salaried,Single,2,40800.0,0.0,26000.0,0.0,42966.666666666664,7600.0,18700.0,3300.0,1800.0,1400.0,2800.0,16100.0,12600.0,2400.0,14600.0,2300.0,83600.0,Business Loan,277000.0,10.8,60,6000.0,10500.0,6200.0,0.0,11600.0,28300.0,844,193400.0,736000.0,21000.0,No,Occasionally,Moderate,Moderate,0.7983,8.31,-68933.33,0.0,58.7,0.4419,0
58,Female,Doctor,Self-Employed,Married,4,47300.0,0.0,0.0,0.0,47300.0,5200.0,25800.0,3500.0,2000.0,1700.0,5100.0,11000.0,3100.0,2500.0,2200.0,5000.0,67100.0,Vehicle Loan,397000.0,9.7,24,18260.0,0.0,0.0,0.0,0.0,0.0,821,129100.0,940300.0,1092900.0,No,Occasionally,Low,Moderate,0.386,15.94,-19800.0,21280.0,66.5,0.0106,0
32,Female,Manager,Self-Employed,Married,1,31500.0,0.0,0.0,0.0,31500.0,7100.0,18400.0,2300.0,3800.0,1900.0,5600.0,17200.0,13700.0,11600.0,24700.0,1300.0,107600.0,Vehicle Loan,1267000.0,17.2,240,18780.0,0.0,0.0,3500.0,0.0,3500.0,740,280000.0,108400.0,152500.0,No,Occasionally,Low,Moderate,0.7073,3.5,-79600.0,10680.0,49.8,0.6946,1
43,Male,Doctor,Salaried,Divorced,4,52700.0,0.0,103000.0,0.0,61283.333333333336,12200.0,24100.0,8000.0,2700.0,2500.0,9000.0,6800.0,5200.0,5700.0,19600.0,7800.0,103600.0,Education Loan,3397000.0,7.8,60,68550.0,0.0,0.0,0.0,0.0,0.0,381,256700.0,813400.0,1155000.0,No,Never,Low,High,1.1186,10.33,-42316.67,27580.0,26.3,0.9978,1
62,Female,Business Owner,Business,Married,2,63100.0,20300.0,0.0,87100.0,170500.0,40800.0,11500.0,9800.0,4200.0,1900.0,3400.0,14500.0,3100.0,5400.0,10300.0,6800.0,111700.0,Education Loan,9218000.0,17.4,60,231080.0,0.0,30800.0,0.0,0.0,30800.0,479,1444000.0,174800.0,150700.0,No,Occasionally,High,Moderate,1.536,11.36,28000.0,45920.0,31.9,0.995,1
42,Female,Doctor,Salaried,Single,1,68600.0,0.0,93000.0,0.0,76350.0,13300.0,17700.0,8200.0,3100.0,1700.0,11800.0,5000.0,13000.0,3900.0,24600.0,2800.0,105100.0,Business Loan,733000.0,17.0,24,36240.0,20000.0,0.0,0.0,2100.0,22100.0,658,167600.0,583400.0,886400.0,No,Occasionally,Low,Moderate,0.7641,5.9,-50850.0,12260.0,46.5,0.8128,1
41,Female,Teacher,Salaried,Single,2,15100.0,14000.0,20000.0,0.0,30766.666666666668,6800.0,10400.0,8900.0,5100.0,2500.0,9200.0,4500.0,4400.0,6600.0,4100.0,3900.0,66400.0,Personal Loan,642000.0,14.7,240,8310.0,0.0,0.0,0.0,0.0,0.0,351,112800.0,290800.0,420800.0,Yes,Never,Low,Low,0.2701,6.08,-35633.33,13840.0,42.9,0.9816,1
47,Male,Teacher,Salaried,Married,1,25400.0,0.0,0.0,0.0,25400.0,4700.0,8800.0,2000.0,3200.0,600.0,9700.0,5300.0,12800.0,7600.0,12700.0,3800.0,71200.0,Vehicle Loan,855000.0,7.8,36,26710.0,0.0,0.0,0.0,4600.0,4600.0,383,206600.0,192300.0,741500.0,No,Never,Moderate,Moderate,1.2327,5.26,-50400.0,6830.0,11.7,0.9998,1
51,Female,Manager,Salaried,Married,1,42100.0,0.0,57000.0,0.0,46850.0,7000.0,7500.0,2900.0,3900.0,600.0,2200.0,16800.0,5100.0,5600.0,3400.0,7000.0,62000.0,Business Loan,303000.0,9.9,48,7670.0,0.0,0.0,0.0,0.0,0.0,331,37000.0,602800.0,123900.0,No,Never,High,Moderate,0.1637,10.32,-15150.0,21080.0,52.5,0.8856,1
26,Male,Manager,Salaried,Married,0,65300.0,23700.0,117000.0,0.0,98750.0,25900.0,16000.0,6500.0,2600.0,1600.0,6200.0,0.0,14100.0,5300.0,9700.0,3500.0,91400.0,Education Loan,3365000.0,17.8,60,85080.0,21600.0,0.0,7400.0,0.0,29000.0,683,912900.0,127600.0,2226400.0,Yes,Frequently,Low,Moderate,1.1552,8.64,-21650.0,15440.0,32.9,0.9105,1
47,Female,Teacher,Unemployed,Single,2,62600.0,0.0,0.0,0.0,62600.0,16800.0,9500.0,9800.0,4500.0,1200.0,11400.0,5800.0,4100.0,8700.0,7000.0,1300.0,80100.0,Education Loan,1855000.0,17.0,360,26450.0,9900.0,0.0,0.0,0.0,9900.0,735,267100.0,1142900.0,1811800.0,No,Occasionally,Moderate,High,0.5807,15.67,-27400.0,18270.0,63.3,0.3726,0
60,Male,Teacher,Salaried,Divorced,0,62100.0,0.0,146000.0,0.0,74266.66666666667,22800.0,5900.0,7300.0,4300.0,700.0,4000.0,0.0,2000.0,11400.0,9300.0,2500.0,70200.0,Personal Loan,2775000.0,17.6,24,138000.0,0.0,0.0,0.0,7000.0,7000.0,583,727100.0,523700.0,617000.0,No,Occasionally,Moderate,Moderate,1.9524,16.2,-2933.33,26420.0,34.2,0.992,1
54,Female,Software Engineer,Salaried,Single,2,40500.0,0.0,105000.0,0.0,49250.0,15700.0,11400.0,5000.0,3000.0,1100.0,2600.0,16000.0,14100.0,10700.0,23800.0,2500.0,105900.0,Vehicle Loan,2739000.0,18.0,240,42270.0,0.0,0.0,0.0,0.0,0.0,581,352800.0,190000.0,333400.0,No,Never,High,Moderate,0.8583,5.13,-56650.0,22160.0,33.0,0.9789,1
32,Male,Sales Executive,Salaried,Married,2,41600.0,5400.0,0.0,0.0,47000.0,13000.0,16000.0,3200.0,2400.0,1800.0,6300.0,7900.0,3300.0,2300.0,11800.0,7600.0,75600.0,Vehicle Loan,945000.0,8.2,60,19250.0,12900.0,0.0,0.0,0.0,12900.0,722,447400.0,433800.0,1342400.0,No,Frequently,High,Moderate,0.684,9.96,-41500.0,8250.0,54.3,0.5298,1
27,Female,Analyst,Self-Employed,Married,0,34100.0,23800.0,0.0,0.0,57900.0,15700.0,16300.0,3200.0,4100.0,2300.0,11200.0,0.0,14200.0,8200.0,9500.0,7500.0,92200.0,Business Loan,2325000.0,13.5,360,26630.0,0.0,0.0,0.0,0.0,0.0,822,65400.0,623300.0,850400.0,No,Never,Low,Moderate,0.4599,7.47,-34300.0,26060.0,59.4,0.1187,0
30,Female,Doctor,Business,Single,0,72000.0,0.0,0.0,36400.0,108400.0,12400.0,9900.0,4900.0,5700.0,700.0,6400.0,0.0,12500.0,1100.0,16700.0,3100.0,73400.0,Personal Loan,3105000.0,16.3,360,42510.0,0.0,0.0,0.0,0.0,0.0,534,797700.0,215500.0,2675100.0,No,Never,Moderate,High,0.3922,13.8,35000.0,48780.0,69.1,0.2417,0
37,Female,Accountant,Salaried,Married,1,30900.0,0.0,0.0,0.0,30900.0,3900.0,13600.0,7700.0,1700.0,1600.0,5500.0,12400.0,2100.0,8000.0,17700.0,1000.0,75200.0,Home Loan,894000.0,10.9,36,29230.0,6400.0,2000.0,0.0,8800.0,17200.0,361,272400.0,500000.0,736600.0,No,Occasionally,Moderate,Moderate,1.5026,8.36,-61500.0,0.0,12.2,0.9999,1
46,Male,Sales Executive,Salaried,Single,1,75000.0,9700.0,0.0,0.0,84700.0,25700.0,8300.0,2300.0,5000.0,1100.0,8200.0,13700.0,7200.0,6100.0,24600.0,4600.0,106800.0,Business Loan,3439000.0,12.1,360,35640.0,0.0,0.0,0.0,1300.0,1300.0,718,837000.0,1271500.0,828400.0,No,Occasionally,Moderate,Low,0.4361,19.51,-23400.0,36820.0,58.0,0.0218,0
41,Male,Analyst,Salaried,Divorced,0,54400.0,0.0,36000.0,0.0,57400.0,9100.0,7700.0,8800.0,3700.0,1800.0,11300.0,0.0,2000.0,6400.0,14600.0,6600.0,72000.0,Vehicle Loan,3290000.0,10.5,180,36370.0,0.0,0.0,0.0,0.0,0.0,411,46900.0,615600.0,322800.0,No,Never,Low,High,0.6336,9.2,-14600.0,25830.0,40.1,0.985,1
48,Other,Software Engineer,Salaried,Single,1,47900.0,0.0,0.0,0.0,47900.0,9000.0,7900.0,9500.0,3600.0,1600.0,1500.0,7400.0,5600.0,7500.0,19300.0,2900.0,75800.0,Business Loan,2513000.0,7.9,360,18260.0,0.0,0.0,0.0,10000.0,10000.0,313,61800.0,217100.0,1010100.0,No,Never,High,Low,0.59,3.25,-37900.0,11560.0,25.4,0.9991,1
22,Male,Accountant,Salaried,Divorced,0,35300.0,0.0,51000.0,0.0,39550.0,5400.0,9700.0,9100.0,5800.0,2400.0,2700.0,0.0,5900.0,9200.0,10800.0,4100.0,65100.0,Business Loan,1589000.0,8.3,180,15460.0,0.0,0.0,0.0,0.0,0.0,436,294700.0,735800.0,594800.0,No,Frequently,High,High,0.3909,15.83,-25550.0,17800.0,49.4,0.7067,1
63,Female,Manager,Salaried,Single,0,24900.0,0.0,0.0,0.0,24900.0,3700.0,12300.0,9300.0,4000.0,600.0,2500.0,0.0,9400.0,9000.0,5900.0,2200.0,58900.0,Business Loan,757000.0,7.7,240,6190.0,0.0,0.0,0.0,0.0,0.0,306,21700.0,400600.0,366400.0,No,Occasionally,High,High,0.2486,7.17,-34000.0,11200.0,46.9,0.9809,1
21,Female,Teacher,Salaried,Married,0,35500.0,0.0,0.0,0.0,35500.0,10400.0,8000.0,2100.0,5200.0,1400.0,1900.0,0.0,14700.0,1500.0,11900.0,3300.0,60400.0,Business Loan,1005000.0,13.0,48,26960.0,0.0,0.0,0.0,0.0,0.0,322,21600.0,193100.0,581700.0,No,Never,Low,Moderate,0.7594,3.55,-24900.0,15980.0,26.5,0.9993,1
56,Female,Business Owner,Salaried,Married,0,41600.0,17900.0,106000.0,0.0,68333.33333333333,11300.0,15800.0,9800.0,3600.0,900.0,4300.0,0.0,3400.0,9100.0,11600.0,6300.0,76100.0,Vehicle Loan,3300000.0,14.0,60,76790.0,0.0,0.0,9400.0,7300.0,16700.0,612,388000.0,1023900.0,52600.0,No,Never,Low,High,1.3681,15.21,-24466.67,14050.0,37.7,0.9469,1
46,Male,Other,Salaried,Married,2,15000.0,0.0,18000.0,0.0,16500.0,3500.0,21700.0,4900.0,2200.0,1600.0,3500.0,3800.0,5600.0,10100.0,11700.0,4000.0,72600.0,Personal Loan,281000.0,10.7,120,3820.0,3400.0,0.0,0.0,1300.0,4700.0,754,91200.0,48300.0,2500.0,No,Never,Low,Low,0.5164,1.8,-60800.0,2720.0,47.9,0.689,1
49,Female,Teacher,Business,Single,4,44400.0,0.0,55000.0,72900.0,121883.33333333334,16800.0,13700.0,9000.0,4500.0,2200.0,7000.0,12300.0,9200.0,1700.0,18000.0,4100.0,98500.0,Personal Loan,4549000.0,16.2,48,129390.0,0.0,0.0,10300.0,6300.0,16600.0,492,771300.0,396200.0,1148600.0,No,Occasionally,Moderate,High,1.1978,10.14,6783.33,38250.0,27.2,0.9813,1
41,Female,Business Owner,Business,Married,1,77800.0,8800.0,0.0,92300.0,178900.0,48200.0,6300.0,3500.0,5600.0,2300.0,4600.0,8800.0,3400.0,4600.0,11300.0,6500.0,105100.0,Education Loan,5863000.0,16.8,240,85110.0,0.0,0.0,23200.0,0.0,23200.0,447,113400.0,1690100.0,1737200.0,Yes,Never,Low,Moderate,0.6054,14.06,50600.0,57300.0,60.8,0.7312,1
31,Male,Analyst,Salaried,Single,1,65100.0,0.0,195000.0,0.0,81350.0,22900.0,17100.0,5600.0,5200.0,1300.0,5500.0,16900.0,10900.0,9700.0,23900.0,6300.0,125300.0,Education Loan,3312000.0,9.0,60,68750.0,0.0,0.0,7100.0,5700.0,12800.0,868,429600.0,1166000.0,1754100.0,No,Frequently,Low,Low,1.0025,11.55,-56750.0,23810.0,50.2,0.4192,0
60,Female,Manager,Salaried,Married,0,38200.0,0.0,0.0,0.0,38200.0,7300.0,6700.0,2400.0,2000.0,2100.0,11400.0,0.0,6700.0,6400.0,24600.0,2300.0,71900.0,Home Loan,585000.0,8.0,36,18330.0,0.0,0.0,0.0,0.0,0.0,654,123100.0,704000.0,373200.0,No,Never,Low,Low,0.4798,11.5,-33700.0,17190.0,53.7,0.4598,1
31,Male,Accountant,Salaried,Single,1,50200.0,0.0,0.0,0.0,50200.0,14900.0,10900.0,2300.0,2600.0,1100.0,2700.0,14000.0,14300.0,8600.0,14000.0,3900.0,89300.0,Personal Loan,2172000.0,10.9,12,191860.0,0.0,5600.0,0.0,4700.0,10300.0,849,385700.0,976300.0,541500.0,Yes,Never,Moderate,Moderate,4.0271,13.67,-49400.0,12290.0,48.9,1.0,1
56,Male,Analyst,Salaried,Divorced,0,37100.0,8600.0,0.0,0.0,45700.0,7300.0,9500.0,9500.0,3600.0,500.0,5300.0,0.0,9800.0,6500.0,14800.0,6900.0,73700.0,Business Loan,1804000.0,15.0,12,162830.0,0.0,0.0,0.0,0.0,0.0,543,174000.0,646500.0,753400.0,No,Never,Moderate,High,3.563,11.13,-28000.0,20560.0,30.5,1.0,1
59,Male,Teacher,Self-Employed,Single,2,52800.0,0.0,131000.0,0.0,63716.666666666664,17400.0,20800.0,8500.0,3900.0,2200.0,3800.0,12500.0,6100.0,11800.0,11400.0,4200.0,102600.0,Education Loan,950000.0,12.8,240,10990.0,0.0,0.0,0.0,0.0,0.0,307,247700.0,1011900.0,1130900.0,No,Occasionally,Low,High,0.1725,12.28,-38883.33,28670.0,55.4,0.9481,1
60,Male,Teacher,Salaried,Single,3,105900.0,0.0,0.0,0.0,105900.0,29900.0,19200.0,6200.0,2000.0,700.0,7000.0,8000.0,11100.0,11300.0,10200.0,5600.0,111200.0,Business Loan,3148000.0,12.6,36,105460.0,0.0,0.0,0.0,1500.0,1500.0,318,711100.0,1133000.0,1058900.0,No,Occasionally,Moderate,Low,1.01,16.36,-6800.0,46160.0,28.7,0.9854,1
55,Female,Accountant,Business,Single,0,79600.0,20500.0,117000.0,155100.0,264950.0,90700.0,4600.0,6200.0,2200.0,500.0,9100.0,0.0,12700.0,4100.0,24700.0,3100.0,157900.0,Home Loan,11214000.0,9.1,48,279590.0,0.0,0.0,0.0,0.0,0.0,845,1795400.0,546400.0,4436100.0,Yes,Never,Moderate,High,1.0553,14.83,107050.0,119230.0,67.2,0.0598,0
54,Male,Other,Business,Married,2,63600.0,5200.0,62000.0,46300.0,120266.66666666667,19000.0,8200.0,8000.0,4800.0,1200.0,10000.0,13500.0,12200.0,5200.0,2900.0,1400.0,86400.0,Personal Loan,6565000.0,11.2,180,75440.0,0.0,0.0,8900.0,0.0,8900.0,763,126700.0,406600.0,2229100.0,No,Never,High,Moderate,0.7013,5.6,24966.67,45220.0,57.6,0.3843,0
44,Male,Business Owner,Salaried,Single,0,38300.0,19700.0,111000.0,0.0,67250.0,8300.0,6800.0,4700.0,4700.0,1300.0,6700.0,0.0,4700.0,5700.0,11400.0,2200.0,56500.0,Vehicle Loan,788000.0,17.6,12,72090.0,0.0,0.0,0.0,0.0,0.0,562,433600.0,1307700.0,527100.0,No,Never,Moderate,High,1.072,30.82,10750.0,30260.0,41.5,0.0692,0
42,Male,Analyst,Salaried,Married,1,71300.0,0.0,0.0,0.0,71300.0,11800.0,10500.0,8100.0,5200.0,700.0,10400.0,19700.0,6800.0,2100.0,5500.0,3800.0,84600.0,Home Loan,391000.0,11.1,120,5410.0,10900.0,9000.0,10200.0,14900.0,45000.0,320,481200.0,603700.0,504300.0,No,Never,Low,Moderate,0.707,8.37,-58300.0,0.0,31.3,0.9975,1
25,Female,Manager,Salaried,Married,0,21100.0,0.0,0.0,0.0,21100.0,2800.0,10800.0,5900.0,5700.0,2100.0,9600.0,0.0,7300.0,5400.0,18700.0,3500.0,71800.0,Vehicle Loan,297000.0,13.7,12,26620.0,0.0,0.0,0.0,11200.0,11200.0,343,102300.0,330500.0,563600.0,No,Never,Moderate,Low,1.7924,5.21,-61900.0,0.0,16.8,1.0,1
53,Female,Teacher,Salaried,Married,1,43200.0,0.0,0.0,0.0,43200.0,6200.0,17700.0,7100.0,2500.0,1300.0,2700.0,11800.0,6400.0,9500.0,6500.0,7300.0,79000.0,Personal Loan,2567000.0,8.1,36,80560.0,0.0,0.0,0.0,11900.0,11900.0,580,361400.0,224200.0,839100.0,No,Frequently,Low,Low,2.1403,6.44,-47700.0,7540.0,26.3,0.9999,1
56,Male,Analyst,Salaried,Married,0,65600.0,0.0,0.0,0.0,65600.0,12000.0,8400.0,9700.0,5300.0,1500.0,3700.0,0.0,5400.0,10300.0,22300.0,4800.0,83400.0,Vehicle Loan,3100000.0,8.2,48,75970.0,17400.0,12100.0,0.0,0.0,29500.0,429,38500.0,729800.0,612200.0,No,Occasionally,Low,Moderate,1.6078,6.81,-47300.0,20.0,20.2,0.9998,1
40,Male,Other,Salaried,Single,1,71000.0,17400.0,211000.0,0.0,105983.33333333333,21600.0,11300.0,5800.0,4300.0,1000.0,8400.0,17100.0,11500.0,10700.0,10600.0,5400.0,107700.0,Personal Loan,4111000.0,12.0,180,49340.0,0.0,0.0,0.0,4100.0,4100.0,627,1028000.0,413500.0,1751200.0,No,Never,High,Low,0.5042,12.89,-5816.67,43590.0,54.4,0.3204,0
39,Female,Analyst,Business,Married,1,68500.0,0.0,46000.0,80800.0,153133.3333333333,49900.0,10600.0,5300.0,5800.0,1500.0,11700.0,12300.0,1200.0,1200.0,23100.0,5800.0,128400.0,Business Loan,1886000.0,13.8,24,90370.0,0.0,0.0,0.0,0.0,0.0,405,623600.0,2506200.0,3249800.0,No,Never,Moderate,High,0.5901,24.38,24733.33,68910.0,49.6,0.4001,0
55,Male,Accountant,Salaried,Single,0,56800.0,18000.0,148000.0,0.0,87133.33333333333,13000.0,4100.0,9200.0,2400.0,2000.0,5100.0,0.0,5100.0,9700.0,24700.0,4700.0,80000.0,Home Loan,2429000.0,11.4,240,25740.0,0.0,0.0,12400.0,0.0,12400.0,748,536700.0,365400.0,59200.0,No,Frequently,High,Moderate,0.4377,9.76,-5266.67,26810.0,55.3,0.0639,0
63,Male,Manager,Salaried,Married,2,44500.0,0.0,62000.0,0.0,49666.666666666664,17000.0,21400.0,9200.0,2300.0,2300.0,3500.0,19000.0,3000.0,6500.0,19700.0,6400.0,110300.0,Business Loan,2202000.0,9.4,120,28370.0,0.0,0.0,0.0,0.0,0.0,761,41000.0,715800.0,1370600.0,No,Never,Low,Moderate,0.5712,6.86,-60633.33,22350.0,54.3,0.3682,0
37,Male,Software Engineer,Salaried,Single,3,64200.0,0.0,99000.0,0.0,72450.0,21900.0,11900.0,9900.0,4500.0,2400.0,10600.0,13500.0,2800.0,3300.0,16300.0,6500.0,103600.0,Personal Loan,3932000.0,15.2,24,191020.0,0.0,0.0,0.0,11200.0,11200.0,691,524100.0,280200.0,1558900.0,Yes,Never,Low,Moderate,2.7912,7.01,-42350.0,21400.0,29.3,1.0,1
63,Female,Accountant,Self-Employed,Married,1,30400.0,2800.0,0.0,0.0,33200.0,10600.0,10000.0,6400.0,5600.0,1400.0,3200.0,15100.0,4900.0,6500.0,5400.0,3500.0,72600.0,Personal Loan,863000.0,9.0,36,27440.0,9600.0,0.0,0.0,0.0,9600.0,334,188100.0,549600.0,390700.0,No,Never,Low,Moderate,1.1157,8.97,-49000.0,5340.0,21.8,0.9997,1
54,Male,Analyst,Salaried,Single,0,32100.0,0.0,23000.0,0.0,34016.666666666664,11300.0,5800.0,4800.0,5100.0,2500.0,8700.0,0.0,11700.0,10300.0,23500.0,1600.0,85300.0,Business Loan,2040000.0,14.5,48,56260.0,0.0,0.0,2100.0,10300.0,12400.0,778,327400.0,359100.0,951400.0,No,Never,Low,Low,2.0184,7.03,-63683.33,2910.0,34.6,0.9961,1
29,Male,Software Engineer,Business,Married,0,50600.0,5500.0,0.0,81500.0,137600.0,39700.0,10900.0,3900.0,4600.0,1100.0,1400.0,0.0,14600.0,5800.0,19900.0,7900.0,109800.0,Business Loan,1746000.0,17.5,120,30900.0,0.0,12300.0,0.0,5100.0,17400.0,450,621100.0,1215800.0,230500.0,No,Occasionally,Low,Low,0.351,14.44,10400.0,44520.0,56.6,0.2755,0
46,Male,Teacher,Salaried,Single,3,53500.0,20900.0,154000.0,0.0,87233.33333333333,25900.0,23100.0,2300.0,2900.0,500.0,1200.0,7500.0,8200.0,11900.0,8600.0,5500.0,97600.0,Business Loan,2293000.0,12.4,12,204160.0,0.0,0.0,0.0,0.0,0.0,601,641800.0,645400.0,1973700.0,Yes,Never,Low,High,2.3404,13.19,-10366.67,39260.0,33.8,0.9996,1
22,Other,Software Engineer,Salaried,Married,1,19700.0,0.0,44000.0,0.0,23366.666666666668,4900.0,7400.0,7800.0,4600.0,2000.0,6000.0,5000.0,5700.0,7800.0,12800.0,6000.0,70000.0,Home Loan,1242000.0,9.6,60,26150.0,0.0,2200.0,0.0,14200.0,16400.0,370,28200.0,328700.0,368900.0,No,Never,Low,Moderate,1.821,4.13,-63033.33,0.0,15.8,1.0,1
29,Male,Other,Salaried,Single,1,61500.0,0.0,147000.0,0.0,73750.0,16800.0,12200.0,3900.0,5000.0,900.0,8200.0,17400.0,12600.0,6400.0,3600.0,6300.0,93300.0,Home Loan,3005000.0,16.3,240,42490.0,0.0,0.0,0.0,0.0,0.0,813,82100.0,197100.0,1470800.0,No,Occasionally,Low,Moderate,0.5761,2.99,-19550.0,33190.0,47.3,0.4407,0
29,Female,Doctor,Salaried,Married,0,72100.0,0.0,0.0,0.0,72100.0,24000.0,4300.0,6900.0,4800.0,600.0,2600.0,0.0,1900.0,4200.0,17200.0,5300.0,71800.0,Personal Loan,3576000.0,12.8,180,44780.0,0.0,0.0,0.0,0.0,0.0,510,686100.0,1245000.0,1019600.0,No,Frequently,High,Moderate,0.6211,26.9,300.0,32440.0,47.3,0.0813,0
60,Male,Other,Self-Employed,Married,1,47200.0,19800.0,31000.0,0.0,69583.33333333333,13500.0,16800.0,9300.0,4400.0,2300.0,9400.0,9900.0,2300.0,1100.0,4900.0,4300.0,78200.0,Education Loan,3822000.0,17.2,36,136650.0,0.0,0.0,0.0,9700.0,9700.0,391,202200.0,1076000.0,307300.0,Yes,Never,Moderate,High,2.1032,14.54,-18316.67,21610.0,25.2,0.9999,1
37,Male,Accountant,Salaried,Married,0,160700.0,0.0,162000.0,0.0,174200.0,19200.0,13000.0,9600.0,1200.0,2100.0,2400.0,0.0,5800.0,7700.0,17000.0,7900.0,85900.0,Business Loan,5732000.0,15.1,24,278200.0,38500.0,16800.0,0.0,5800.0,61100.0,849,1597000.0,1408600.0,1362900.0,No,Occasionally,Low,Low,1.9478,20.45,27200.0,17290.0,47.6,0.4604,1
21,Female,Doctor,Self-Employed,Married,3,34800.0,20100.0,60000.0,0.0,59900.0,17400.0,19800.0,2000.0,4300.0,700.0,6900.0,6400.0,7300.0,7400.0,17400.0,6100.0,95700.0,Vehicle Loan,1073000.0,12.0,24,50510.0,0.0,0.0,0.0,0.0,0.0,335,79800.0,1172500.0,832100.0,No,Occasionally,Low,High,0.8432,13.09,-35800.0,26960.0,30.6,0.9916,1
45,Male,Accountant,Salaried,Divorced,3,40900.0,0.0,58000.0,0.0,45733.333333333336,11100.0,16600.0,4500.0,3400.0,2100.0,4400.0,3200.0,12200.0,6700.0,9500.0,6900.0,80600.0,Vehicle Loan,1974000.0,14.0,60,45930.0,0.0,0.0,0.0,0.0,0.0,735,299900.0,768700.0,1260600.0,No,Never,Low,Low,1.0043,13.26,-34866.67,20580.0,43.4,0.6061,1
63,Female,Manager,Salaried,Married,0,40200.0,6400.0,0.0,0.0,46600.0,14200.0,16700.0,8700.0,5800.0,2200.0,9300.0,0.0,14000.0,6900.0,23800.0,4100.0,105700.0,Vehicle Loan,1677000.0,9.3,240,15410.0,0.0,9100.0,0.0,0.0,9100.0,780,267500.0,286400.0,95500.0,No,Never,Low,High,0.526,4.82,-68200.0,11870.0,52.9,0.3172,0
60,Female,Sales Executive,Salaried,Married,1,47200.0,14700.0,0.0,0.0,61900.0,7400.0,11700.0,6300.0,4000.0,2300.0,9800.0,5500.0,8400.0,10300.0,19900.0,7300.0,92900.0,Business Loan,2940000.0,11.6,120,41500.0,19200.0,0.0,0.0,0.0,19200.0,680,599100.0,1106000.0,194400.0,No,Occasionally,High,High,0.9806,15.21,-50200.0,8660.0,40.3,0.5889,1
62,Female,Teacher,Salaried,Married,0,41600.0,0.0,22000.0,0.0,43433.333333333336,11100.0,11200.0,8500.0,4000.0,1600.0,1700.0,0.0,7900.0,4500.0,13400.0,6100.0,70000.0,Education Loan,1440000.0,13.7,120,22100.0,0.0,5700.0,0.0,0.0,5700.0,829,188400.0,125100.0,199000.0,No,Frequently,Moderate,Moderate,0.6401,4.14,-32266.67,13840.0,52.9,0.3774,0
45,Male,Teacher,Self-Employed,Married,1,24300.0,0.0,52000.0,0.0,28633.333333333332,4600.0,15700.0,8800.0,6000.0,1900.0,3100.0,17200.0,4000.0,7100.0,23100.0,6200.0,97700.0,Education Loan,1421000.0,13.7,180,18640.0,0.0,0.0,0.0,0.0,0.0,721,27500.0,403800.0,543000.0,Yes,Occasionally,Moderate,Low,0.651,4.41,-69066.67,12880.0,43.8,0.8352,1
59,Female,Analyst,Self-Employed,Single,3,37300.0,0.0,19000.0,0.0,38883.333333333336,12700.0,17300.0,5500.0,1500.0,2000.0,10800.0,5000.0,7300.0,8500.0,21700.0,1600.0,93900.0,Home Loan,2123000.0,13.7,12,190320.0,9900.0,0.0,0.0,0.0,9900.0,437,194600.0,135900.0,427300.0,No,Never,Moderate,Low,5.1492,3.18,-64916.67,7600.0,16.0,1.0,1
55,Male,Business Owner,Salaried,Married,1,46700.0,0.0,0.0,0.0,46700.0,6000.0,8700.0,4900.0,2400.0,1900.0,5600.0,4600.0,13900.0,3300.0,17900.0,5300.0,74500.0,Education Loan,2159000.0,15.3,36,75160.0,14200.0,0.0,0.0,13800.0,28000.0,506,389000.0,912600.0,209100.0,No,Never,Low,Moderate,2.209,12.7,-55800.0,0.0,31.8,0.9999,1
23,Female,Accountant,Salaried,Married,0,90600.0,0.0,0.0,0.0,90600.0,28200.0,8400.0,5600.0,4300.0,1800.0,6200.0,0.0,6500.0,11200.0,5500.0,3300.0,81000.0,Vehicle Loan,4159000.0,8.6,60,85530.0,0.0,6000.0,0.0,0.0,6000.0,614,90500.0,176200.0,331500.0,Yes,Occasionally,Moderate,Moderate,1.0103,3.07,3600.0,34770.0,26.0,0.9684,1
57,Female,Sales Executive,Salaried,Single,0,147400.0,0.0,0.0,0.0,147400.0,18000.0,5300.0,7200.0,2600.0,1600.0,2800.0,0.0,3900.0,9100.0,13400.0,5700.0,69600.0,Vehicle Loan,5497000.0,8.3,180,53490.0,0.0,0.0,0.0,0.0,0.0,764,124400.0,799300.0,2981100.0,Yes,Never,Low,High,0.3629,13.27,77800.0,66330.0,89.7,0.0084,0
64,Female,Sales Executive,Salaried,Married,2,95600.0,21000.0,0.0,0.0,116600.0,12400.0,14100.0,4900.0,2700.0,1500.0,11900.0,3900.0,5700.0,1600.0,21900.0,5000.0,85600.0,Business Loan,3608000.0,9.1,120,45900.0,40500.0,11300.0,0.0,0.0,51800.0,417,968600.0,1291000.0,1618100.0,No,Occasionally,Low,Moderate,0.8379,16.45,-20800.0,670.0,34.4,0.9443,1
64,Male,Other,Salaried,Single,2,33300.0,3700.0,0.0,0.0,37000.0,5900.0,16500.0,8200.0,5500.0,2500.0,11200.0,4400.0,8200.0,10500.0,16000.0,1800.0,90700.0,Home Loan,2164000.0,15.8,12,196140.0,0.0,0.0,2800.0,0.0,2800.0,623,308100.0,447500.0,968800.0,No,Occasionally,Low,Moderate,5.3768,8.08,-56500.0,13850.0,33.7,1.0,1
50,Female,Other,Salaried,Single,1,34600.0,6500.0,0.0,0.0,41100.0,7500.0,7700.0,9200.0,3900.0,1200.0,1000.0,14600.0,9400.0,11200.0,14500.0,4700.0,84900.0,Personal Loan,1664000.0,8.2,360,12440.0,0.0,0.0,0.0,6300.0,6300.0,518,98600.0,441600.0,498200.0,No,Never,High,High,0.456,5.92,-50100.0,12200.0,46.6,0.9168,1
58,Male,Business Owner,Salaried,Married,0,45300.0,0.0,49000.0,0.0,49383.333333333336,12700.0,12800.0,4300.0,1500.0,700.0,7100.0,0.0,7100.0,9700.0,24000.0,4200.0,84100.0,Home Loan,2529000.0,9.9,36,81490.0,0.0,0.0,0.0,14200.0,14200.0,562,333100.0,743800.0,971500.0,No,Never,Low,Low,1.9377,10.96,-48916.67,8020.0,25.4,0.9991,1
54,Female,Analyst,Salaried,Married,0,119600.0,16400.0,213000.0,0.0,153750.0,20400.0,16500.0,9700.0,2600.0,2000.0,10600.0,0.0,11600.0,5700.0,2400.0,6400.0,87900.0,Personal Loan,5043000.0,10.2,180,54810.0,0.0,0.0,13300.0,0.0,13300.0,463,170800.0,158300.0,3670800.0,No,Occasionally,Low,Moderate,0.443,3.25,52550.0,55890.0,53.1,0.9554,1
32,Male,Software Engineer,Salaried,Married,4,45100.0,0.0,0.0,0.0,45100.0,9400.0,16700.0,7000.0,1400.0,900.0,5700.0,9900.0,9200.0,11900.0,2300.0,4500.0,78900.0,Home Loan,1602000.0,14.3,12,144070.0,0.0,8000.0,0.0,3500.0,11500.0,520,350600.0,528200.0,1290300.0,No,Never,High,Moderate,3.4494,9.72,-45300.0,8800.0,25.2,1.0,1
39,Male,Other,Salaried,Divorced,1,25200.0,0.0,45000.0,0.0,28950.0,4400.0,9100.0,9000.0,3800.0,1600.0,5800.0,19500.0,10300.0,2400.0,22500.0,4400.0,92800.0,Education Loan,1200000.0,11.7,12,106450.0,0.0,0.0,0.0,0.0,0.0,603,98400.0,367200.0,755000.0,No,Frequently,Moderate,Moderate,3.677,5.02,-63850.0,13030.0,30.0,1.0,1
57,Female,Analyst,Salaried,Married,1,38200.0,0.0,34000.0,0.0,41033.333333333336,12900.0,18500.0,2800.0,1900.0,700.0,5200.0,14800.0,13100.0,6900.0,2900.0,6000.0,85700.0,Home Loan,1849000.0,9.6,12,162210.0,0.0,0.0,0.0,0.0,0.0,818,110400.0,204000.0,954400.0,No,Never,Moderate,Low,3.9531,3.67,-44666.67,18460.0,32.9,1.0,1
64,Female,Manager,Salaried,Single,1,71600.0,0.0,0.0,0.0,71600.0,8000.0,15700.0,4000.0,5300.0,1700.0,1300.0,3800.0,13100.0,2900.0,9600.0,5700.0,71100.0,Business Loan,2124000.0,12.2,48,56140.0,0.0,0.0,0.0,0.0,0.0,538,496700.0,968300.0,886900.0,No,Occasionally,Moderate,High,0.7841,20.6,500.0,32220.0,38.1,0.3951,0
37,Male,Teacher,Unemployed,Single,2,69200.0,0.0,137000.0,0.0,80616.66666666667,15200.0,9500.0,4600.0,3900.0,2400.0,9700.0,8600.0,3800.0,5800.0,23300.0,7900.0,94700.0,Personal Loan,1983000.0,14.7,12,178700.0,0.0,6000.0,0.0,0.0,6000.0,775,738400.0,1082300.0,2376900.0,No,Occasionally,High,Moderate,2.2911,18.08,-20083.33,30280.0,44.7,0.994,1
30,Female,Teacher,Salaried,Married,0,44400.0,0.0,25000.0,0.0,46483.333333333336,12000.0,9700.0,4400.0,1300.0,1900.0,6000.0,0.0,9700.0,11200.0,17900.0,3500.0,77600.0,Education Loan,845000.0,15.8,12,76590.0,0.0,0.0,0.0,1500.0,1500.0,820,41600.0,514700.0,369200.0,No,Occasionally,High,Low,1.68,7.03,-32616.67,19420.0,38.2,0.9843,1
32,Male,Analyst,Salaried,Single,0,69000.0,7100.0,0.0,0.0,76100.0,25000.0,13400.0,3400.0,2500.0,900.0,6800.0,0.0,11000.0,9700.0,16900.0,5800.0,95400.0,Education Loan,2154000.0,8.8,360,17020.0,20100.0,0.0,4400.0,0.0,24500.0,542,142000.0,451000.0,1509700.0,Yes,Occasionally,High,Moderate,0.5456,4.95,-43800.0,9740.0,43.4,0.9473,1
36,Male,Business Owner,Salaried,Married,1,15700.0,0.0,0.0,0.0,15700.0,5000.0,14000.0,8900.0,4100.0,2400.0,3800.0,3000.0,3000.0,9600.0,17100.0,2200.0,73100.0,Home Loan,261000.0,15.0,240,3440.0,0.0,0.0,0.0,0.0,0.0,548,46000.0,140000.0,61500.0,No,Never,Moderate,Low,0.2191,2.54,-57400.0,7060.0,49.2,0.914,1
44,Male,Sales Executive,Salaried,Married,2,51600.0,20800.0,0.0,0.0,72400.0,23400.0,16700.0,5300.0,2700.0,1100.0,9600.0,4300.0,12800.0,4900.0,9300.0,6600.0,96700.0,Education Loan,2022000.0,7.5,60,40520.0,0.0,0.0,0.0,0.0,0.0,473,674300.0,447200.0,1316100.0,No,Never,Low,Moderate,0.5597,11.6,-24300.0,32580.0,42.9,0.9096,1
39,Male,Business Owner,Self-Employed,Single,2,75400.0,0.0,87000.0,0.0,82650.0,9600.0,15900.0,9700.0,3600.0,1400.0,9700.0,11900.0,3500.0,11300.0,14200.0,6500.0,97300.0,Vehicle Loan,4389000.0,15.1,24,213020.0,0.0,0.0,10000.0,2400.0,12400.0,383,730000.0,1291400.0,1710600.0,No,Occasionally,Moderate,High,2.7274,18.43,-27050.0,24790.0,29.5,1.0,1
28,Male,Analyst,Salaried,Married,3,32300.0,0.0,0.0,0.0,32300.0,10000.0,21200.0,6700.0,5500.0,1500.0,7100.0,13700.0,12200.0,5100.0,16500.0,6100.0,105600.0,Vehicle Loan,1897000.0,14.4,180,25770.0,0.0,3100.0,0.0,1300.0,4400.0,408,294500.0,411900.0,87500.0,Yes,Occasionally,Low,Moderate,0.9341,6.42,-77700.0,10140.0,26.1,0.9989,1
51,Female,Accountant,Business,Married,1,32300.0,0.0,0.0,41700.0,74000.0,21800.0,10500.0,3100.0,2800.0,2500.0,11000.0,4600.0,3300.0,1400.0,9000.0,1800.0,71800.0,Vehicle Loan,2719000.0,12.4,12,242090.0,0.0,0.0,0.0,14200.0,14200.0,389,303000.0,286600.0,654800.0,No,Never,Moderate,Low,3.4634,6.86,-12000.0,19100.0,22.9,1.0,1
41,Male,Doctor,Business,Married,0,19300.0,17900.0,53000.0,19100.0,60716.666666666664,19800.0,13900.0,6400.0,2700.0,600.0,2300.0,0.0,11400.0,8000.0,20300.0,7900.0,93300.0,Home Loan,791000.0,8.9,360,6310.0,0.0,0.0,0.0,0.0,0.0,430,164000.0,715500.0,1168500.0,No,Never,High,Moderate,0.1039,9.43,-32583.33,27320.0,56.4,0.5952,1
37,Male,Teacher,Salaried,Divorced,4,108500.0,0.0,0.0,0.0,108500.0,19300.0,25900.0,9900.0,5100.0,1900.0,9700.0,13500.0,3100.0,5000.0,9400.0,7600.0,110400.0,Personal Loan,3094000.0,15.5,12,279990.0,36400.0,0.0,15500.0,13600.0,65500.0,724,251800.0,1970600.0,1959900.0,No,Never,Low,Moderate,3.1842,12.63,-67400.0,0.0,38.2,1.0,1
43,Female,Analyst,Salaried,Married,1,34200.0,0.0,92000.0,0.0,41866.666666666664,13700.0,11500.0,6500.0,2600.0,1200.0,7100.0,19000.0,6300.0,2700.0,3600.0,3600.0,77800.0,Home Loan,1596000.0,8.3,36,50230.0,0.0,0.0,0.0,0.0,0.0,320,371700.0,704300.0,839300.0,No,Occasionally,Moderate,Moderate,1.1998,13.83,-35933.33,18840.0,17.0,0.9989,1
57,Male,Sales Executive,Self-Employed,Single,2,55300.0,0.0,0.0,0.0,55300.0,11100.0,19100.0,2000.0,1400.0,700.0,3500.0,17300.0,3000.0,11300.0,6600.0,5000.0,81000.0,Business Loan,1404000.0,16.9,120,24310.0,0.0,0.0,3600.0,0.0,3600.0,840,149100.0,991700.0,206500.0,No,Occasionally,Low,Moderate,0.5047,13.48,-29300.0,21280.0,62.3,0.0476,0
36,Male,Doctor,Salaried,Married,2,66300.0,0.0,48000.0,0.0,70300.0,18200.0,11400.0,9500.0,1900.0,2400.0,2500.0,19000.0,4800.0,8000.0,11400.0,7200.0,96300.0,Education Loan,1145000.0,15.6,48,32220.0,24400.0,0.0,0.0,0.0,24400.0,556,389700.0,1295100.0,1086800.0,No,Occasionally,Low,Moderate,0.8054,13.96,-50400.0,7240.0,47.7,0.8957,1
26,Female,Manager,Salaried,Married,1,104400.0,8200.0,0.0,0.0,112600.0,23200.0,9900.0,3900.0,5700.0,1700.0,4300.0,19400.0,14800.0,11300.0,22900.0,4500.0,121600.0,Vehicle Loan,1968000.0,15.3,24,95700.0,20900.0,0.0,0.0,6900.0,27800.0,448,411200.0,515300.0,3133500.0,No,Never,Moderate,Moderate,1.0968,6.2,-36800.0,22870.0,25.5,0.9965,1
28,Female,Other,Salaried,Married,0,45400.0,0.0,0.0,0.0,45400.0,9400.0,17100.0,7500.0,5700.0,2000.0,10400.0,0.0,2500.0,7400.0,11600.0,5200.0,78800.0,Home Loan,1410000.0,15.4,60,33840.0,9500.0,0.0,0.0,0.0,9500.0,410,237900.0,666200.0,1299000.0,Yes,Occasionally,Low,Moderate,0.9546,10.24,-42900.0,10930.0,32.6,0.9962,1
45,Female,Accountant,Salaried,Married,2,37400.0,0.0,0.0,0.0,37400.0,8900.0,8400.0,6100.0,2100.0,1000.0,9700.0,11300.0,6700.0,1700.0,4100.0,5200.0,65200.0,Home Loan,632000.0,8.2,12,55040.0,0.0,0.0,0.0,12400.0,12400.0,878,141600.0,495300.0,142200.0,No,Never,High,High,1.8032,8.21,-40200.0,4430.0,42.2,0.96,1
38,Female,Other,Salaried,Married,2,53500.0,6700.0,39000.0,0.0,63450.0,12000.0,11000.0,4600.0,3800.0,2000.0,8100.0,7800.0,10500.0,1300.0,6500.0,5500.0,73100.0,Education Loan,1188000.0,17.9,12,108860.0,10800.0,8600.0,0.0,8100.0,27500.0,612,208300.0,103700.0,1702500.0,No,Occasionally,High,Low,2.1491,3.1,-37150.0,1050.0,23.1,0.9999,1
45,Female,Doctor,Salaried,Single,1,93200.0,0.0,0.0,0.0,93200.0,27800.0,12800.0,4300.0,1700.0,2200.0,2000.0,11600.0,2300.0,10900.0,14500.0,5000.0,95100.0,Home Loan,4941000.0,16.5,120,84310.0,0.0,0.0,0.0,0.0,0.0,471,425000.0,1471200.0,1611800.0,No,Never,High,Moderate,0.9046,19.94,-1900.0,41940.0,35.8,0.8541,1
32,Male,Doctor,Business,Married,1,45000.0,7600.0,66000.0,55100.0,113200.0,29300.0,11600.0,9400.0,4400.0,1400.0,11500.0,5600.0,2500.0,1400.0,6100.0,3800.0,87000.0,Vehicle Loan,5416000.0,12.8,360,59070.0,0.0,0.0,0.0,0.0,0.0,655,414600.0,558800.0,2556900.0,No,Never,Low,High,0.5218,11.19,26200.0,50940.0,62.2,0.1516,0
35,Female,Other,Salaried,Married,0,30400.0,18300.0,38000.0,0.0,51866.666666666664,14100.0,12800.0,9300.0,1900.0,1600.0,4400.0,0.0,3000.0,7800.0,3500.0,4800.0,63200.0,Education Loan,417000.0,15.1,180,5860.0,0.0,0.0,2600.0,0.0,2600.0,782,439700.0,955500.0,234400.0,No,Never,Moderate,Low,0.1631,21.2,-13933.33,20740.0,70.9,0.0011,0
46,Male,Sales Executive,Self-Employed,Single,0,22700.0,15300.0,19000.0,0.0,39583.333333333336,6200.0,6700.0,6100.0,1200.0,2400.0,7700.0,0.0,10000.0,4300.0,18400.0,7100.0,70100.0,Personal Loan,895000.0,15.3,48,25040.0,11400.0,0.0,0.0,11400.0,22800.0,728,238100.0,667800.0,876200.0,No,Occasionally,High,Moderate,1.2086,9.75,-53316.67,0.0,36.6,0.8995,1
61,Female,Sales Executive,Salaried,Single,0,26600.0,0.0,0.0,0.0,26600.0,9100.0,5000.0,4100.0,5100.0,2200.0,9800.0,0.0,13700.0,8600.0,20000.0,7000.0,84600.0,Vehicle Loan,911000.0,16.2,240,12810.0,0.0,0.0,0.0,6600.0,6600.0,361,57800.0,415200.0,56700.0,No,Occasionally,High,High,0.7297,5.19,-64600.0,5370.0,27.1,0.9985,1
46,Male,Software Engineer,Salaried,Divorced,0,75500.0,25000.0,167000.0,0.0,114416.66666666667,30300.0,9200.0,2800.0,2600.0,1400.0,2500.0,0.0,12600.0,4100.0,21600.0,6400.0,93500.0,Business Loan,953000.0,10.2,12,83870.0,0.0,17300.0,0.0,12000.0,29300.0,706,313700.0,1629200.0,2172800.0,No,Never,Low,Low,0.9891,15.82,-8383.33,22190.0,44.4,0.3595,0
52,Female,Manager,Salaried,Married,4,41800.0,0.0,61000.0,0.0,46883.333333333336,7000.0,19300.0,3300.0,1500.0,1800.0,8200.0,18900.0,14800.0,1400.0,21400.0,3900.0,101500.0,Business Loan,1996000.0,11.4,60,43800.0,0.0,0.0,0.0,3200.0,3200.0,368,47300.0,465600.0,939600.0,No,Occasionally,Moderate,Moderate,1.0025,4.9,-57816.67,17900.0,21.4,0.9996,1
30,Male,Sales Executive,Salaried,Married,2,36200.0,19500.0,0.0,0.0,55700.0,16000.0,15900.0,6200.0,5200.0,2100.0,1400.0,5500.0,9100.0,9000.0,10700.0,6500.0,87600.0,Education Loan,1456000.0,15.9,24,71220.0,14700.0,6100.0,0.0,3800.0,24600.0,622,186400.0,900100.0,1110800.0,No,Never,High,Low,1.7203,9.68,-56500.0,460.0,31.2,0.9988,1
36,Female,Manager,Salaried,Married,2,34300.0,0.0,63000.0,0.0,39550.0,5700.0,16400.0,4500.0,4800.0,500.0,2100.0,18100.0,14500.0,4400.0,18900.0,3700.0,93600.0,Vehicle Loan,1062000.0,15.6,36,37130.0,0.0,0.0,0.0,0.0,0.0,564,271300.0,655200.0,69600.0,No,Occasionally,Moderate,Moderate,0.9388,9.9,-54050.0,17800.0,32.5,0.9812,1
27,Male,Manager,Salaried,Married,1,51200.0,0.0,96000.0,0.0,59200.0,6900.0,13700.0,2300.0,4400.0,1700.0,9000.0,5100.0,5300.0,7100.0,15400.0,5600.0,76500.0,Vehicle Loan,1160000.0,13.0,48,31120.0,0.0,0.0,0.0,0.0,0.0,355,132500.0,170000.0,682300.0,No,Never,High,High,0.5257,3.95,-17300.0,26640.0,30.6,0.9927,1
37,Female,Doctor,Self-Employed,Married,0,43500.0,24000.0,49000.0,0.0,71583.33333333333,16600.0,7400.0,5600.0,5600.0,2500.0,2700.0,0.0,6900.0,9500.0,2500.0,5000.0,64300.0,Vehicle Loan,1673000.0,11.7,12,148410.0,0.0,0.0,0.0,0.0,0.0,852,103300.0,521800.0,1598600.0,No,Occasionally,Moderate,Low,2.0732,9.72,7283.33,32210.0,44.8,0.9743,1
43,Female,Manager,Salaried,Married,4,42800.0,0.0,0.0,0.0,42800.0,10200.0,22700.0,8000.0,3400.0,2400.0,5900.0,8400.0,6500.0,8700.0,11200.0,3100.0,90500.0,Business Loan,2242000.0,17.7,60,56570.0,6800.0,0.0,0.0,8100.0,14900.0,641,151900.0,300300.0,1023100.0,No,Occasionally,Low,Low,1.6699,4.29,-62600.0,4360.0,19.3,0.998,1
46,Male,Accountant,Salaried,Single,1,96200.0,14400.0,54000.0,0.0,115100.0,16900.0,7200.0,9100.0,1600.0,2200.0,3700.0,8400.0,1700.0,4800.0,3200.0,4200.0,63000.0,Education Loan,5568000.0,11.9,120,79560.0,0.0,9800.0,0.0,0.0,9800.0,319,727300.0,387600.0,1434700.0,No,Never,High,Moderate,0.7764,15.31,42300.0,42000.0,52.6,0.9574,1
41,Female,Other,Self-Employed,Married,0,105800.0,7000.0,0.0,0.0,112800.0,21100.0,6800.0,6700.0,1300.0,700.0,5600.0,0.0,12600.0,9200.0,3900.0,6800.0,74700.0,Business Loan,6370000.0,15.5,12,576450.0,0.0,0.0,0.0,6200.0,6200.0,359,563000.0,2204100.0,548300.0,Yes,Never,Moderate,Moderate,5.1653,34.2,31900.0,44560.0,39.0,1.0,1
42,Female,Software Engineer,Self-Employed,Married,1,21900.0,0.0,0.0,0.0,21900.0,7400.0,16400.0,7800.0,2600.0,2500.0,1800.0,6800.0,1300.0,11200.0,3300.0,7400.0,68500.0,Home Loan,951000.0,11.8,48,24950.0,0.0,0.0,0.0,0.0,0.0,852,80100.0,264700.0,328100.0,No,Never,Low,High,1.1393,5.03,-46600.0,9860.0,39.8,0.7091,1
27,Female,Analyst,Salaried,Married,3,57700.0,0.0,0.0,0.0,57700.0,9900.0,13900.0,4900.0,1400.0,1700.0,9300.0,6400.0,11200.0,7700.0,24100.0,2400.0,92900.0,Personal Loan,2122000.0,10.8,24,98700.0,0.0,8100.0,0.0,0.0,8100.0,623,512800.0,704300.0,1125600.0,No,Frequently,Moderate,Low,1.851,12.05,-43300.0,17860.0,35.5,0.9974,1
34,Male,Business Owner,Salaried,Married,3,33200.0,0.0,0.0,0.0,33200.0,4600.0,16900.0,6000.0,3700.0,900.0,1900.0,13000.0,6700.0,8700.0,21400.0,4200.0,88000.0,Business Loan,639000.0,14.2,12,57430.0,0.0,0.0,0.0,0.0,0.0,442,164400.0,274500.0,916700.0,No,Never,Moderate,High,1.7298,4.99,-54800.0,14940.0,14.7,1.0,1
35,Male,Software Engineer,Business,Married,0,43300.0,14700.0,45000.0,45500.0,107250.0,37300.0,8600.0,7800.0,1100.0,1800.0,10200.0,0.0,1100.0,10500.0,12100.0,4000.0,94500.0,Education Loan,4470000.0,16.0,60,108700.0,34700.0,0.0,0.0,0.0,34700.0,764,517300.0,1673600.0,2192200.0,No,Never,Moderate,High,1.3371,16.96,-21950.0,13560.0,41.4,0.4072,0
27,Male,Accountant,Salaried,Single,3,57200.0,0.0,39000.0,0.0,60450.0,10600.0,17100.0,7800.0,3200.0,2200.0,8300.0,19700.0,5100.0,10300.0,7700.0,4400.0,96400.0,Business Loan,3315000.0,17.8,12,303600.0,0.0,0.0,0.0,2400.0,2400.0,597,48400.0,606800.0,1491900.0,No,Occasionally,Low,Low,5.062,6.63,-38350.0,24800.0,31.1,1.0,1
29,Male,Software Engineer,Salaried,Single,0,44100.0,0.0,0.0,0.0,44100.0,11900.0,8900.0,5400.0,1900.0,700.0,5600.0,0.0,5800.0,4900.0,3700.0,7800.0,56600.0,Home Loan,388000.0,9.1,240,3520.0,0.0,0.0,0.0,5500.0,5500.0,399,289900.0,666000.0,350300.0,Yes,Occasionally,Low,Low,0.2045,15.39,-18000.0,14340.0,51.9,0.6305,1
28,Female,Manager,Salaried,Single,0,55000.0,21500.0,0.0,0.0,76500.0,12100.0,17900.0,6300.0,2800.0,2300.0,10500.0,0.0,14500.0,11900.0,11900.0,4600.0,94800.0,Home Loan,2247000.0,16.7,24,110770.0,19200.0,0.0,0.0,0.0,19200.0,312,372100.0,1352700.0,1912300.0,No,Occasionally,High,High,1.699,15.13,-37500.0,15220.0,29.5,0.9998,1
43,Male,Doctor,Self-Employed,Single,2,68600.0,9400.0,0.0,0.0,78000.0,18500.0,13000.0,9400.0,4400.0,2300.0,3000.0,10000.0,10300.0,1300.0,15800.0,6800.0,94800.0,Home Loan,1031000.0,13.0,60,23460.0,12600.0,6900.0,0.0,12300.0,31800.0,699,146500.0,1051600.0,1432000.0,Yes,Occasionally,Moderate,High,0.7085,9.46,-48600.0,3300.0,51.8,0.7633,1
49,Female,Business Owner,Salaried,Divorced,3,56800.0,12100.0,94000.0,0.0,76733.33333333333,15100.0,18800.0,7100.0,2800.0,500.0,3900.0,13100.0,8600.0,11900.0,20300.0,5600.0,107700.0,Home Loan,3805000.0,8.6,36,120290.0,13400.0,0.0,0.0,7800.0,21200.0,575,216000.0,985200.0,1263800.0,No,Frequently,Moderate,Moderate,1.8439,9.32,-52166.67,13330.0,26.1,0.9993,1
38,Male,Sales Executive,Unemployed,Single,1,35500.0,12800.0,76000.0,0.0,54633.333333333336,18600.0,18400.0,7100.0,2700.0,2300.0,2500.0,13200.0,2800.0,3700.0,3200.0,1800.0,76300.0,Personal Loan,2118000.0,15.8,120,35220.0,0.0,0.0,0.0,1900.0,1900.0,489,132300.0,871500.0,437400.0,No,Never,Moderate,Moderate,0.6794,12.84,-23566.67,22680.0,41.7,0.969,1
51,Female,Doctor,Salaried,Single,1,35800.0,0.0,0.0,0.0,35800.0,7500.0,14900.0,8300.0,6000.0,2400.0,5200.0,6700.0,6500.0,5800.0,11600.0,5900.0,80800.0,Vehicle Loan,1911000.0,11.0,120,26320.0,0.0,0.0,0.0,0.0,0.0,766,59400.0,377900.0,219000.0,No,Never,Moderate,Low,0.7352,5.41,-45000.0,16110.0,44.7,0.795,1
50,Female,Manager,Self-Employed,Married,2,23900.0,0.0,69000.0,0.0,29650.0,7300.0,15900.0,2900.0,4600.0,600.0,11900.0,14400.0,1500.0,10700.0,24500.0,5500.0,99800.0,Home Loan,251000.0,16.6,240,3610.0,6000.0,0.0,0.0,0.0,6000.0,552,137500.0,486900.0,483800.0,No,Frequently,Moderate,Moderate,0.3241,5.9,-76150.0,7340.0,50.2,0.884,1
59,Female,Manager,Salaried,Married,2,32000.0,0.0,0.0,0.0,32000.0,10800.0,16000.0,6200.0,3600.0,1100.0,2800.0,6500.0,11700.0,3700.0,4800.0,6300.0,73500.0,Personal Loan,1754000.0,9.2,60,36580.0,8200.0,3400.0,1800.0,0.0,13400.0,466,126400.0,88200.0,855800.0,No,Frequently,Low,Low,1.5619,2.47,-54900.0,1000.0,15.1,0.9999,1
55,Male,Business Owner,Salaried,Single,3,130700.0,15300.0,325000.0,0.0,173083.33333333334,60100.0,17000.0,9700.0,3900.0,1200.0,10100.0,11300.0,3300.0,3500.0,11200.0,1500.0,132800.0,Business Loan,1505000.0,15.0,60,35800.0,0.0,0.0,20000.0,0.0,20000.0,523,678700.0,968700.0,1222200.0,No,Never,Low,Moderate,0.3224,10.78,20283.33,57890.0,51.6,0.308,0
38,Male,Business Owner,Business,Married,1,33000.0,16600.0,95000.0,57900.0,115416.66666666666,14500.0,17300.0,4900.0,4100.0,1200.0,8200.0,7400.0,9300.0,8100.0,8300.0,2700.0,86000.0,Home Loan,2403000.0,10.7,60,51890.0,31900.0,0.0,0.0,0.0,31900.0,730,333500.0,2143000.0,965000.0,No,Never,Moderate,Low,0.726,21.01,-2483.33,20040.0,49.4,0.0211,0
62,Male,Teacher,Salaried,Married,4,27000.0,10100.0,0.0,0.0,37100.0,11400.0,12700.0,4400.0,1100.0,2000.0,1200.0,8300.0,10800.0,8800.0,5100.0,6400.0,72200.0,Business Loan,504000.0,10.2,360,4500.0,0.0,0.0,0.0,4600.0,4600.0,675,172400.0,157800.0,1055000.0,No,Never,Moderate,Moderate,0.2453,4.3,-39700.0,12100.0,55.8,0.6037,1
59,Male,Doctor,Salaried,Single,4,57500.0,9300.0,117000.0,0.0,76550.0,15000.0,24400.0,6800.0,1400.0,1200.0,11400.0,13400.0,6100.0,1100.0,21300.0,3600.0,105700.0,Business Loan,995000.0,8.0,24,45000.0,24500.0,5400.0,0.0,0.0,29900.0,351,436400.0,735500.0,61100.0,No,Occasionally,High,Moderate,0.9784,8.64,-59050.0,4550.0,26.5,0.996,1
37,Male,Sales Executive,Salaried,Single,0,46400.0,0.0,0.0,0.0,46400.0,11500.0,12200.0,3800.0,4200.0,2400.0,11700.0,0.0,9900.0,6000.0,18000.0,7400.0,87100.0,Education Loan,670000.0,12.6,36,22450.0,16100.0,0.0,0.0,0.0,16100.0,858,292700.0,470200.0,675700.0,No,Occasionally,High,Moderate,0.8308,7.39,-56800.0,4780.0,52.4,0.4936,1
34,Male,Software Engineer,Salaried,Divorced,2,44500.0,0.0,0.0,0.0,44500.0,8600.0,19900.0,6400.0,2800.0,2500.0,11200.0,3200.0,11700.0,6400.0,11500.0,4600.0,88800.0,Personal Loan,1398000.0,11.6,48,36540.0,0.0,0.0,0.0,9100.0,9100.0,690,115200.0,397500.0,705900.0,No,Never,Low,Moderate,1.0256,5.24,-53400.0,10920.0,32.2,0.9509,1
51,Male,Manager,Salaried,Married,1,99200.0,0.0,292000.0,0.0,123533.33333333333,24700.0,6100.0,3200.0,1300.0,1100.0,6500.0,5200.0,3600.0,4000.0,10500.0,1000.0,67200.0,Personal Loan,5947000.0,8.1,180,57180.0,22700.0,0.0,0.0,0.0,22700.0,400,915900.0,2158300.0,2504200.0,No,Never,Low,Low,0.6466,34.2,33633.33,32890.0,53.4,0.0179,0
44,Female,Manager,Self-Employed,Married,1,64500.0,0.0,48000.0,0.0,68500.0,9600.0,18200.0,6600.0,2500.0,1500.0,3400.0,5900.0,9400.0,7000.0,21000.0,5900.0,91000.0,Home Loan,3727000.0,9.9,12,327490.0,0.0,0.0,0.0,5800.0,5800.0,559,51800.0,1044300.0,398600.0,No,Never,Moderate,Low,4.8655,11.32,-28300.0,25020.0,31.2,1.0,1
55,Male,Teacher,Salaried,Single,2,37600.0,3700.0,0.0,0.0,41300.0,10000.0,9700.0,6800.0,1700.0,1600.0,5300.0,6400.0,11300.0,2700.0,4100.0,4600.0,64200.0,Home Loan,1494000.0,12.6,36,50050.0,10000.0,0.0,5200.0,0.0,15200.0,465,315100.0,677100.0,708000.0,No,Never,Low,Low,1.5799,12.5,-38100.0,3380.0,25.6,0.999,1
64,Male,Doctor,Salaried,Married,0,39600.0,0.0,117000.0,0.0,49350.0,11700.0,14100.0,5300.0,5600.0,1700.0,7800.0,0.0,6000.0,4600.0,5400.0,3200.0,65400.0,Home Loan,675000.0,16.0,180,9910.0,0.0,0.0,6100.0,2600.0,8700.0,637,157300.0,978800.0,162100.0,No,Never,High,Moderate,0.3771,15.33,-24750.0,13510.0,61.8,0.2174,0
54,Male,Doctor,Salaried,Married,1,38100.0,2400.0,55000.0,0.0,45083.333333333336,6600.0,11800.0,5100.0,2000.0,1200.0,5200.0,10600.0,3300.0,8800.0,22900.0,1100.0,78600.0,Personal Loan,422000.0,17.3,240,6290.0,10000.0,3800.0,0.0,14200.0,28000.0,661,181000.0,880100.0,361100.0,No,Never,Low,Low,0.7606,9.95,-61516.67,0.0,48.3,0.8291,1
23,Female,Other,Salaried,Single,3,75900.0,7600.0,0.0,0.0,83500.0,19700.0,19500.0,4000.0,1700.0,800.0,8800.0,11000.0,5000.0,10600.0,20800.0,2400.0,104300.0,Business Loan,2687000.0,12.9,24,127620.0,0.0,0.0,0.0,8500.0,8500.0,441,502400.0,1498800.0,37800.0,No,Never,Moderate,Moderate,1.6302,17.74,-29300.0,29080.0,34.1,0.9972,1
57,Female,Business Owner,Self-Employed,Married,0,42000.0,0.0,0.0,0.0,42000.0,14400.0,12800.0,4600.0,4100.0,600.0,9800.0,0.0,14100.0,7500.0,19800.0,2100.0,89800.0,Business Loan,1978000.0,11.7,36,65410.0,11400.0,3300.0,0.0,0.0,14700.0,351,264600.0,493400.0,571300.0,No,Never,Low,High,1.9074,7.25,-62500.0,4200.0,20.7,1.0,1
63,Female,Sales Executive,Salaried,Married,1,20000.0,0.0,45000.0,0.0,23750.0,6600.0,8300.0,6000.0,3600.0,700.0,3300.0,15400.0,6000.0,1800.0,16400.0,5100.0,73200.0,Home Loan,929000.0,17.5,180,14630.0,0.0,0.0,0.0,0.0,0.0,716,106900.0,159700.0,124800.0,No,Never,Low,High,0.616,3.64,-49450.0,10690.0,40.9,0.7926,1
60,Female,Business Owner,Salaried,Single,3,47900.0,0.0,136000.0,0.0,59233.333333333336,13000.0,17200.0,4000.0,3900.0,2300.0,5500.0,3100.0,2500.0,8500.0,8700.0,6400.0,75100.0,Business Loan,2195000.0,17.6,180,34720.0,0.0,10400.0,6500.0,0.0,16900.0,595,557400.0,873700.0,171900.0,No,Occasionally,Low,Moderate,0.8715,15.56,-32766.67,9760.0,46.2,0.7966,1
46,Male,Sales Executive,Business,Married,1,22700.0,0.0,0.0,12700.0,35400.0,11600.0,9900.0,8300.0,3200.0,1100.0,11500.0,17600.0,2200.0,10900.0,23500.0,2600.0,102400.0,Home Loan,271000.0,9.5,36,8680.0,0.0,6000.0,0.0,7800.0,13800.0,668,306400.0,673900.0,365700.0,No,Occasionally,Low,Low,0.635,8.44,-80800.0,2130.0,44.7,0.6451,1
43,Female,Accountant,Salaried,Married,1,146100.0,20200.0,81000.0,0.0,173050.0,42200.0,13800.0,7700.0,3300.0,700.0,3700.0,19800.0,3500.0,6500.0,13300.0,5900.0,120400.0,Vehicle Loan,4782000.0,13.1,60,109050.0,33100.0,0.0,0.0,0.0,33100.0,458,456500.0,3428900.0,411300.0,No,Occasionally,Moderate,High,0.8214,25.31,19550.0,44770.0,48.2,0.2458,0
64,Male,Analyst,Business,Single,1,30200.0,0.0,17000.0,55400.0,87016.66666666667,11600.0,16300.0,4200.0,4900.0,1700.0,4800.0,5100.0,2800.0,6400.0,8500.0,7300.0,73600.0,Business Loan,3069000.0,16.1,180,45290.0,0.0,4800.0,12200.0,1800.0,18800.0,710,530300.0,1100900.0,1734500.0,No,Occasionally,High,Moderate,0.7365,17.65,-5383.33,20360.0,51.3,0.0444,0
59,Male,Sales Executive,Business,Married,1,45200.0,23300.0,0.0,78100.0,146600.0,34700.0,7100.0,2800.0,2100.0,700.0,1400.0,14100.0,7900.0,11900.0,10400.0,5400.0,98500.0,Personal Loan,5557000.0,16.1,36,195640.0,24900.0,0.0,0.0,12900.0,37800.0,480,1077400.0,2098600.0,883400.0,No,Occasionally,Low,Moderate,1.5924,23.3,10300.0,28170.0,32.5,0.9695,1
35,Female,Business Owner,Self-Employed,Single,2,55800.0,9600.0,129000.0,0.0,76150.0,11100.0,15200.0,2000.0,3000.0,600.0,4700.0,3000.0,5900.0,8000.0,2400.0,6400.0,62300.0,Education Loan,401000.0,14.7,240,5190.0,12500.0,0.0,10300.0,12500.0,35300.0,636,195000.0,479400.0,1622600.0,Yes,Never,High,Low,0.5317,6.91,-21450.0,0.0,52.8,0.6891,1
24,Female,Manager,Salaried,Married,2,42400.0,0.0,0.0,0.0,42400.0,12400.0,16600.0,6800.0,5800.0,1700.0,5100.0,3800.0,12800.0,9900.0,7900.0,2400.0,85200.0,Personal Loan,677000.0,12.5,48,17990.0,11800.0,0.0,0.0,7300.0,19100.0,777,28600.0,204800.0,1068300.0,No,Never,Low,Low,0.8748,2.24,-61900.0,0.0,40.0,0.9204,1
49,Male,Business Owner,Self-Employed,Single,1,42400.0,24900.0,0.0,0.0,67300.0,23000.0,10100.0,3700.0,1900.0,1700.0,2100.0,7800.0,13300.0,8100.0,6300.0,1500.0,79500.0,Personal Loan,3852000.0,11.7,180,45490.0,0.0,4000.0,0.0,0.0,4000.0,740,657400.0,884200.0,1496700.0,No,Frequently,Moderate,Moderate,0.7354,18.46,-16200.0,26280.0,55.8,0.1008,0
42,Female,Sales Executive,Self-Employed,Single,2,60500.0,22000.0,152000.0,0.0,95166.66666666667,18100.0,21300.0,2100.0,2500.0,600.0,1000.0,17400.0,7600.0,3400.0,5100.0,3600.0,82700.0,Education Loan,3138000.0,16.0,24,153650.0,0.0,0.0,0.0,8000.0,8000.0,521,914000.0,502300.0,2177900.0,No,Never,Moderate,Low,1.6986,15.62,4466.67,34820.0,30.4,0.9834,1
45,Female,Doctor,Salaried,Married,1,105100.0,12700.0,265000.0,0.0,139883.33333333334,29200.0,13300.0,4900.0,2000.0,1400.0,7300.0,14100.0,13400.0,4100.0,2700.0,6000.0,98400.0,Home Loan,6113000.0,9.9,60,129580.0,29700.0,0.0,0.0,4100.0,33800.0,381,495600.0,1190600.0,2701600.0,No,Never,Low,Low,1.168,12.75,7683.33,29150.0,25.1,0.9928,1
33,Male,Business Owner,Salaried,Married,0,72000.0,0.0,0.0,0.0,72000.0,14800.0,6600.0,9700.0,1100.0,1400.0,4300.0,0.0,7300.0,8300.0,7200.0,5800.0,66500.0,Business Loan,1580000.0,12.0,120,22670.0,0.0,0.0,0.0,0.0,0.0,687,199600.0,745800.0,812800.0,No,Never,Low,Moderate,0.3149,14.22,5500.0,32400.0,67.0,0.0396,0
38,Male,Teacher,Salaried,Married,2,102700.0,0.0,129000.0,0.0,113450.0,19400.0,9500.0,7500.0,2300.0,1600.0,1200.0,10500.0,10000.0,6000.0,4400.0,7700.0,80100.0,Personal Loan,4220000.0,13.5,12,377910.0,29300.0,6500.0,0.0,6000.0,41800.0,779,223400.0,2123900.0,1186300.0,No,Occasionally,Moderate,High,3.6995,19.26,-8450.0,9250.0,43.1,0.9999,1
53,Male,Other,Salaried,Single,2,29000.0,0.0,71000.0,0.0,34916.666666666664,10400.0,15600.0,8900.0,1200.0,2000.0,10500.0,10900.0,3300.0,5400.0,3000.0,5400.0,76600.0,Business Loan,859000.0,16.2,360,11690.0,0.0,0.0,2600.0,0.0,2600.0,820,245400.0,683400.0,596000.0,No,Never,Moderate,Moderate,0.4093,11.73,-44283.33,13110.0,65.8,0.0274,0
36,Male,Manager,Salaried,Single,1,57500.0,0.0,0.0,0.0,57500.0,14600.0,11300.0,3200.0,1800.0,1100.0,7400.0,8300.0,1700.0,1200.0,5200.0,3900.0,59700.0,Education Loan,1227000.0,11.4,360,12060.0,0.0,0.0,0.0,1600.0,1600.0,366,441300.0,327500.0,427900.0,No,Never,Moderate,Moderate,0.2376,12.54,-3800.0,24280.0,57.9,0.8556,1
62,Male,Teacher,Salaried,Married,0,53000.0,12800.0,0.0,0.0,65800.0,7600.0,6700.0,2600.0,2800.0,1400.0,2900.0,0.0,3200.0,10700.0,6700.0,6600.0,51200.0,Education Loan,1818000.0,13.3,48,49040.0,16000.0,0.0,0.0,1400.0,17400.0,838,295700.0,230800.0,680300.0,No,Occasionally,High,Moderate,1.0097,7.67,-2800.0,12210.0,45.5,0.4492,0
64,Male,Sales Executive,Salaried,Married,0,58400.0,23000.0,99000.0,0.0,89650.0,27800.0,4400.0,2100.0,1100.0,2100.0,10500.0,0.0,4500.0,10700.0,11600.0,2100.0,76900.0,Business Loan,2716000.0,10.4,60,58240.0,22400.0,0.0,0.0,13300.0,35700.0,622,251600.0,472700.0,417700.0,No,Frequently,Moderate,High,1.0479,6.43,-22950.0,4640.0,31.3,0.9659,1
22,Male,Accountant,Salaried,Single,0,97500.0,2200.0,214000.0,0.0,117533.33333333333,17300.0,11900.0,9600.0,4800.0,2300.0,3800.0,0.0,11500.0,6100.0,15400.0,6700.0,89400.0,Business Loan,2728000.0,16.3,360,37350.0,0.0,0.0,15900.0,0.0,15900.0,345,559800.0,1276300.0,2750800.0,Yes,Never,Low,Moderate,0.4531,17.44,12233.33,36990.0,49.3,0.6798,1
55,Female,Teacher,Salaried,Married,0,43900.0,0.0,0.0,0.0,43900.0,15100.0,12400.0,4400.0,5000.0,2300.0,3500.0,0.0,3400.0,8700.0,9400.0,3600.0,67800.0,Education Loan,842000.0,15.7,24,41110.0,0.0,2300.0,0.0,0.0,2300.0,774,237300.0,696900.0,968800.0,Yes,Never,High,Low,0.9888,13.33,-26200.0,17460.0,45.6,0.4236,0
62,Female,Analyst,Salaried,Married,2,40000.0,0.0,0.0,0.0,40000.0,7800.0,10000.0,5700.0,3100.0,1500.0,10800.0,18900.0,2800.0,3000.0,5200.0,2100.0,70900.0,Home Loan,1572000.0,16.1,60,38310.0,12200.0,2600.0,0.0,0.0,14800.0,483,226500.0,436700.0,603900.0,No,Frequently,Low,Low,1.3277,7.74,-45700.0,3200.0,25.0,0.9987,1
54,Other,Accountant,Business,Married,0,64000.0,13000.0,0.0,115100.0,192100.0,48800.0,12400.0,5200.0,5900.0,1500.0,3000.0,0.0,14000.0,6500.0,23600.0,2100.0,123000.0,Business Loan,4983000.0,8.1,48,121880.0,0.0,0.0,13600.0,0.0,13600.0,484,905200.0,3598000.0,2129800.0,No,Never,Low,Moderate,0.7053,32.97,55500.0,72840.0,54.2,0.0136,0
50,Male,Software Engineer,Salaried,Divorced,2,20100.0,0.0,0.0,0.0,20100.0,2400.0,21300.0,7800.0,4400.0,1600.0,10700.0,5500.0,10600.0,5800.0,13800.0,7900.0,91800.0,Vehicle Loan,324000.0,12.6,24,15340.0,0.0,0.0,1100.0,2700.0,3800.0,760,10800.0,263500.0,420100.0,No,Never,Moderate,Low,0.9522,2.87,-75500.0,5240.0,36.9,0.9257,1
33,Female,Manager,Salaried,Single,0,43500.0,0.0,57000.0,0.0,48250.0,9000.0,17700.0,4500.0,4700.0,2200.0,9800.0,0.0,7600.0,8200.0,19100.0,5400.0,88200.0,Vehicle Loan,2254000.0,8.9,24,102870.0,0.0,0.0,0.0,13700.0,13700.0,313,240400.0,491600.0,122600.0,Yes,Never,Low,High,2.416,7.18,-53650.0,8010.0,20.5,1.0,1
33,Female,Software Engineer,Salaried,Married,0,45800.0,0.0,0.0,0.0,45800.0,13800.0,16400.0,6300.0,2000.0,2200.0,4400.0,0.0,2300.0,6200.0,18000.0,2200.0,73800.0,Business Loan,2052000.0,14.6,360,25290.0,0.0,0.0,0.0,4200.0,4200.0,656,174000.0,716100.0,65600.0,No,Occasionally,High,High,0.6439,11.41,-32200.0,16410.0,53.3,0.5293,1
38,Female,Business Owner,Salaried,Single,1,30900.0,0.0,0.0,0.0,30900.0,6800.0,17300.0,10000.0,5200.0,1100.0,1400.0,19800.0,12900.0,6500.0,8600.0,2900.0,92500.0,Personal Loan,1662000.0,10.8,240,16930.0,0.0,0.0,0.0,0.0,0.0,612,178800.0,590800.0,648700.0,No,Never,Moderate,Moderate,0.5479,8.32,-61600.0,13900.0,49.0,0.8702,1
52,Male,Sales Executive,Self-Employed,Married,0,83200.0,15400.0,115000.0,0.0,108183.33333333333,35300.0,6900.0,5600.0,5700.0,800.0,1900.0,0.0,2500.0,4300.0,14900.0,3600.0,81500.0,Education Loan,3843000.0,15.6,240,52320.0,0.0,8700.0,0.0,0.0,8700.0,840,125400.0,793000.0,1785200.0,Yes,Occasionally,Low,Moderate,0.564,10.18,17983.33,39980.0,66.4,0.0281,0
52,Female,Manager,Business,Married,3,28800.0,0.0,0.0,51300.0,80100.0,19500.0,12200.0,6400.0,2200.0,1300.0,2200.0,4200.0,9600.0,1500.0,15800.0,1400.0,76300.0,Home Loan,1632000.0,8.2,240,13850.0,16700.0,0.0,0.0,0.0,16700.0,771,709100.0,498600.0,1762000.0,Yes,Occasionally,Moderate,Low,0.3814,12.99,-12900.0,19340.0,69.3,0.0274,0
55,Male,Doctor,Salaried,Divorced,0,45800.0,5100.0,0.0,0.0,50900.0,16900.0,10200.0,6000.0,4400.0,1100.0,10800.0,0.0,10300.0,11100.0,10100.0,1800.0,82700.0,Vehicle Loan,2672000.0,12.9,60,60660.0,13100.0,5900.0,0.0,0.0,19000.0,656,448800.0,257200.0,426900.0,No,Occasionally,Low,High,1.565,6.94,-50800.0,3900.0,30.9,0.9968,1
59,Male,Accountant,Business,Married,1,56800.0,17300.0,29000.0,49000.0,125516.66666666667,43400.0,14700.0,8400.0,4700.0,2400.0,5400.0,8500.0,6600.0,1100.0,17400.0,6300.0,118900.0,Vehicle Loan,2563000.0,8.8,48,63540.0,0.0,9400.0,12800.0,0.0,22200.0,441,735400.0,1402900.0,407800.0,No,Occasionally,Low,Moderate,0.6831,15.15,-15583.33,34280.0,44.9,0.8637,1
49,Female,Doctor,Salaried,Divorced,2,96400.0,0.0,116000.0,0.0,106066.66666666667,22600.0,19900.0,4100.0,2500.0,1000.0,1400.0,13200.0,13800.0,4100.0,20200.0,6500.0,109300.0,Personal Loan,4355000.0,13.4,36,147580.0,0.0,0.0,0.0,0.0,0.0,778,795800.0,1049700.0,1368100.0,No,Frequently,Low,Moderate,1.3914,16.88,-3233.33,47730.0,39.3,0.3378,0
49,Female,Software Engineer,Salaried,Married,2,48800.0,5700.0,98000.0,0.0,62666.666666666664,15100.0,11200.0,3400.0,3400.0,900.0,7100.0,6800.0,1700.0,5900.0,10400.0,7900.0,73800.0,Business Loan,970000.0,13.9,24,46530.0,21200.0,7000.0,0.0,0.0,28200.0,680,292000.0,357000.0,802200.0,Yes,Occasionally,Moderate,Low,1.1925,6.36,-39333.33,0.0,26.2,0.9796,1
64,Male,Teacher,Salaried,Married,0,78300.0,0.0,0.0,0.0,78300.0,24200.0,10700.0,8000.0,1500.0,2300.0,3300.0,0.0,12500.0,4500.0,2300.0,1500.0,70800.0,Personal Loan,3101000.0,12.4,60,69610.0,0.0,0.0,0.0,0.0,0.0,581,478200.0,1151900.0,1783000.0,No,Never,Low,Moderate,0.889,23.02,7500.0,35240.0,49.9,0.0903,0
36,Female,Teacher,Business,Married,1,69600.0,23000.0,0.0,91500.0,184100.0,28600.0,15100.0,5300.0,1900.0,700.0,3600.0,4600.0,8800.0,7100.0,10000.0,7200.0,92900.0,Home Loan,9435000.0,10.4,240,93560.0,52000.0,0.0,0.0,0.0,52000.0,492,1172300.0,1224900.0,674600.0,Yes,Never,Low,Moderate,0.7907,16.54,39200.0,30840.0,53.3,0.6248,1
64,Female,Sales Executive,Salaried,Married,2,52100.0,0.0,147000.0,0.0,64350.0,20300.0,14200.0,9300.0,1300.0,1000.0,2800.0,7800.0,9600.0,6100.0,4700.0,3200.0,80300.0,Business Loan,2233000.0,7.8,60,45060.0,0.0,0.0,0.0,0.0,0.0,580,248500.0,989300.0,1826400.0,Yes,Occasionally,Low,Moderate,0.7002,15.41,-15950.0,28960.0,44.7,0.6639,1
30,Male,Software Engineer,Self-Employed,Single,4,28400.0,16800.0,43000.0,0.0,48783.333333333336,12100.0,18400.0,7200.0,3800.0,1400.0,9400.0,8900.0,14800.0,3800.0,5600.0,3300.0,88700.0,Vehicle Loan,1507000.0,14.5,180,20580.0,0.0,0.0,0.0,8100.0,8100.0,361,469700.0,826300.0,82000.0,Yes,Occasionally,Low,Moderate,0.5879,13.39,-48016.67,13850.0,44.7,0.9633,1
50,Female,Other,Self-Employed,Single,3,23900.0,0.0,0.0,0.0,23900.0,6700.0,13200.0,6500.0,4100.0,1700.0,1000.0,17200.0,9200.0,2000.0,10400.0,1900.0,73900.0,Vehicle Loan,1425000.0,16.6,60,35110.0,0.0,4500.0,1700.0,4600.0,10800.0,606,148800.0,417200.0,224400.0,Yes,Occasionally,Moderate,Moderate,1.9209,6.68,-60800.0,0.0,31.4,0.9996,1
45,Male,Manager,Salaried,Single,0,51700.0,2100.0,0.0,0.0,53800.0,6500.0,17800.0,2600.0,5600.0,1200.0,5800.0,0.0,12200.0,2500.0,6800.0,7900.0,68900.0,Education Loan,335000.0,15.2,360,4290.0,0.0,0.0,0.0,0.0,0.0,397,533200.0,203500.0,1134600.0,Yes,Frequently,Moderate,High,0.0797,10.69,-15100.0,24210.0,56.2,0.7155,1
59,Other,Accountant,Salaried,Married,4,37400.0,5500.0,24000.0,0.0,44900.0,13100.0,18700.0,7800.0,3700.0,1500.0,2000.0,3500.0,3100.0,6300.0,23500.0,7900.0,91100.0,Home Loan,1044000.0,16.9,240,15230.0,0.0,0.0,0.0,0.0,0.0,878,206900.0,305900.0,966400.0,No,Never,Low,Moderate,0.3392,5.63,-46200.0,20200.0,62.9,0.1061,0
40,Male,Teacher,Business,Married,0,77600.0,0.0,0.0,57400.0,135000.0,24000.0,11500.0,7500.0,2300.0,900.0,7100.0,0.0,12300.0,10300.0,17000.0,7100.0,100000.0,Vehicle Loan,7496000.0,17.3,240,111660.0,0.0,0.0,0.0,0.0,0.0,668,109000.0,1479500.0,2296600.0,No,Never,Low,Moderate,0.8271,15.88,35000.0,60750.0,63.8,0.2185,0
25,Male,Teacher,Salaried,Married,0,71200.0,20500.0,0.0,0.0,91700.0,27600.0,7100.0,7100.0,1300.0,1600.0,4800.0,0.0,11700.0,2100.0,13900.0,1600.0,78800.0,Personal Loan,3700000.0,12.2,12,329090.0,0.0,0.0,9700.0,0.0,9700.0,737,309300.0,1565000.0,195200.0,Yes,Frequently,Low,High,3.6945,21.18,3200.0,31560.0,44.5,0.9999,1
21,Female,Doctor,Salaried,Divorced,2,44700.0,0.0,0.0,0.0,44700.0,10200.0,15200.0,4100.0,5400.0,1300.0,1300.0,11400.0,14600.0,8400.0,2200.0,6900.0,81000.0,Vehicle Loan,1556000.0,14.8,60,36850.0,8900.0,7900.0,2800.0,1600.0,21200.0,562,298700.0,385300.0,1148400.0,Yes,Never,High,Moderate,1.2987,6.69,-57500.0,0.0,23.3,0.9948,1
50,Female,Doctor,Salaried,Married,0,27500.0,0.0,33000.0,0.0,30250.0,5100.0,7600.0,9600.0,3400.0,2200.0,6100.0,0.0,14100.0,9700.0,4400.0,5400.0,67600.0,Personal Loan,1212000.0,11.7,360,12190.0,0.0,3200.0,0.0,1600.0,4800.0,822,276700.0,409500.0,576000.0,Yes,Never,Low,Moderate,0.5617,9.48,-42150.0,8810.0,56.9,0.1874,0
23,Female,Business Owner,Salaried,Single,0,63300.0,11500.0,134000.0,0.0,85966.66666666667,29100.0,6800.0,4600.0,4700.0,1300.0,7300.0,0.0,4000.0,4000.0,20100.0,1900.0,83800.0,Personal Loan,1952000.0,17.2,240,28930.0,0.0,0.0,6000.0,0.0,6000.0,778,545400.0,828400.0,1957000.0,No,Occasionally,Moderate,Moderate,0.4063,15.3,-3833.33,32680.0,64.2,0.0072,0
34,Female,Other,Salaried,Single,0,29500.0,7400.0,41000.0,0.0,40316.666666666664,11700.0,7900.0,3200.0,1100.0,1400.0,3700.0,0.0,7500.0,8400.0,11000.0,2800.0,58700.0,Business Loan,359000.0,13.4,12,32130.0,0.0,0.0,2800.0,14300.0,17100.0,541,200800.0,63000.0,467100.0,No,Occasionally,High,Moderate,1.2211,3.48,-35483.33,1040.0,21.4,0.999,1
50,Female,Doctor,Salaried,Married,1,33500.0,0.0,0.0,0.0,33500.0,11600.0,6000.0,9900.0,3400.0,1700.0,9400.0,18700.0,13800.0,8600.0,3000.0,5800.0,91900.0,Business Loan,674000.0,15.4,360,8740.0,0.0,2900.0,0.0,12900.0,15800.0,766,42400.0,234900.0,244600.0,No,Occasionally,High,Low,0.7325,2.57,-74200.0,0.0,44.4,0.6364,1
24,Female,Doctor,Salaried,Single,2,30000.0,0.0,0.0,0.0,30000.0,5700.0,16000.0,8000.0,2600.0,700.0,5100.0,17700.0,10000.0,8800.0,21000.0,6600.0,102200.0,Vehicle Loan,705000.0,7.7,12,61230.0,9900.0,4700.0,4400.0,2700.0,21700.0,447,56300.0,461300.0,648100.0,No,Frequently,Moderate,Moderate,2.7643,4.18,-93900.0,0.0,13.9,1.0,1
38,Female,Manager,Salaried,Married,2,45700.0,21100.0,0.0,0.0,66800.0,17500.0,13400.0,5300.0,1200.0,800.0,9200.0,12300.0,7500.0,10800.0,9000.0,6900.0,93900.0,Vehicle Loan,2097000.0,13.5,60,48250.0,0.0,0.0,0.0,0.0,0.0,418,67300.0,993700.0,1634300.0,Yes,Never,Low,Moderate,0.7223,11.3,-27100.0,30060.0,37.8,0.9828,1
57,Female,Doctor,Business,Married,0,88000.0,21500.0,60000.0,57300.0,171800.0,43400.0,16600.0,9500.0,4900.0,2100.0,7400.0,0.0,2500.0,5400.0,10900.0,4800.0,107500.0,Personal Loan,4581000.0,15.3,12,414120.0,57800.0,0.0,0.0,0.0,57800.0,629,1246600.0,3056300.0,4187700.0,Yes,Never,Low,Moderate,2.7469,26.03,6500.0,19510.0,30.8,0.9981,1
45,Male,Accountant,Unemployed,Married,1,48900.0,0.0,53000.0,0.0,53316.666666666664,14500.0,6600.0,2700.0,3600.0,1000.0,10600.0,3600.0,5900.0,3700.0,24400.0,4700.0,81300.0,Business Loan,1794000.0,10.2,240,17550.0,0.0,0.0,0.0,0.0,0.0,419,447600.0,653900.0,1147100.0,No,Frequently,Low,High,0.3292,13.55,-27983.33,23990.0,54.7,0.9528,1
21,Female,Manager,Salaried,Married,3,39300.0,0.0,25000.0,0.0,41383.333333333336,4500.0,10600.0,2700.0,2700.0,1900.0,7000.0,20000.0,10300.0,7000.0,2400.0,5800.0,74900.0,Vehicle Loan,653000.0,7.7,24,29440.0,0.0,0.0,0.0,0.0,0.0,484,85300.0,644000.0,172500.0,No,Never,Low,Low,0.7114,9.74,-33516.67,18620.0,40.9,0.9689,1
35,Male,Business Owner,Salaried,Married,2,22900.0,6900.0,0.0,0.0,29800.0,5200.0,20400.0,7500.0,5000.0,700.0,3000.0,16000.0,11900.0,1700.0,18600.0,6400.0,96400.0,Business Loan,451000.0,15.3,120,7360.0,6600.0,0.0,0.0,13400.0,20000.0,833,107000.0,264900.0,198300.0,No,Occasionally,High,Low,0.9181,3.2,-86600.0,0.0,40.1,0.7853,1
29,Female,Software Engineer,Business,Single,0,64600.0,19000.0,161000.0,54000.0,151016.6666666667,49400.0,5800.0,3400.0,3200.0,2100.0,10000.0,0.0,7300.0,4700.0,23800.0,2200.0,111900.0,Home Loan,3676000.0,11.0,24,171330.0,52500.0,0.0,0.0,4200.0,56700.0,402,762900.0,1154400.0,2267200.0,No,Never,Moderate,Moderate,1.51,11.37,-17583.33,11260.0,23.5,0.9993,1
35,Female,Manager,Salaried,Married,4,33200.0,23800.0,45000.0,0.0,60750.0,12500.0,12000.0,9300.0,1000.0,2500.0,9600.0,3300.0,1800.0,10700.0,3500.0,6200.0,72400.0,Personal Loan,1887000.0,12.0,24,88830.0,0.0,9600.0,0.0,3400.0,13000.0,312,112800.0,453000.0,924600.0,No,Occasionally,Moderate,High,1.6762,6.63,-24650.0,14340.0,14.7,1.0,1
44,Female,Software Engineer,Salaried,Married,2,52000.0,0.0,0.0,0.0,52000.0,17700.0,10500.0,8700.0,5700.0,1200.0,11700.0,13900.0,9900.0,6900.0,21900.0,3400.0,111500.0,Business Loan,1237000.0,13.4,12,110720.0,0.0,0.0,0.0,0.0,0.0,632,231600.0,209100.0,762100.0,Yes,Frequently,Moderate,Moderate,2.1292,3.95,-59500.0,23400.0,26.2,0.9999,1
24,Female,Teacher,Business,Single,0,41100.0,12100.0,0.0,44100.0,97300.0,14900.0,15500.0,4500.0,2300.0,1500.0,2000.0,0.0,13900.0,5800.0,11600.0,3700.0,75700.0,Vehicle Loan,3572000.0,8.7,120,44670.0,0.0,0.0,0.0,11100.0,11100.0,584,942300.0,906600.0,2411200.0,No,Never,Low,Moderate,0.5732,21.3,10500.0,32680.0,52.6,0.0798,0
32,Female,Business Owner,Self-Employed,Single,0,74500.0,16900.0,79000.0,0.0,97983.33333333333,34200.0,15200.0,9100.0,5200.0,1400.0,7500.0,0.0,7900.0,3900.0,22200.0,1500.0,108100.0,Personal Loan,2161000.0,8.6,60,44440.0,0.0,12300.0,0.0,0.0,12300.0,433,718400.0,1607300.0,368600.0,No,Never,Low,High,0.5791,19.32,-22416.67,31790.0,43.3,0.7103,1
57,Male,Business Owner,Self-Employed,Married,0,45300.0,0.0,36000.0,0.0,48300.0,13300.0,8800.0,2300.0,5100.0,2300.0,6400.0,0.0,14000.0,3800.0,9100.0,5100.0,70200.0,Education Loan,712000.0,17.6,48,20770.0,0.0,0.0,0.0,5700.0,5700.0,844,100700.0,59400.0,1148000.0,No,Frequently,Low,Moderate,0.548,2.11,-27600.0,16040.0,47.9,0.2344,0
57,Female,Manager,Self-Employed,Single,2,47600.0,0.0,0.0,0.0,47600.0,14000.0,17400.0,6400.0,1800.0,500.0,8400.0,9800.0,6000.0,3600.0,24600.0,1700.0,94200.0,Personal Loan,2497000.0,11.1,48,64660.0,7200.0,6200.0,0.0,0.0,13400.0,584,68500.0,567500.0,31900.0,Yes,Occasionally,Low,High,1.6399,5.91,-60000.0,8020.0,17.7,0.9989,1
63,Male,Analyst,Salaried,Single,0,62500.0,24400.0,132000.0,0.0,97900.0,19500.0,11100.0,9500.0,3400.0,1800.0,11800.0,0.0,13400.0,10100.0,16900.0,7400.0,104900.0,Home Loan,1570000.0,10.2,360,14010.0,15100.0,15400.0,0.0,11200.0,41700.0,572,463000.0,419500.0,948900.0,No,Never,Low,High,0.5691,6.02,-48700.0,2360.0,49.3,0.9367,1
26,Male,Business Owner,Salaried,Married,1,140600.0,0.0,281000.0,0.0,164016.66666666666,53600.0,18700.0,8800.0,1200.0,1800.0,6900.0,18500.0,12000.0,11800.0,16400.0,5300.0,155000.0,Personal Loan,9540000.0,8.0,24,431470.0,0.0,0.0,0.0,0.0,0.0,766,1621400.0,2483100.0,966900.0,Yes,Never,Low,Moderate,2.6306,26.48,9016.67,73810.0,44.8,0.9817,1
59,Male,Software Engineer,Self-Employed,Married,0,76400.0,5800.0,0.0,0.0,82200.0,19400.0,4800.0,4800.0,2800.0,1300.0,8500.0,0.0,14500.0,6900.0,20500.0,7900.0,91400.0,Business Loan,4875000.0,9.3,180,50320.0,0.0,0.0,0.0,0.0,0.0,359,660600.0,301200.0,1298700.0,No,Never,Low,Moderate,0.6122,10.52,-9200.0,36990.0,37.1,0.9757,1
44,Female,Business Owner,Salaried,Single,3,46900.0,2500.0,0.0,0.0,49400.0,13300.0,21400.0,3500.0,4700.0,900.0,4800.0,15500.0,12100.0,1900.0,12000.0,2700.0,92800.0,Business Loan,2140000.0,12.0,60,47600.0,0.0,0.0,0.0,9300.0,9300.0,673,162300.0,203400.0,776400.0,No,Occasionally,Low,Moderate,1.1518,3.58,-52700.0,12930.0,28.3,0.9854,1
31,Male,Teacher,Salaried,Single,0,49100.0,20000.0,0.0,0.0,69100.0,8500.0,6400.0,3700.0,2200.0,1000.0,4300.0,0.0,5500.0,9300.0,7900.0,5800.0,54600.0,Vehicle Loan,2253000.0,11.1,360,21630.0,14300.0,0.0,0.0,14700.0,29000.0,642,51800.0,125000.0,1050100.0,No,Never,Moderate,High,0.7327,2.11,-14500.0,2100.0,33.6,0.9536,1
33,Female,Accountant,Self-Employed,Married,3,37700.0,3800.0,0.0,0.0,41500.0,10700.0,15500.0,6100.0,1600.0,2100.0,4700.0,5200.0,13600.0,10600.0,8000.0,7800.0,85900.0,Vehicle Loan,2023000.0,12.0,48,53270.0,0.0,0.0,0.0,0.0,0.0,653,182900.0,390500.0,359600.0,Yes,Occasionally,Low,High,1.2836,6.68,-44400.0,18680.0,30.7,0.9947,1
54,Male,Analyst,Self-Employed,Single,3,30500.0,0.0,0.0,0.0,30500.0,9800.0,12700.0,6800.0,3500.0,600.0,1400.0,14600.0,10400.0,11200.0,9600.0,3100.0,83700.0,Personal Loan,1617000.0,14.9,120,25990.0,7400.0,0.0,2900.0,1200.0,11500.0,700,61800.0,405800.0,477400.0,Yes,Never,Moderate,Low,1.2292,4.91,-64700.0,2220.0,36.2,0.9894,1
45,Male,Sales Executive,Salaried,Divorced,0,37200.0,0.0,0.0,0.0,37200.0,5400.0,13800.0,2300.0,3700.0,1600.0,4100.0,0.0,3300.0,7900.0,16200.0,1700.0,60000.0,Personal Loan,1638000.0,14.2,24,78800.0,0.0,0.0,1900.0,0.0,1900.0,568,82300.0,241300.0,787600.0,No,Never,High,Moderate,2.1694,5.23,-24700.0,14840.0,26.8,0.9999,1
27,Male,Business Owner,Self-Employed,Married,1,33300.0,15900.0,40000.0,0.0,52533.333333333336,14900.0,15500.0,5300.0,4400.0,1100.0,2900.0,6400.0,1600.0,6600.0,21300.0,5400.0,85400.0,Personal Loan,558000.0,12.7,12,49760.0,0.0,8100.0,0.0,14500.0,22600.0,561,107300.0,93800.0,620600.0,Yes,Occasionally,Low,High,1.3774,1.86,-55466.67,1040.0,13.5,0.9995,1
24,Male,Doctor,Self-Employed,Single,0,68000.0,0.0,50000.0,0.0,72166.66666666667,7700.0,11700.0,8600.0,4800.0,1000.0,6000.0,0.0,6100.0,7800.0,13500.0,3600.0,70800.0,Business Loan,373000.0,16.1,12,33860.0,0.0,3700.0,0.0,7600.0,11300.0,490,529400.0,1351000.0,2010500.0,No,Never,High,Low,0.6258,22.9,-9933.33,21180.0,41.8,0.2568,0
28,Female,Manager,Self-Employed,Single,3,28700.0,0.0,33000.0,0.0,31450.0,10400.0,19800.0,5600.0,4500.0,1500.0,6100.0,13500.0,12000.0,1100.0,11300.0,2900.0,88700.0,Business Loan,489000.0,16.5,48,13980.0,0.0,0.0,0.0,0.0,0.0,725,26400.0,545700.0,64600.0,No,Never,Moderate,Moderate,0.4445,6.45,-57250.0,14150.0,50.1,0.5625,1
40,Male,Manager,Salaried,Single,1,95500.0,0.0,0.0,0.0,95500.0,33000.0,15000.0,3400.0,5200.0,2300.0,9400.0,16500.0,9700.0,8200.0,20300.0,8000.0,131000.0,Education Loan,1468000.0,13.7,360,17050.0,0.0,0.0,0.0,0.0,0.0,795,560100.0,935300.0,2828000.0,No,Occasionally,Low,High,0.1785,11.42,-35500.0,42980.0,70.4,0.0232,0
49,Male,Manager,Salaried,Single,0,71400.0,0.0,0.0,0.0,71400.0,13500.0,14900.0,9600.0,2100.0,1700.0,6500.0,0.0,8400.0,8800.0,8700.0,6300.0,80500.0,Education Loan,1074000.0,8.7,36,34000.0,0.0,10500.0,0.0,0.0,10500.0,366,546100.0,1188300.0,1630900.0,No,Never,High,Moderate,0.6232,19.06,-19600.0,21630.0,41.2,0.8679,1
30,Male,Other,Salaried,Single,0,49500.0,8200.0,0.0,0.0,57700.0,7300.0,7400.0,4100.0,3800.0,2100.0,6100.0,0.0,1100.0,8900.0,17800.0,4400.0,63000.0,Education Loan,1906000.0,11.8,36,63120.0,14200.0,0.0,0.0,0.0,14200.0,867,114600.0,936000.0,1026800.0,No,Occasionally,Moderate,Moderate,1.34,13.61,-19500.0,11760.0,48.9,0.5315,1
63,Male,Analyst,Salaried,Married,1,49000.0,0.0,144000.0,0.0,61000.0,16100.0,12000.0,8400.0,2800.0,1700.0,3500.0,12200.0,7100.0,7200.0,4400.0,1400.0,76800.0,Vehicle Loan,2050000.0,14.2,180,27580.0,16100.0,8300.0,0.0,0.0,24400.0,314,548000.0,711900.0,372100.0,No,Occasionally,Moderate,Moderate,0.8521,12.45,-40200.0,3050.0,28.3,0.996,1
54,Male,Analyst,Salaried,Single,3,37100.0,0.0,0.0,0.0,37100.0,4000.0,12100.0,3600.0,5800.0,1900.0,10400.0,18000.0,3200.0,8700.0,4600.0,2300.0,74600.0,Business Loan,1661000.0,8.2,240,14100.0,0.0,0.0,0.0,0.0,0.0,746,46100.0,408500.0,698200.0,Yes,Occasionally,Moderate,Moderate,0.3801,6.09,-37500.0,16700.0,57.0,0.4117,0
46,Male,Software Engineer,Salaried,Married,2,56100.0,17800.0,0.0,0.0,73900.0,16300.0,14000.0,5400.0,3200.0,1400.0,2000.0,17800.0,7400.0,8000.0,16800.0,3100.0,95400.0,Personal Loan,1188000.0,7.7,120,14230.0,12800.0,0.0,0.0,0.0,12800.0,601,516200.0,988000.0,1778200.0,No,Never,Low,High,0.3658,13.9,-34300.0,20460.0,50.9,0.4679,1
61,Female,Business Owner,Salaried,Married,3,84500.0,17700.0,77000.0,0.0,108616.66666666667,18200.0,19800.0,5900.0,5800.0,2400.0,11800.0,12900.0,14900.0,2300.0,3900.0,4400.0,102300.0,Personal Loan,1097000.0,17.5,12,100310.0,32200.0,0.0,0.0,0.0,32200.0,829,231800.0,1598900.0,826500.0,No,Never,Low,Moderate,1.22,13.61,-25883.33,16680.0,40.0,0.3221,0
23,Female,Sales Executive,Business,Single,1,34500.0,7100.0,32000.0,64800.0,109066.66666666666,23800.0,15700.0,6000.0,4800.0,1500.0,6200.0,19900.0,13300.0,10900.0,5600.0,4500.0,112200.0,Education Loan,4541000.0,15.2,120,73820.0,22900.0,0.0,0.0,10400.0,33300.0,821,889700.0,1810000.0,130500.0,No,Occasionally,Moderate,High,0.9822,18.55,-36433.33,15780.0,45.3,0.0615,0
26,Female,Manager,Salaried,Single,0,22800.0,14300.0,22000.0,0.0,38933.333333333336,4100.0,13900.0,6100.0,4600.0,1600.0,3000.0,0.0,5300.0,7900.0,16400.0,1200.0,64100.0,Vehicle Loan,1231000.0,9.1,240,11150.0,0.0,5100.0,5800.0,0.0,10900.0,721,230800.0,463900.0,517100.0,No,Occasionally,High,Moderate,0.5664,9.26,-36066.67,6620.0,47.9,0.3265,0
25,Other,Business Owner,Self-Employed,Single,4,69700.0,14900.0,0.0,0.0,84600.0,9600.0,16300.0,3800.0,3500.0,1500.0,4900.0,11100.0,9300.0,9000.0,12100.0,7600.0,88700.0,Vehicle Loan,3523000.0,12.2,60,78720.0,0.0,0.0,0.0,11200.0,11200.0,768,515800.0,1284100.0,772700.0,No,Occasionally,Low,Moderate,1.0629,18.02,-15300.0,26870.0,47.0,0.1864,0
25,Male,Analyst,Self-Employed,Single,0,57700.0,18100.0,0.0,0.0,75800.0,7900.0,13300.0,6100.0,3200.0,1100.0,1200.0,0.0,8000.0,4800.0,14900.0,4800.0,65300.0,Education Loan,1966000.0,9.5,240,18330.0,0.0,0.0,0.0,2500.0,2500.0,471,287100.0,343100.0,650700.0,No,Occasionally,High,Moderate,0.2748,9.29,8000.0,31610.0,55.0,0.6392,1
43,Male,Teacher,Salaried,Married,3,28000.0,0.0,84000.0,0.0,35000.0,8900.0,15100.0,5900.0,3600.0,1000.0,2800.0,5400.0,2800.0,11100.0,24500.0,1100.0,82200.0,Personal Loan,1620000.0,7.6,12,140620.0,0.0,2100.0,4500.0,0.0,6600.0,428,111700.0,531200.0,761000.0,Yes,Never,High,Moderate,4.2063,7.24,-53800.0,9150.0,21.2,1.0,1
29,Other,Manager,Business,Single,1,34000.0,2800.0,61000.0,48700.0,90583.33333333334,21700.0,19200.0,3700.0,2500.0,600.0,4700.0,19500.0,14900.0,6500.0,16500.0,5900.0,115700.0,Vehicle Loan,3854000.0,11.6,48,100740.0,15300.0,0.0,0.0,0.0,15300.0,864,444000.0,190600.0,402300.0,No,Never,Low,Moderate,1.281,4.84,-40416.67,25460.0,31.5,0.9098,1
55,Male,Business Owner,Salaried,Married,0,31900.0,0.0,0.0,0.0,31900.0,5000.0,8800.0,9900.0,5500.0,1900.0,7100.0,0.0,7000.0,8500.0,15600.0,1500.0,70800.0,Home Loan,1301000.0,14.3,360,15720.0,10200.0,0.0,3000.0,4600.0,17800.0,854,245600.0,431000.0,622900.0,No,Occasionally,Low,Low,1.0508,7.64,-56700.0,0.0,46.7,0.5,1
40,Female,Analyst,Salaried,Married,2,34100.0,3800.0,0.0,0.0,37900.0,9900.0,16400.0,8900.0,5000.0,1100.0,2400.0,9000.0,8100.0,11500.0,10700.0,6000.0,89000.0,Education Loan,247000.0,17.5,60,6210.0,8000.0,3300.0,0.0,0.0,11300.0,456,79500.0,551000.0,69700.0,No,Occasionally,Low,Low,0.462,6.29,-62400.0,5760.0,39.9,0.9736,1
62,Male,Accountant,Self-Employed,Married,4,41700.0,0.0,93000.0,0.0,49450.0,15900.0,22500.0,9100.0,5000.0,1300.0,8400.0,6600.0,10100.0,11100.0,16500.0,5900.0,112400.0,Personal Loan,2581000.0,15.6,36,90230.0,0.0,5900.0,0.0,14400.0,20300.0,725,408200.0,958500.0,1364700.0,Yes,Never,Low,High,2.2352,10.3,-83250.0,1950.0,40.1,0.9992,1
55,Male,Analyst,Salaried,Married,4,42900.0,0.0,72000.0,0.0,48900.0,8300.0,24700.0,7500.0,3200.0,2300.0,10300.0,7900.0,3700.0,8100.0,2300.0,7900.0,86200.0,Home Loan,1257000.0,9.9,36,40500.0,0.0,6400.0,0.0,0.0,6400.0,742,247400.0,440800.0,859800.0,No,Frequently,Moderate,Moderate,0.9591,7.43,-43700.0,15600.0,44.3,0.6062,1
38,Male,Doctor,Self-Employed,Married,0,35400.0,0.0,47000.0,0.0,39316.666666666664,12100.0,10100.0,3300.0,1400.0,1600.0,7300.0,0.0,4100.0,2800.0,14800.0,3400.0,60900.0,Business Loan,490000.0,11.0,360,4670.0,0.0,0.0,0.0,4200.0,4200.0,481,188600.0,124500.0,1098100.0,No,Occasionally,Low,Moderate,0.2256,4.81,-25783.33,13490.0,49.8,0.8104,1
37,Female,Other,Salaried,Single,0,33600.0,0.0,39000.0,0.0,36850.0,9800.0,9000.0,6500.0,4400.0,700.0,4300.0,0.0,3700.0,11500.0,3600.0,2000.0,55500.0,Personal Loan,1716000.0,13.0,12,153270.0,0.0,0.0,4900.0,0.0,4900.0,350,24200.0,271100.0,959400.0,No,Occasionally,Low,Moderate,4.2923,4.89,-23550.0,11680.0,15.6,1.0,1
44,Female,Other,Self-Employed,Single,1,43700.0,12500.0,123000.0,0.0,66450.0,7200.0,12000.0,8600.0,2900.0,2100.0,2300.0,6300.0,6400.0,11800.0,7100.0,1600.0,68300.0,Home Loan,2110000.0,9.5,120,27300.0,0.0,0.0,0.0,10500.0,10500.0,609,111600.0,595700.0,1734000.0,Yes,Never,Moderate,Moderate,0.5688,8.98,-12350.0,19400.0,46.2,0.7923,1
23,Female,Manager,Salaried,Married,2,53300.0,7000.0,0.0,0.0,60300.0,11700.0,12500.0,2300.0,5400.0,1000.0,1200.0,16800.0,3800.0,2100.0,15000.0,1500.0,73300.0,Business Loan,408000.0,16.2,120,6890.0,0.0,0.0,0.0,7000.0,7000.0,783,277600.0,942500.0,216600.0,No,Never,Moderate,Moderate,0.2303,15.19,-20000.0,20140.0,65.5,0.005,0
52,Male,Accountant,Salaried,Single,2,41900.0,21900.0,0.0,0.0,63800.0,14500.0,17200.0,6000.0,4900.0,1600.0,9000.0,4100.0,14000.0,6000.0,17400.0,6700.0,101400.0,Vehicle Loan,3063000.0,9.3,240,28150.0,0.0,0.0,0.0,0.0,0.0,555,626700.0,289600.0,1331900.0,No,Frequently,Moderate,Low,0.4412,9.04,-37600.0,28710.0,51.5,0.8546,1
55,Male,Accountant,Salaried,Married,0,87500.0,15500.0,120000.0,0.0,113000.0,32000.0,17100.0,5200.0,1700.0,1500.0,7900.0,0.0,11000.0,7000.0,10900.0,6000.0,100300.0,Personal Loan,3269000.0,10.5,240,32640.0,0.0,0.0,0.0,4700.0,4700.0,811,325000.0,477600.0,1357300.0,No,Never,Low,Moderate,0.3304,7.64,8000.0,46150.0,66.5,0.0165,0
58,Male,Manager,Self-Employed,Married,4,63200.0,0.0,0.0,0.0,63200.0,10900.0,13800.0,3700.0,4000.0,1000.0,6200.0,7700.0,13600.0,2000.0,11600.0,7800.0,82300.0,Personal Loan,2940000.0,13.6,12,263420.0,0.0,0.0,0.0,0.0,0.0,488,37800.0,327100.0,870500.0,No,Occasionally,Low,Moderate,4.168,4.43,-19100.0,28440.0,18.5,1.0,1
33,Male,Business Owner,Self-Employed,Married,2,22100.0,15200.0,21000.0,0.0,39050.0,13500.0,15900.0,5000.0,4500.0,700.0,2100.0,11400.0,12900.0,3100.0,13500.0,3200.0,85800.0,Vehicle Loan,1818000.0,8.8,180,18220.0,11500.0,6100.0,0.0,0.0,17600.0,823,181200.0,210400.0,327000.0,No,Frequently,Low,Low,0.9173,3.79,-64350.0,0.0,38.6,0.7902,1
45,Female,Manager,Salaried,Married,2,63700.0,0.0,62000.0,0.0,68866.66666666667,18700.0,20600.0,9900.0,3800.0,900.0,3300.0,9500.0,10800.0,6900.0,19500.0,6600.0,110500.0,Personal Loan,723000.0,14.1,12,64950.0,0.0,0.0,0.0,0.0,0.0,556,44900.0,1277600.0,288900.0,No,Never,Low,Moderate,0.9431,11.97,-41633.33,30990.0,37.0,0.944,1
29,Male,Sales Executive,Salaried,Married,1,66400.0,5900.0,148000.0,0.0,84633.33333333333,16400.0,7400.0,7800.0,3600.0,700.0,10000.0,12700.0,4400.0,11600.0,2400.0,1700.0,78700.0,Education Loan,3278000.0,17.4,240,49080.0,16100.0,0.0,0.0,0.0,16100.0,579,312600.0,342500.0,777700.0,No,Occasionally,High,Low,0.7701,6.91,-10166.67,21980.0,34.9,0.8256,1
24,Female,Sales Executive,Salaried,Married,1,39400.0,0.0,60000.0,0.0,44400.0,5500.0,12900.0,4400.0,2100.0,1100.0,6300.0,16500.0,9600.0,1300.0,12300.0,7300.0,79300.0,Home Loan,1101000.0,14.8,60,26080.0,11200.0,0.0,0.0,1100.0,12300.0,604,171500.0,392800.0,732000.0,No,Never,Low,Low,0.8644,6.16,-47200.0,7680.0,39.5,0.9435,1
34,Female,Other,Business,Married,4,23200.0,0.0,0.0,29000.0,52200.0,7600.0,24100.0,6800.0,2200.0,2500.0,11600.0,19800.0,3600.0,11000.0,2300.0,1400.0,92900.0,Business Loan,1830000.0,16.0,24,89600.0,0.0,0.0,0.0,8400.0,8400.0,780,27300.0,452200.0,642100.0,No,Occasionally,Moderate,High,1.8774,4.73,-49100.0,15090.0,29.9,0.9975,1
57,Male,Analyst,Salaried,Married,1,49200.0,3100.0,0.0,0.0,52300.0,11600.0,18600.0,4000.0,4800.0,1300.0,12000.0,8200.0,2900.0,10900.0,9300.0,6500.0,90100.0,Business Loan,516000.0,12.1,36,17160.0,14500.0,4000.0,0.0,10700.0,29200.0,572,413500.0,179100.0,1104400.0,No,Never,Low,Low,0.8864,4.97,-67000.0,0.0,30.3,0.9815,1
54,Female,Manager,Self-Employed,Married,3,48800.0,18200.0,0.0,0.0,67000.0,15000.0,17200.0,6900.0,1100.0,2200.0,9800.0,12400.0,9900.0,10400.0,14000.0,3200.0,102100.0,Home Loan,2502000.0,11.3,360,24400.0,0.0,9700.0,0.0,14000.0,23700.0,580,614500.0,205700.0,1686500.0,No,Occasionally,Moderate,Moderate,0.7179,6.52,-58800.0,6450.0,42.4,0.9575,1
31,Male,Manager,Self-Employed,Married,4,28000.0,11500.0,53000.0,0.0,43916.666666666664,12800.0,12300.0,9200.0,4900.0,1600.0,3800.0,10900.0,9700.0,5200.0,3800.0,2300.0,76500.0,Education Loan,2098000.0,11.0,24,97780.0,13800.0,0.0,0.0,3800.0,17600.0,362,438600.0,803100.0,277600.0,No,Never,Low,Moderate,2.6272,13.2,-50183.33,2160.0,22.3,1.0,1
61,Male,Business Owner,Salaried,Married,2,23700.0,9100.0,0.0,0.0,32800.0,9200.0,9500.0,6500.0,3600.0,1800.0,3500.0,20000.0,3200.0,6400.0,13200.0,5900.0,82800.0,Personal Loan,1944000.0,14.4,48,53510.0,5300.0,0.0,0.0,13900.0,19200.0,301,174900.0,554000.0,55400.0,Yes,Never,Low,Moderate,2.2168,7.15,-69200.0,0.0,13.5,1.0,1
23,Male,Software Engineer,Salaried,Married,1,46900.0,0.0,98000.0,0.0,55066.666666666664,8300.0,14200.0,7900.0,5700.0,800.0,3800.0,16800.0,5900.0,5400.0,23300.0,7300.0,99400.0,Vehicle Loan,1245000.0,12.9,180,15670.0,13300.0,7400.0,0.0,0.0,20700.0,801,187900.0,1031500.0,1636900.0,Yes,Occasionally,High,Low,0.6605,10.15,-65033.33,4080.0,59.3,0.197,0
48,Female,Other,Salaried,Married,0,43600.0,21300.0,87000.0,0.0,72150.0,17900.0,5700.0,5600.0,6000.0,1000.0,11900.0,0.0,1900.0,11400.0,17800.0,6300.0,85500.0,Vehicle Loan,976000.0,12.5,240,11090.0,0.0,7700.0,9100.0,12200.0,29000.0,662,527900.0,506900.0,1910500.0,No,Never,Moderate,Low,0.5556,9.04,-42350.0,3470.0,48.4,0.6569,1
49,Male,Other,Self-Employed,Married,0,39800.0,3500.0,93000.0,0.0,51050.0,5400.0,6100.0,6200.0,4300.0,1500.0,4700.0,0.0,11000.0,6700.0,20000.0,3200.0,69100.0,Personal Loan,1283000.0,8.6,36,40560.0,11200.0,9400.0,0.0,0.0,20600.0,413,382700.0,561700.0,406000.0,No,Occasionally,Moderate,Low,1.198,10.53,-38650.0,2370.0,20.9,0.9968,1
29,Female,Other,Salaried,Single,0,47000.0,0.0,0.0,0.0,47000.0,9400.0,14800.0,7600.0,3100.0,2300.0,8800.0,0.0,14800.0,1900.0,15300.0,3500.0,81500.0,Business Loan,285000.0,14.6,360,3510.0,15600.0,0.0,0.0,0.0,15600.0,505,192800.0,275400.0,229300.0,No,Occasionally,Low,High,0.4066,4.82,-50100.0,5550.0,38.9,0.9532,1
23,Female,Analyst,Salaried,Married,0,28200.0,0.0,0.0,0.0,28200.0,8200.0,14500.0,8500.0,3400.0,600.0,11500.0,0.0,11400.0,4000.0,22600.0,2300.0,87000.0,Home Loan,775000.0,15.1,240,10260.0,8500.0,0.0,0.0,0.0,8500.0,464,165600.0,238200.0,804600.0,Yes,Occasionally,Low,Low,0.6652,4.23,-67300.0,4190.0,34.4,0.9951,1
45,Male,Teacher,Self-Employed,Single,0,39400.0,0.0,0.0,0.0,39400.0,7900.0,15800.0,7300.0,2000.0,1500.0,10000.0,0.0,12800.0,6100.0,5400.0,6800.0,75600.0,Home Loan,2179000.0,9.6,120,28320.0,0.0,6300.0,4500.0,0.0,10800.0,374,327300.0,633900.0,274700.0,No,Occasionally,Moderate,Low,0.9929,11.12,-47000.0,6930.0,27.8,0.9949,1
54,Female,Software Engineer,Salaried,Married,0,64000.0,13700.0,0.0,0.0,77700.0,24000.0,5500.0,9800.0,1500.0,600.0,7600.0,0.0,7700.0,11500.0,12300.0,1700.0,82200.0,Business Loan,1219000.0,15.5,240,16500.0,0.0,0.0,0.0,0.0,0.0,870,178500.0,780800.0,517200.0,No,Frequently,Moderate,Low,0.2124,11.67,-4500.0,34960.0,79.6,0.005,0
32,Female,Analyst,Salaried,Married,1,41200.0,0.0,0.0,0.0,41200.0,14200.0,8800.0,8600.0,3900.0,1400.0,2900.0,12600.0,2300.0,7300.0,15700.0,7300.0,85000.0,Home Loan,1289000.0,16.7,240,18610.0,0.0,0.0,4200.0,8800.0,13000.0,731,28600.0,127000.0,135800.0,Yes,Occasionally,Low,Moderate,0.7672,1.59,-56800.0,5540.0,37.3,0.9445,1
62,Male,Sales Executive,Salaried,Divorced,1,21200.0,0.0,0.0,0.0,21200.0,5300.0,17700.0,8200.0,5000.0,1800.0,2900.0,14400.0,11200.0,8700.0,22100.0,5200.0,102500.0,Business Loan,774000.0,9.3,36,24720.0,6600.0,0.0,0.0,0.0,6600.0,372,119300.0,22500.0,183100.0,Yes,Never,Moderate,High,1.4774,1.3,-87900.0,2940.0,12.9,1.0,1
29,Male,Business Owner,Salaried,Single,0,38700.0,0.0,66000.0,0.0,44200.0,6000.0,14100.0,8800.0,2300.0,2000.0,6400.0,0.0,4600.0,2000.0,9100.0,5100.0,60400.0,Education Loan,658000.0,12.2,180,7980.0,0.0,0.0,0.0,10700.0,10700.0,527,301100.0,242500.0,1115200.0,Yes,Never,Low,Moderate,0.4226,7.65,-26900.0,9190.0,46.0,0.8771,1
35,Female,Sales Executive,Self-Employed,Married,0,28700.0,0.0,0.0,0.0,28700.0,5600.0,15300.0,4200.0,3100.0,800.0,11500.0,0.0,6400.0,10700.0,2000.0,6900.0,66500.0,Personal Loan,665000.0,16.7,240,9600.0,5900.0,0.0,3300.0,2600.0,11800.0,321,171100.0,128600.0,490600.0,No,Occasionally,Moderate,Moderate,0.7456,3.83,-49600.0,1120.0,28.1,0.9991,1
60,Male,Accountant,Salaried,Married,2,56000.0,10300.0,0.0,0.0,66300.0,6800.0,21900.0,5500.0,3800.0,800.0,10900.0,8900.0,10800.0,6900.0,24400.0,5700.0,106400.0,Business Loan,3655000.0,12.6,120,53710.0,0.0,11500.0,0.0,0.0,11500.0,470,408700.0,1066600.0,183000.0,No,Never,Moderate,Moderate,0.9836,12.51,-51600.0,18340.0,39.2,0.9911,1
45,Female,Other,Salaried,Single,1,57500.0,12900.0,157000.0,0.0,83483.33333333333,20900.0,18100.0,6500.0,5500.0,1400.0,2800.0,15500.0,13700.0,11100.0,2600.0,3100.0,101200.0,Education Loan,1775000.0,16.1,120,29840.0,0.0,0.0,0.0,3400.0,3400.0,529,353500.0,1140900.0,2422900.0,No,Never,Low,Moderate,0.3982,14.29,-21116.67,34170.0,53.3,0.336,0
25,Male,Doctor,Business,Single,1,21400.0,0.0,50000.0,22800.0,48366.66666666667,14800.0,13300.0,5700.0,1700.0,2500.0,4200.0,3400.0,7800.0,5900.0,5500.0,3400.0,68200.0,Business Loan,1932000.0,9.8,180,20530.0,0.0,3100.0,0.0,0.0,3100.0,671,323500.0,818700.0,782800.0,No,Never,Low,High,0.4886,16.02,-22933.33,18670.0,57.5,0.1482,0
31,Male,Other,Salaried,Married,2,71600.0,0.0,62000.0,0.0,76766.66666666667,19800.0,12400.0,8800.0,2200.0,1200.0,7500.0,3500.0,14500.0,8500.0,11700.0,2200.0,92300.0,Education Loan,962000.0,8.2,48,23580.0,24900.0,4100.0,0.0,0.0,29000.0,788,69600.0,687600.0,959700.0,No,Occasionally,Moderate,Moderate,0.6849,6.24,-44533.33,5540.0,49.1,0.4831,1
54,Male,Other,Unemployed,Married,2,28100.0,0.0,0.0,0.0,28100.0,8300.0,16000.0,2200.0,5600.0,1400.0,6300.0,15200.0,8300.0,6200.0,13400.0,4200.0,87100.0,Education Loan,1176000.0,8.1,360,8710.0,0.0,0.0,0.0,11800.0,11800.0,482,54400.0,339700.0,661100.0,No,Occasionally,Moderate,Low,0.7299,3.98,-70800.0,840.0,33.7,0.9985,1
44,Male,Business Owner,Unemployed,Single,1,106900.0,22100.0,219000.0,0.0,147250.0,44200.0,14900.0,3700.0,1200.0,1400.0,2300.0,18800.0,2700.0,2600.0,21200.0,1800.0,114800.0,Education Loan,2997000.0,17.7,36,107900.0,0.0,0.0,0.0,0.0,0.0,875,695900.0,1314900.0,2475300.0,No,Never,Moderate,Low,0.7328,17.52,32450.0,66260.0,70.8,0.042,0
35,Female,Software Engineer,Salaried,Married,2,47800.0,0.0,97000.0,0.0,55883.333333333336,17500.0,12700.0,9100.0,4300.0,700.0,5100.0,13700.0,8300.0,4000.0,12300.0,5600.0,93300.0,Personal Loan,990000.0,9.2,180,10160.0,0.0,0.0,0.0,0.0,0.0,308,528600.0,290800.0,1501800.0,No,Occasionally,Moderate,Moderate,0.1818,8.78,-37416.67,25150.0,46.3,0.9637,1
58,Male,Sales Executive,Salaried,Married,4,26300.0,0.0,74000.0,0.0,32466.666666666668,5400.0,22800.0,2500.0,4200.0,2000.0,11500.0,15400.0,13000.0,1700.0,14600.0,2200.0,95300.0,Business Loan,384000.0,16.6,360,5350.0,0.0,3400.0,0.0,0.0,3400.0,503,215000.0,421700.0,684100.0,No,Never,Moderate,High,0.2695,6.45,-66233.33,11210.0,53.8,0.8849,1
28,Female,Accountant,Self-Employed,Married,2,27700.0,4000.0,0.0,0.0,31700.0,10100.0,9300.0,3800.0,2900.0,1000.0,11500.0,17000.0,8500.0,5800.0,6600.0,7000.0,83500.0,Business Loan,240000.0,10.8,240,2440.0,11000.0,0.0,4200.0,0.0,15200.0,461,122800.0,265800.0,635500.0,No,Occasionally,Low,Moderate,0.5565,3.94,-67000.0,0.0,37.8,0.9906,1
25,Female,Other,Salaried,Married,1,58300.0,0.0,64000.0,0.0,63633.333333333336,16800.0,16900.0,4800.0,3300.0,1900.0,7200.0,9100.0,11500.0,8100.0,15100.0,5900.0,100600.0,Business Loan,3706000.0,7.9,180,35200.0,0.0,0.0,0.0,14100.0,14100.0,758,308700.0,365100.0,644800.0,Yes,Never,Low,Moderate,0.7748,5.87,-51066.67,14540.0,50.0,0.7462,1
46,Female,Manager,Salaried,Married,2,40300.0,15700.0,0.0,0.0,56000.0,9700.0,8400.0,8000.0,5300.0,1500.0,8000.0,4800.0,8700.0,3700.0,10000.0,7200.0,75300.0,Education Loan,1555000.0,10.0,60,33040.0,0.0,0.0,0.0,5600.0,5600.0,618,477900.0,1054500.0,1662900.0,No,Never,Low,Moderate,0.69,18.94,-24900.0,19600.0,50.8,0.2107,0
38,Female,Teacher,Self-Employed,Divorced,0,46700.0,0.0,111000.0,0.0,55950.0,19400.0,11000.0,6500.0,1800.0,1700.0,3400.0,0.0,8600.0,6400.0,4300.0,1600.0,64700.0,Home Loan,2673000.0,12.8,24,126830.0,0.0,0.0,4400.0,0.0,4400.0,508,316300.0,170600.0,1094200.0,No,Never,Low,Low,2.3455,7.05,-13150.0,20780.0,19.5,1.0,1
26,Male,Manager,Salaried,Married,1,109800.0,15400.0,0.0,0.0,125200.0,42300.0,18100.0,9600.0,2200.0,600.0,9200.0,19000.0,5000.0,6000.0,23800.0,6600.0,142400.0,Home Loan,6962000.0,8.6,24,316780.0,0.0,0.0,0.0,0.0,0.0,674,119500.0,1973000.0,1659700.0,No,Never,High,Low,2.5302,14.69,-17200.0,56340.0,38.9,0.9991,1
57,Male,Manager,Business,Single,4,34600.0,0.0,72000.0,28000.0,68600.0,16700.0,13200.0,3800.0,3600.0,2300.0,1600.0,10500.0,3800.0,6900.0,3900.0,7200.0,73500.0,Business Loan,1113000.0,17.2,48,32230.0,0.0,0.0,0.0,0.0,0.0,855,306000.0,784900.0,303600.0,No,Never,Low,Low,0.4698,14.84,-4900.0,30870.0,66.1,0.004,0
33,Female,Business Owner,Salaried,Single,1,50500.0,0.0,82000.0,0.0,57333.333333333336,17800.0,13200.0,9000.0,3000.0,1000.0,3400.0,6700.0,4900.0,3000.0,17600.0,1300.0,80900.0,Home Loan,3030000.0,16.9,60,75140.0,0.0,0.0,0.0,11900.0,11900.0,659,240000.0,888500.0,955700.0,Yes,Occasionally,Low,Moderate,1.5181,12.16,-35466.67,13900.0,35.3,0.9818,1
48,Male,Doctor,Salaried,Married,3,99700.0,0.0,0.0,0.0,99700.0,16500.0,12200.0,4300.0,3900.0,1800.0,1100.0,18200.0,7200.0,6900.0,22900.0,8000.0,103000.0,Home Loan,4381000.0,9.1,48,109230.0,0.0,0.0,0.0,0.0,0.0,823,902200.0,269900.0,1992800.0,No,Never,Low,High,1.0956,11.38,-3300.0,44860.0,46.8,0.3702,0
25,Female,Doctor,Salaried,Married,1,56100.0,18600.0,143000.0,0.0,86616.66666666667,17700.0,18500.0,4000.0,5600.0,2100.0,5200.0,15000.0,12300.0,5000.0,6100.0,3100.0,94600.0,Home Loan,3187000.0,15.2,24,154830.0,0.0,0.0,0.0,0.0,0.0,514,294600.0,729100.0,965300.0,No,Frequently,Low,Low,1.7875,10.82,-7983.33,38980.0,26.4,0.9985,1
33,Male,Sales Executive,Business,Married,4,22000.0,6000.0,0.0,36600.0,64600.0,9400.0,23700.0,6000.0,5600.0,1600.0,10400.0,3100.0,12600.0,4100.0,7500.0,2500.0,86500.0,Education Loan,3198000.0,12.3,48,84690.0,0.0,5500.0,0.0,11100.0,16600.0,606,72000.0,1041700.0,125200.0,No,Occasionally,Low,Low,1.568,10.8,-38500.0,12470.0,31.9,0.9958,1
37,Female,Doctor,Self-Employed,Married,1,63100.0,0.0,0.0,0.0,63100.0,14500.0,19100.0,2600.0,2200.0,1200.0,11800.0,4800.0,3300.0,7400.0,11800.0,3900.0,82600.0,Business Loan,700000.0,17.8,60,17700.0,0.0,0.0,0.0,0.0,0.0,779,244200.0,1040300.0,1511400.0,No,Never,Moderate,Moderate,0.2805,15.55,-19500.0,28400.0,67.1,0.008,0
60,Female,Manager,Self-Employed,Married,0,27400.0,11400.0,0.0,0.0,38800.0,8700.0,16200.0,5100.0,2500.0,2500.0,8300.0,0.0,8700.0,2600.0,8800.0,1100.0,64500.0,Business Loan,757000.0,8.1,48,18520.0,0.0,0.0,0.0,0.0,0.0,731,35600.0,620400.0,761200.0,No,Occasionally,Low,High,0.4773,10.17,-25700.0,17460.0,60.5,0.2514,0
52,Female,Business Owner,Salaried,Married,1,99100.0,15400.0,160000.0,0.0,127833.33333333333,19600.0,16300.0,4800.0,1800.0,1100.0,9200.0,3600.0,6800.0,10900.0,19500.0,7200.0,100800.0,Vehicle Loan,1561000.0,12.4,120,22760.0,0.0,0.0,0.0,0.0,0.0,835,1074700.0,1935700.0,2625300.0,No,Occasionally,Low,High,0.178,29.87,27033.33,57520.0,81.5,0.0,0
49,Female,Accountant,Salaried,Single,0,32500.0,18200.0,0.0,0.0,50700.0,13600.0,6600.0,3300.0,5600.0,2400.0,3900.0,0.0,9000.0,11300.0,9800.0,2900.0,68400.0,Vehicle Loan,2752000.0,10.5,180,30420.0,0.0,0.0,0.0,7000.0,7000.0,353,309600.0,413500.0,372700.0,No,Occasionally,Low,Moderate,0.7381,9.59,-24700.0,15820.0,34.8,0.9951,1
23,Female,Sales Executive,Salaried,Married,0,216400.0,20600.0,116000.0,0.0,246666.66666666666,31900.0,8200.0,8900.0,3000.0,800.0,6700.0,0.0,10100.0,8300.0,24700.0,4700.0,107300.0,Home Loan,2574000.0,15.1,60,61370.0,0.0,37700.0,0.0,0.0,37700.0,352,1223200.0,3603200.0,967200.0,No,Occasionally,Moderate,Low,0.4016,33.29,101666.67,73300.0,64.4,0.015,0
60,Female,Analyst,Salaried,Single,2,102100.0,0.0,255000.0,0.0,123350.0,14200.0,15000.0,5100.0,3200.0,1300.0,9100.0,6100.0,4900.0,4300.0,21800.0,5400.0,90400.0,Business Loan,7265000.0,8.7,360,56890.0,31700.0,0.0,0.0,0.0,31700.0,604,483400.0,379800.0,1672900.0,No,Frequently,Low,Moderate,0.7182,7.07,1250.0,23810.0,44.0,0.8107,1
54,Female,Accountant,Salaried,Divorced,0,32900.0,4600.0,43000.0,0.0,41083.333333333336,8100.0,12200.0,9900.0,5000.0,800.0,6500.0,0.0,13900.0,7900.0,22600.0,6500.0,93400.0,Home Loan,454000.0,14.1,48,12430.0,0.0,0.0,0.0,8200.0,8200.0,423,183500.0,168000.0,297400.0,No,Occasionally,Moderate,Low,0.5022,3.46,-60516.67,10290.0,35.3,0.996,1
60,Male,Software Engineer,Salaried,Single,2,49500.0,0.0,69000.0,0.0,55250.0,11200.0,19000.0,9200.0,3600.0,500.0,2000.0,9000.0,14100.0,7600.0,3500.0,2800.0,82500.0,Education Loan,2287000.0,17.5,24,113620.0,0.0,0.0,0.0,0.0,0.0,467,441100.0,622000.0,1294500.0,No,Frequently,Low,High,2.0565,12.89,-27250.0,24860.0,31.8,0.9999,1
47,Male,Software Engineer,Salaried,Divorced,0,71500.0,0.0,0.0,0.0,71500.0,12900.0,7200.0,3600.0,1600.0,1000.0,9100.0,0.0,2500.0,5300.0,6100.0,6000.0,55300.0,Business Loan,2955000.0,12.3,240,33160.0,13100.0,0.0,0.0,4600.0,17700.0,749,158000.0,818100.0,1141100.0,No,Occasionally,Moderate,High,0.7113,13.37,-1500.0,14480.0,57.6,0.1828,0
33,Male,Software Engineer,Business,Single,0,72500.0,0.0,0.0,41000.0,113500.0,18700.0,5800.0,6000.0,3200.0,700.0,3400.0,0.0,10800.0,4200.0,5900.0,1800.0,60500.0,Education Loan,6381000.0,12.3,48,168980.0,0.0,0.0,13800.0,0.0,13800.0,333,133800.0,1130900.0,449600.0,Yes,Occasionally,Low,Moderate,1.6104,17.02,39200.0,37280.0,42.2,0.9977,1
53,Female,Software Engineer,Salaried,Single,4,61200.0,22000.0,0.0,0.0,83200.0,15400.0,18800.0,6800.0,4200.0,2500.0,2100.0,11500.0,1500.0,2900.0,17500.0,5900.0,89100.0,Education Loan,1895000.0,12.7,48,50560.0,0.0,0.0,0.0,0.0,0.0,643,485600.0,1245100.0,489900.0,No,Never,Low,Low,0.6077,19.42,-5900.0,37440.0,50.5,0.0269,0
26,Male,Business Owner,Business,Single,1,91700.0,8900.0,223000.0,62900.0,182083.3333333333,25600.0,8200.0,8600.0,4600.0,2000.0,6300.0,7700.0,1700.0,3400.0,2300.0,7400.0,77800.0,Business Loan,4235000.0,11.9,36,140460.0,0.0,0.0,21700.0,0.0,21700.0,759,1576800.0,2132700.0,4844400.0,No,Never,Moderate,Low,0.8906,37.28,82583.33,60240.0,68.2,0.0003,0
44,Female,Accountant,Salaried,Married,2,46100.0,19300.0,0.0,0.0,65400.0,13100.0,17700.0,9100.0,4200.0,500.0,1800.0,8300.0,14400.0,8200.0,20500.0,1600.0,99400.0,Home Loan,3371000.0,12.2,360,35190.0,11500.0,0.0,0.0,6700.0,18200.0,371,382000.0,147000.0,1239200.0,No,Occasionally,High,Moderate,0.8164,4.5,-52200.0,11230.0,21.6,0.9994,1
39,Female,Other,Salaried,Married,2,40800.0,21600.0,0.0,0.0,62400.0,20400.0,16100.0,7000.0,1600.0,900.0,7900.0,3700.0,10700.0,10700.0,14600.0,1800.0,95400.0,Vehicle Loan,3670000.0,12.4,48,97370.0,14100.0,4700.0,0.0,6800.0,25600.0,428,503200.0,1114300.0,749800.0,No,Frequently,Low,High,1.9707,13.37,-58600.0,2480.0,23.3,0.9999,1
36,Female,Teacher,Salaried,Married,1,41200.0,17600.0,95000.0,0.0,66716.66666666667,10400.0,16400.0,2300.0,2500.0,1800.0,8000.0,3800.0,5500.0,5200.0,15000.0,4900.0,75800.0,Home Loan,444000.0,18.0,24,22170.0,15100.0,0.0,0.0,14700.0,29800.0,309,599200.0,862800.0,1442600.0,Yes,Never,Moderate,Moderate,0.779,13.84,-38883.33,220.0,36.6,0.9933,1
60,Female,Sales Executive,Salaried,Divorced,3,75300.0,0.0,0.0,0.0,75300.0,20400.0,10900.0,5900.0,4700.0,1300.0,3800.0,15200.0,10400.0,2300.0,14400.0,1300.0,90600.0,Vehicle Loan,3008000.0,8.7,12,262640.0,0.0,0.0,0.0,5800.0,5800.0,399,92700.0,1356400.0,1827200.0,Yes,Occasionally,Low,Low,3.5649,15.03,-21100.0,28080.0,25.1,1.0,1
48,Male,Analyst,Salaried,Married,2,58800.0,0.0,44000.0,0.0,62466.666666666664,8500.0,21500.0,9100.0,5400.0,2200.0,11600.0,4900.0,12800.0,1100.0,14300.0,2300.0,93700.0,Personal Loan,1149000.0,10.5,12,101280.0,14200.0,0.0,0.0,2800.0,17000.0,596,380900.0,572200.0,214400.0,No,Occasionally,Moderate,High,1.8935,8.61,-48233.33,11110.0,26.4,0.9996,1
53,Female,Manager,Salaried,Married,1,56700.0,0.0,0.0,0.0,56700.0,10700.0,6000.0,7700.0,1200.0,1500.0,10100.0,11100.0,13200.0,5500.0,6600.0,2300.0,75900.0,Vehicle Loan,2554000.0,9.7,240,24140.0,13300.0,0.0,0.0,0.0,13300.0,818,476900.0,58700.0,1432200.0,No,Never,Moderate,Moderate,0.6603,6.0,-32500.0,12220.0,53.7,0.4057,0
61,Female,Software Engineer,Salaried,Married,3,73000.0,0.0,0.0,0.0,73000.0,13200.0,14600.0,9000.0,1200.0,1800.0,2200.0,17300.0,1300.0,3600.0,8500.0,4400.0,77100.0,Business Loan,3467000.0,13.2,12,309990.0,14900.0,0.0,10500.0,13800.0,39200.0,789,482800.0,1130800.0,2072900.0,No,Occasionally,High,Low,4.7834,13.87,-43300.0,0.0,42.5,1.0,1
33,Male,Analyst,Self-Employed,Single,0,17600.0,0.0,0.0,0.0,17600.0,5900.0,13500.0,7400.0,4200.0,1700.0,9200.0,0.0,12500.0,4500.0,13200.0,2700.0,74800.0,Vehicle Loan,826000.0,7.5,60,16550.0,0.0,0.0,2300.0,0.0,2300.0,459,107700.0,206900.0,47500.0,No,Frequently,Moderate,Low,1.071,4.08,-59500.0,5620.0,14.7,0.9981,1
63,Male,Teacher,Self-Employed,Single,1,57200.0,0.0,0.0,0.0,57200.0,11800.0,6600.0,2400.0,3700.0,1800.0,4900.0,8900.0,12900.0,3700.0,17600.0,4300.0,78600.0,Personal Loan,1656000.0,17.2,240,24540.0,0.0,0.0,8500.0,0.0,8500.0,418,456800.0,78600.0,556100.0,No,Occasionally,Low,Moderate,0.5776,6.15,-29900.0,17240.0,40.9,0.9916,1
45,Female,Analyst,Self-Employed,Married,4,54700.0,12100.0,139000.0,0.0,78383.33333333333,21400.0,13200.0,9700.0,1800.0,1000.0,9300.0,17800.0,9300.0,8300.0,8300.0,4600.0,104700.0,Vehicle Loan,1072000.0,13.1,180,13630.0,12400.0,11800.0,8900.0,7900.0,41000.0,395,565800.0,931200.0,394900.0,No,Never,Low,Low,0.697,10.27,-67316.67,0.0,38.4,0.9961,1
62,Female,Accountant,Salaried,Married,2,112900.0,4200.0,0.0,0.0,117100.0,29300.0,9100.0,9300.0,3700.0,1200.0,9800.0,17700.0,7700.0,8000.0,20500.0,6100.0,122400.0,Home Loan,4352000.0,16.9,180,66670.0,0.0,0.0,6200.0,0.0,6200.0,802,616600.0,2188700.0,1510400.0,Yes,Frequently,Low,High,0.6223,21.81,-11500.0,46500.0,57.7,0.0049,0
56,Male,Analyst,Salaried,Divorced,2,22800.0,19000.0,0.0,0.0,41800.0,5700.0,16100.0,3000.0,5900.0,600.0,2700.0,18000.0,2600.0,11000.0,20600.0,7600.0,93800.0,Vehicle Loan,2023000.0,11.1,240,21020.0,9000.0,4900.0,0.0,0.0,13900.0,658,38400.0,207600.0,276000.0,No,Never,Moderate,Low,0.8354,2.28,-65900.0,4910.0,30.9,0.975,1
47,Female,Software Engineer,Salaried,Married,2,106800.0,20400.0,314000.0,0.0,153366.66666666666,51400.0,20500.0,2900.0,4200.0,1700.0,8300.0,12700.0,4400.0,8700.0,8300.0,4500.0,127600.0,Business Loan,8461000.0,9.1,36,269450.0,0.0,0.0,0.0,12900.0,12900.0,385,970300.0,974400.0,1667400.0,No,Never,Moderate,Moderate,1.841,13.84,12866.67,56120.0,29.6,0.9996,1
58,Female,Teacher,Salaried,Single,2,50900.0,0.0,147000.0,0.0,63150.0,11800.0,15800.0,6300.0,3200.0,1400.0,10500.0,19200.0,7900.0,2800.0,14900.0,3500.0,97300.0,Business Loan,1888000.0,9.5,60,39650.0,0.0,0.0,0.0,6600.0,6600.0,570,159500.0,842500.0,458400.0,No,Never,Moderate,Moderate,0.7324,9.64,-40750.0,21820.0,42.1,0.8625,1
27,Male,Manager,Salaried,Married,3,62600.0,6700.0,165000.0,0.0,83050.0,9200.0,18400.0,8100.0,5100.0,2000.0,4600.0,16900.0,13100.0,9300.0,10000.0,2800.0,99500.0,Education Loan,1537000.0,12.4,24,72640.0,17100.0,11000.0,0.0,0.0,28100.0,532,242000.0,1378400.0,9000.0,Yes,Never,Low,Low,1.213,12.7,-44550.0,9270.0,30.5,0.9919,1
25,Other,Other,Salaried,Married,0,113300.0,0.0,60000.0,0.0,118300.0,20700.0,8800.0,5100.0,2100.0,900.0,1900.0,0.0,12200.0,3000.0,6400.0,5400.0,66500.0,Home Loan,1365000.0,7.9,60,27610.0,0.0,14600.0,0.0,0.0,14600.0,404,822900.0,1560700.0,67600.0,Yes,Occasionally,Moderate,Low,0.3568,29.39,37200.0,38640.0,63.7,0.0664,0
63,Female,Doctor,Salaried,Divorced,0,64900.0,0.0,176000.0,0.0,79566.66666666667,14600.0,4300.0,3100.0,3100.0,1400.0,1300.0,0.0,7900.0,7100.0,20500.0,7600.0,70900.0,Home Loan,3888000.0,15.7,60,93930.0,22200.0,0.0,0.0,0.0,22200.0,784,382300.0,1095000.0,1229100.0,Yes,Never,Moderate,Moderate,1.4595,15.87,-13533.33,13600.0,42.9,0.7631,1
51,Female,Software Engineer,Salaried,Married,1,59900.0,9000.0,0.0,0.0,68900.0,8500.0,6300.0,6100.0,3600.0,900.0,2200.0,5100.0,12000.0,1800.0,24800.0,6400.0,77700.0,Vehicle Loan,2373000.0,15.8,24,115960.0,0.0,0.0,0.0,2500.0,2500.0,440,503600.0,496600.0,1061600.0,No,Never,Low,Low,1.7193,12.47,-11300.0,28500.0,28.0,0.999,1
43,Female,Teacher,Salaried,Married,2,55300.0,0.0,145000.0,0.0,67383.33333333333,17200.0,20400.0,4700.0,3500.0,1700.0,1000.0,12400.0,11700.0,1500.0,15000.0,2400.0,91500.0,Vehicle Loan,2835000.0,14.9,120,45570.0,0.0,10300.0,0.0,2300.0,12600.0,321,285000.0,80200.0,72900.0,No,Never,Low,High,0.8633,3.51,-36716.67,17720.0,26.2,0.9992,1
62,Male,Accountant,Self-Employed,Married,0,38500.0,0.0,46000.0,0.0,42333.333333333336,7900.0,5400.0,4800.0,5600.0,2200.0,4600.0,0.0,9100.0,6100.0,23000.0,7300.0,76000.0,Business Loan,582000.0,16.9,12,53050.0,0.0,0.0,0.0,0.0,0.0,385,371100.0,717900.0,888300.0,Yes,Never,Moderate,Low,1.2531,14.33,-33666.67,19050.0,19.5,0.9983,1
30,Male,Business Owner,Self-Employed,Single,0,48300.0,0.0,0.0,0.0,48300.0,12400.0,18000.0,7200.0,2500.0,2000.0,4300.0,0.0,4100.0,2200.0,16800.0,6100.0,75600.0,Education Loan,259000.0,13.3,240,3090.0,0.0,8900.0,0.0,0.0,8900.0,648,220100.0,961600.0,39000.0,Yes,Frequently,Moderate,Low,0.2482,13.98,-36200.0,12840.0,62.5,0.1446,0
52,Male,Teacher,Business,Single,0,34300.0,2300.0,0.0,49100.0,85700.0,8700.0,6300.0,9100.0,1300.0,2400.0,2200.0,0.0,5900.0,4400.0,15000.0,1900.0,57200.0,Personal Loan,4989000.0,12.5,12,444430.0,13200.0,0.0,0.0,9000.0,22200.0,318,444900.0,1496500.0,1251000.0,No,Occasionally,Low,Moderate,5.4449,24.45,6300.0,16360.0,28.3,1.0,1
63,Male,Doctor,Self-Employed,Married,4,47900.0,10100.0,0.0,0.0,58000.0,20000.0,21400.0,6500.0,5600.0,2400.0,8200.0,9100.0,3300.0,4700.0,13000.0,6000.0,100200.0,Vehicle Loan,2877000.0,13.1,36,97080.0,0.0,7300.0,0.0,2500.0,9800.0,535,98600.0,496000.0,687700.0,No,Occasionally,Moderate,Low,1.8428,5.41,-52000.0,16300.0,29.0,0.9998,1
50,Male,Doctor,Salaried,Married,2,15200.0,0.0,0.0,0.0,15200.0,2200.0,21300.0,7500.0,2100.0,2000.0,11900.0,11200.0,1100.0,9500.0,7400.0,3000.0,79200.0,Home Loan,410000.0,9.4,12,35930.0,0.0,0.0,0.0,0.0,0.0,399,80300.0,116800.0,402600.0,No,Never,Moderate,High,2.3638,2.49,-64000.0,6840.0,17.0,1.0,1
59,Female,Sales Executive,Business,Single,1,60700.0,23800.0,0.0,38300.0,122800.0,32500.0,11100.0,7300.0,2900.0,1100.0,10900.0,13200.0,2100.0,4700.0,3900.0,4400.0,94100.0,Vehicle Loan,3702000.0,12.9,24,175830.0,0.0,15400.0,0.0,0.0,15400.0,734,341200.0,2362400.0,2123700.0,No,Never,Low,Moderate,1.5572,24.69,13300.0,39860.0,45.1,0.2425,0
51,Female,Other,Business,Married,0,46100.0,0.0,0.0,66400.0,112500.0,31400.0,14300.0,6400.0,3700.0,900.0,3800.0,0.0,11600.0,6400.0,12200.0,3100.0,93800.0,Education Loan,6311000.0,13.2,180,80680.0,0.0,0.0,0.0,9600.0,9600.0,497,871700.0,2225200.0,2775700.0,Yes,Occasionally,Moderate,Moderate,0.8025,29.95,9100.0,41020.0,47.3,0.1302,0
38,Female,Doctor,Salaried,Married,1,41400.0,0.0,93000.0,0.0,49150.0,7000.0,10900.0,4500.0,5900.0,1400.0,9500.0,16500.0,1500.0,9500.0,14900.0,1600.0,83200.0,Home Loan,807000.0,15.5,180,11570.0,12400.0,0.0,7300.0,0.0,19700.0,569,358000.0,620900.0,1472000.0,Yes,Frequently,High,Low,0.6362,9.51,-53750.0,2420.0,48.8,0.9258,1
56,Female,Sales Executive,Salaried,Married,0,54700.0,0.0,28000.0,0.0,57033.333333333336,7300.0,8300.0,5000.0,3700.0,2500.0,11300.0,0.0,6600.0,3300.0,13700.0,6400.0,68100.0,Education Loan,2804000.0,11.2,60,61250.0,0.0,0.0,7700.0,13700.0,21400.0,714,37100.0,614500.0,303500.0,No,Never,Low,High,1.4492,7.28,-32466.67,4260.0,30.8,0.9832,1
22,Female,Sales Executive,Unemployed,Single,0,23900.0,5800.0,36000.0,0.0,32700.0,4500.0,6800.0,4500.0,3200.0,1300.0,11000.0,0.0,14800.0,9900.0,18000.0,6800.0,80800.0,Home Loan,196000.0,8.5,60,4020.0,0.0,0.0,1900.0,0.0,1900.0,773,169800.0,353500.0,61600.0,No,Occasionally,Low,Moderate,0.181,6.33,-50000.0,12820.0,66.1,0.2601,0
34,Male,Sales Executive,Salaried,Married,3,128600.0,0.0,78000.0,0.0,135100.0,21800.0,21500.0,9300.0,3900.0,900.0,10700.0,7700.0,12100.0,10100.0,6400.0,2600.0,107000.0,Vehicle Loan,7182000.0,13.8,180,94680.0,46300.0,0.0,8700.0,0.0,55000.0,414,125800.0,653100.0,3139000.0,No,Never,Moderate,Low,1.1079,4.81,-26900.0,5800.0,16.9,0.9986,1
33,Male,Teacher,Business,Married,4,46600.0,0.0,0.0,44300.0,90900.0,12900.0,15600.0,8600.0,5900.0,2400.0,9700.0,16800.0,11500.0,11900.0,10100.0,2700.0,108100.0,Education Loan,3401000.0,15.8,60,82340.0,0.0,7700.0,0.0,12900.0,20600.0,597,537100.0,1348600.0,1722400.0,No,Occasionally,Low,Moderate,1.1325,14.65,-37800.0,20300.0,36.0,0.8983,1
49,Male,Sales Executive,Salaried,Married,0,45600.0,0.0,133000.0,0.0,56683.333333333336,15200.0,8000.0,6600.0,5100.0,1300.0,4200.0,0.0,4800.0,5900.0,11600.0,4000.0,66700.0,Business Loan,1772000.0,17.7,240,26940.0,0.0,0.0,0.0,0.0,0.0,814,513900.0,240900.0,1078400.0,No,Never,Low,Low,0.4753,11.32,-10016.67,25510.0,61.9,0.0388,0
32,Female,Software Engineer,Salaried,Married,0,30300.0,0.0,65000.0,0.0,35716.666666666664,7300.0,18000.0,9300.0,1800.0,1900.0,1900.0,0.0,10000.0,5100.0,6300.0,6700.0,68300.0,Home Loan,1566000.0,8.4,36,49360.0,0.0,0.0,0.0,7500.0,7500.0,692,312100.0,178000.0,338900.0,No,Occasionally,Low,High,1.592,6.47,-40083.33,8570.0,32.0,0.9978,1
59,Male,Software Engineer,Salaried,Single,0,49600.0,7700.0,0.0,0.0,57300.0,13400.0,8600.0,9100.0,5000.0,2100.0,6400.0,0.0,8000.0,8700.0,22800.0,1500.0,85600.0,Education Loan,500000.0,15.3,24,24310.0,0.0,0.0,0.0,0.0,0.0,380,161400.0,791300.0,176100.0,No,Never,High,Moderate,0.4243,11.13,-28300.0,25780.0,45.2,0.949,1
22,Female,Business Owner,Salaried,Married,1,98100.0,0.0,0.0,0.0,98100.0,11000.0,11900.0,9400.0,5200.0,2200.0,1600.0,9500.0,9700.0,1600.0,17700.0,6700.0,86500.0,Education Loan,1546000.0,13.8,48,42090.0,0.0,18500.0,0.0,0.0,18500.0,582,179600.0,1718400.0,2122500.0,No,Occasionally,Moderate,Moderate,0.6176,18.08,-6900.0,25640.0,50.7,0.2131,0
52,Male,Doctor,Self-Employed,Single,0,82300.0,0.0,0.0,0.0,82300.0,26000.0,17900.0,3800.0,4500.0,2100.0,12000.0,0.0,7100.0,1400.0,4100.0,7500.0,86400.0,Personal Loan,2254000.0,7.7,180,21150.0,23900.0,0.0,0.0,0.0,23900.0,862,659600.0,1123600.0,1341500.0,Yes,Never,Moderate,Moderate,0.5474,16.17,-28000.0,13140.0,61.1,0.0223,0
33,Female,Other,Unemployed,Single,0,75100.0,0.0,0.0,0.0,75100.0,10700.0,9200.0,7700.0,4300.0,2200.0,4900.0,0.0,8400.0,4700.0,18400.0,4900.0,75400.0,Personal Loan,2928000.0,15.0,360,37020.0,0.0,0.0,0.0,14000.0,14000.0,825,427200.0,752800.0,1129900.0,Yes,Never,Low,Low,0.6794,13.2,-14300.0,19800.0,57.5,0.2976,0
47,Female,Sales Executive,Salaried,Married,0,64400.0,0.0,0.0,0.0,64400.0,12200.0,9100.0,6900.0,3200.0,1800.0,11500.0,0.0,14800.0,9000.0,14600.0,1400.0,84500.0,Vehicle Loan,834000.0,7.8,36,26060.0,15800.0,8600.0,0.0,8000.0,32400.0,656,291500.0,915100.0,1421900.0,No,Never,Low,Low,0.9078,10.32,-52500.0,0.0,46.2,0.9125,1
61,Female,Accountant,Salaried,Married,2,41000.0,24500.0,0.0,0.0,65500.0,7700.0,19600.0,7900.0,4200.0,1300.0,9500.0,18200.0,5600.0,2300.0,14100.0,2900.0,93300.0,Business Loan,1695000.0,15.7,36,59340.0,0.0,11800.0,0.0,0.0,11800.0,787,537100.0,631700.0,1942600.0,No,Never,Low,High,1.0861,11.12,-39600.0,17680.0,38.2,0.5978,1
37,Female,Accountant,Self-Employed,Married,2,23700.0,0.0,0.0,0.0,23700.0,3200.0,12400.0,4100.0,4700.0,1800.0,5500.0,12500.0,4000.0,8000.0,24800.0,1800.0,82800.0,Business Loan,459000.0,15.1,180,6460.0,7000.0,0.0,0.0,0.0,7000.0,475,68700.0,318300.0,526300.0,No,Occasionally,Moderate,Moderate,0.5679,4.31,-66100.0,3660.0,38.1,0.9798,1
60,Female,Doctor,Salaried,Single,2,44300.0,0.0,0.0,0.0,44300.0,11800.0,11300.0,7600.0,1600.0,2200.0,2300.0,8600.0,7300.0,4000.0,16200.0,2800.0,75700.0,Education Loan,1794000.0,14.7,12,161670.0,14100.0,0.0,3100.0,0.0,17200.0,499,116700.0,701100.0,1242100.0,Yes,Never,Low,Low,4.0377,8.8,-48600.0,2740.0,29.8,1.0,1
51,Female,Business Owner,Salaried,Married,1,43600.0,0.0,59000.0,0.0,48516.666666666664,13300.0,11900.0,5300.0,2300.0,1200.0,3600.0,15700.0,8300.0,8200.0,22600.0,6700.0,99100.0,Education Loan,2696000.0,8.8,180,27020.0,0.0,0.0,0.0,2000.0,2000.0,694,306300.0,62100.0,580100.0,No,Frequently,Low,Moderate,0.5981,3.64,-52583.33,19830.0,47.9,0.7605,1
54,Female,Accountant,Salaried,Married,3,82800.0,0.0,0.0,0.0,82800.0,22300.0,19800.0,8700.0,2000.0,1100.0,8400.0,3300.0,2200.0,6000.0,23000.0,1400.0,98200.0,Education Loan,1170000.0,17.1,24,57900.0,0.0,0.0,0.0,2800.0,2800.0,616,255800.0,427300.0,2230800.0,Yes,Frequently,Moderate,Low,0.7331,6.76,-18200.0,34460.0,42.1,0.8962,1
44,Female,Software Engineer,Self-Employed,Married,4,57200.0,11100.0,0.0,0.0,68300.0,16300.0,12600.0,8400.0,5200.0,1200.0,10100.0,9300.0,12300.0,2300.0,4300.0,3000.0,85000.0,Home Loan,1052000.0,16.9,12,95900.0,0.0,6300.0,0.0,14300.0,20600.0,385,311100.0,980700.0,1490300.0,No,Occasionally,Low,Moderate,1.7057,12.23,-37300.0,10140.0,27.1,0.9998,1
55,Female,Analyst,Self-Employed,Married,0,109800.0,18100.0,131000.0,0.0,138816.66666666666,46900.0,9200.0,3700.0,4400.0,1600.0,11800.0,0.0,6900.0,3700.0,2200.0,4600.0,95000.0,Vehicle Loan,5279000.0,17.0,360,75260.0,0.0,15500.0,11000.0,6100.0,32600.0,332,669200.0,1197500.0,1547800.0,Yes,Frequently,Moderate,Moderate,0.777,14.63,11216.67,29870.0,36.4,0.9683,1
26,Male,Teacher,Salaried,Married,0,89200.0,4000.0,105000.0,0.0,101950.0,23100.0,8800.0,3500.0,3300.0,600.0,2500.0,0.0,6800.0,3400.0,12000.0,7100.0,71100.0,Vehicle Loan,3053000.0,11.3,12,270260.0,0.0,0.0,0.0,3600.0,3600.0,661,249500.0,1113400.0,1556600.0,No,Occasionally,Low,High,2.6862,18.24,27250.0,42280.0,49.1,0.9983,1
39,Male,Manager,Salaried,Married,1,39000.0,0.0,0.0,0.0,39000.0,8300.0,9400.0,7700.0,5100.0,2100.0,2700.0,13300.0,10200.0,2800.0,19700.0,2700.0,84000.0,Personal Loan,1735000.0,12.7,240,19960.0,0.0,0.0,0.0,0.0,0.0,471,42400.0,546600.0,236800.0,No,Occasionally,Moderate,Moderate,0.5118,7.01,-45000.0,17550.0,46.5,0.9707,1
50,Female,Accountant,Unemployed,Single,0,20000.0,24400.0,18000.0,0.0,45900.0,7400.0,13200.0,6400.0,4600.0,800.0,1500.0,0.0,11800.0,6200.0,21000.0,6400.0,79300.0,Education Loan,956000.0,8.7,180,9530.0,0.0,0.0,0.0,13300.0,13300.0,734,357300.0,505100.0,112000.0,No,Occasionally,Low,Moderate,0.4974,9.31,-46700.0,7360.0,57.7,0.5821,1
27,Male,Other,Self-Employed,Single,1,98000.0,14400.0,0.0,0.0,112400.0,14000.0,10100.0,6500.0,5600.0,800.0,3900.0,8700.0,14800.0,11500.0,20100.0,5100.0,101100.0,Education Loan,3930000.0,8.0,360,28840.0,0.0,0.0,10300.0,0.0,10300.0,622,892900.0,1899800.0,1576200.0,No,Never,High,High,0.3482,25.07,1000.0,40280.0,63.5,0.0083,0
30,Male,Sales Executive,Salaried,Single,1,96700.0,0.0,0.0,0.0,96700.0,22900.0,14500.0,8000.0,1400.0,900.0,10000.0,18800.0,3400.0,8200.0,12300.0,5700.0,106100.0,Home Loan,2541000.0,8.1,60,51640.0,0.0,13400.0,0.0,0.0,13400.0,539,598000.0,793300.0,2881300.0,No,Occasionally,Low,High,0.6726,11.64,-22800.0,30120.0,43.5,0.719,1
61,Female,Other,Salaried,Married,1,24800.0,6300.0,0.0,0.0,31100.0,5600.0,13100.0,8800.0,3500.0,1700.0,3200.0,19600.0,5800.0,10200.0,19200.0,7000.0,97700.0,Education Loan,637000.0,13.5,36,21620.0,0.0,0.0,0.0,13600.0,13600.0,577,59500.0,439900.0,812100.0,No,Never,Low,Moderate,1.1325,4.49,-80200.0,400.0,21.9,0.9927,1
52,Female,Teacher,Self-Employed,Divorced,0,104300.0,16600.0,141000.0,0.0,132650.0,30600.0,7000.0,3900.0,4500.0,1100.0,7000.0,0.0,3400.0,11800.0,18500.0,1200.0,89000.0,Education Loan,5984000.0,10.9,12,528600.0,0.0,0.0,0.0,1200.0,1200.0,758,666400.0,1204800.0,66100.0,No,Occasionally,Moderate,High,3.994,20.75,42450.0,58490.0,55.4,1.0,1
54,Female,Software Engineer,Salaried,Married,1,59300.0,0.0,0.0,0.0,59300.0,9000.0,9700.0,6400.0,2000.0,1200.0,5900.0,14000.0,13300.0,6900.0,9200.0,4700.0,82300.0,Vehicle Loan,2892000.0,13.6,24,138310.0,0.0,0.0,5000.0,0.0,5000.0,441,129900.0,655700.0,1725300.0,No,Occasionally,High,Low,2.4167,9.0,-28000.0,21680.0,30.8,1.0,1
48,Male,Business Owner,Salaried,Single,4,53100.0,0.0,90000.0,0.0,60600.0,18800.0,14400.0,8600.0,2600.0,2400.0,4600.0,7100.0,8700.0,3600.0,5900.0,6200.0,82900.0,Education Loan,1399000.0,13.7,120,21470.0,0.0,3900.0,0.0,0.0,3900.0,533,537600.0,191600.0,852500.0,No,Never,Low,Moderate,0.4186,8.4,-26200.0,23370.0,50.2,0.8116,1
35,Male,Teacher,Salaried,Single,0,109900.0,2600.0,0.0,0.0,112500.0,39400.0,4800.0,9000.0,3100.0,2200.0,7800.0,0.0,12900.0,11200.0,16300.0,7200.0,113900.0,Home Loan,4417000.0,17.0,240,64790.0,0.0,0.0,0.0,0.0,0.0,573,801500.0,1889800.0,603800.0,No,Occasionally,Moderate,Low,0.5759,23.63,-1400.0,50620.0,54.0,0.0942,0
50,Male,Manager,Salaried,Single,2,96000.0,0.0,221000.0,0.0,114416.66666666667,20700.0,16700.0,4300.0,5000.0,2200.0,6500.0,16500.0,14800.0,8700.0,17600.0,1900.0,114900.0,Home Loan,1696000.0,16.8,360,23900.0,30600.0,0.0,0.0,0.0,30600.0,634,91300.0,809900.0,3140300.0,No,Occasionally,Low,Moderate,0.4763,6.19,-31083.33,20890.0,40.7,0.6803,1
57,Male,Analyst,Salaried,Single,0,67900.0,15700.0,0.0,0.0,83600.0,26000.0,13400.0,2800.0,3500.0,1700.0,4700.0,0.0,8700.0,11500.0,15100.0,3400.0,90800.0,Business Loan,4055000.0,15.0,240,53400.0,0.0,0.0,0.0,4500.0,4500.0,509,43100.0,562000.0,2319500.0,No,Never,Low,Moderate,0.6926,6.35,-11700.0,33120.0,40.0,0.9488,1
49,Male,Accountant,Salaried,Married,0,62100.0,6800.0,0.0,0.0,68900.0,21900.0,6300.0,3900.0,3500.0,2200.0,8600.0,0.0,2700.0,8200.0,6900.0,1500.0,65700.0,Business Loan,1410000.0,16.1,24,69110.0,0.0,0.0,0.0,4100.0,4100.0,858,678400.0,185100.0,1750600.0,No,Never,Moderate,High,1.0626,12.37,-900.0,26900.0,47.0,0.1106,0
42,Male,Business Owner,Self-Employed,Married,1,66700.0,6800.0,63000.0,0.0,78750.0,27500.0,14600.0,9600.0,3200.0,2100.0,4100.0,13700.0,6100.0,9500.0,8400.0,6800.0,105600.0,Personal Loan,1134000.0,7.5,12,98380.0,24700.0,4000.0,0.0,12800.0,41500.0,758,69200.0,836400.0,1467800.0,No,Never,Moderate,Moderate,1.7763,6.16,-68350.0,0.0,38.9,0.9961,1
24,Female,Business Owner,Salaried,Divorced,0,40100.0,0.0,114000.0,0.0,49600.0,9200.0,17700.0,5700.0,2100.0,2400.0,8100.0,0.0,1500.0,10800.0,18300.0,7000.0,82800.0,Home Loan,2812000.0,7.7,48,68250.0,7800.0,0.0,0.0,8600.0,16400.0,862,432800.0,443400.0,352000.0,No,Occasionally,Moderate,Moderate,1.7067,8.83,-49600.0,5920.0,42.9,0.9723,1
40,Female,Accountant,Salaried,Married,0,47700.0,0.0,0.0,0.0,47700.0,13800.0,5000.0,5300.0,5600.0,600.0,11500.0,0.0,12900.0,9400.0,24100.0,4400.0,92600.0,Home Loan,1347000.0,12.3,60,30170.0,0.0,0.0,0.0,0.0,0.0,850,457000.0,137400.0,344800.0,No,Occasionally,Low,Moderate,0.6325,6.42,-44900.0,21460.0,54.3,0.2463,0
52,Male,Accountant,Salaried,Married,0,31200.0,0.0,53000.0,0.0,35616.666666666664,5600.0,10900.0,2100.0,2600.0,600.0,9000.0,0.0,1300.0,7200.0,23700.0,1100.0,64100.0,Vehicle Loan,1439000.0,14.4,120,22690.0,0.0,0.0,3500.0,0.0,3500.0,359,122100.0,544200.0,1031700.0,No,Never,Moderate,Moderate,0.7353,9.86,-31983.33,12530.0,33.4,0.9962,1
56,Male,Accountant,Business,Married,1,41500.0,21500.0,64000.0,52000.0,120333.33333333333,30800.0,16300.0,2400.0,3800.0,900.0,5600.0,19600.0,9300.0,6200.0,14000.0,1700.0,110600.0,Business Loan,5957000.0,15.8,48,168210.0,25100.0,0.0,0.0,12300.0,37400.0,857,677600.0,272200.0,1006500.0,No,Occasionally,Moderate,High,1.7087,6.42,-27666.67,16750.0,41.2,0.9552,1
24,Male,Accountant,Business,Single,2,40800.0,8800.0,0.0,43300.0,92900.0,25700.0,8600.0,7300.0,1700.0,2400.0,9200.0,11000.0,2500.0,10100.0,22400.0,5400.0,106300.0,Personal Loan,3970000.0,12.2,60,88710.0,0.0,0.0,0.0,13100.0,13100.0,588,617800.0,348900.0,1177500.0,Yes,Occasionally,High,Moderate,1.0959,8.1,-26500.0,28700.0,35.4,0.9743,1
47,Male,Accountant,Salaried,Married,0,35700.0,23000.0,98000.0,0.0,66866.66666666667,19100.0,14900.0,6700.0,3200.0,1700.0,9900.0,0.0,1100.0,9500.0,2700.0,7900.0,76700.0,Vehicle Loan,2411000.0,17.4,240,36100.0,0.0,10300.0,6900.0,0.0,17200.0,640,364000.0,652200.0,1510200.0,No,Occasionally,Low,Moderate,0.7971,10.82,-27033.33,12890.0,43.5,0.7236,1
37,Female,Business Owner,Self-Employed,Married,2,52500.0,0.0,70000.0,0.0,58333.333333333336,8900.0,21700.0,6600.0,5500.0,1400.0,4600.0,19600.0,4600.0,5000.0,21800.0,6900.0,106600.0,Vehicle Loan,1484000.0,16.1,36,52250.0,0.0,0.0,0.0,0.0,0.0,416,147500.0,454800.0,1441100.0,No,Occasionally,Low,Moderate,0.8957,5.65,-48266.67,26250.0,30.8,0.9969,1
32,Male,Doctor,Salaried,Married,0,41700.0,11100.0,0.0,0.0,52800.0,16500.0,5200.0,2900.0,6000.0,1500.0,8800.0,0.0,8700.0,6500.0,13000.0,6600.0,75700.0,Business Loan,2931000.0,8.6,12,255780.0,0.0,2900.0,3800.0,0.0,6700.0,460,317900.0,329200.0,651600.0,No,Occasionally,Low,Low,4.9712,7.85,-29600.0,17060.0,25.8,1.0,1
42,Male,Doctor,Unemployed,Single,2,63000.0,4200.0,0.0,0.0,67200.0,13800.0,19500.0,4800.0,2800.0,2200.0,5800.0,10000.0,2100.0,8000.0,20000.0,3900.0,92900.0,Vehicle Loan,830000.0,12.1,360,8600.0,0.0,4200.0,0.0,0.0,4200.0,592,198700.0,787200.0,797600.0,Yes,Occasionally,Low,High,0.1905,10.15,-29900.0,26040.0,62.2,0.8275,1
37,Male,Other,Salaried,Single,1,21800.0,0.0,54000.0,0.0,26300.0,4100.0,11300.0,8500.0,1800.0,2400.0,10000.0,4300.0,9600.0,1300.0,2100.0,7900.0,63300.0,Business Loan,1410000.0,17.9,360,21130.0,0.0,3100.0,0.0,0.0,3100.0,781,54400.0,288300.0,281700.0,No,Never,Low,Moderate,0.9213,5.16,-40100.0,8740.0,43.5,0.8318,1
30,Male,Doctor,Self-Employed,Single,2,46300.0,0.0,0.0,0.0,46300.0,10900.0,10000.0,3400.0,2600.0,2000.0,4200.0,4900.0,10400.0,3700.0,22000.0,6800.0,80900.0,Home Loan,2039000.0,11.8,24,95790.0,0.0,0.0,0.0,0.0,0.0,763,245500.0,426700.0,539500.0,No,Never,Moderate,Moderate,2.0689,8.31,-34600.0,20840.0,37.5,0.994,1
21,Female,Manager,Salaried,Divorced,4,52400.0,9100.0,0.0,0.0,61500.0,19400.0,18900.0,9100.0,2600.0,2000.0,11300.0,6700.0,14600.0,3800.0,15700.0,3300.0,107400.0,Home Loan,2240000.0,11.6,36,73970.0,16900.0,0.0,0.0,0.0,16900.0,555,248100.0,968500.0,1399100.0,Yes,Never,Low,High,1.4776,9.79,-62800.0,10780.0,26.0,0.9988,1
42,Female,Doctor,Salaried,Married,3,42000.0,9600.0,0.0,0.0,51600.0,17600.0,11000.0,3000.0,4200.0,1100.0,7300.0,12300.0,13600.0,10700.0,7500.0,6200.0,94500.0,Business Loan,1180000.0,10.6,240,11860.0,10300.0,0.0,0.0,0.0,10300.0,473,39200.0,540000.0,95900.0,No,Never,Low,Moderate,0.4295,5.53,-53200.0,12920.0,44.6,0.9565,1
46,Female,Business Owner,Business,Married,0,45000.0,6400.0,102000.0,67800.0,127700.0,36700.0,11300.0,3400.0,3500.0,1400.0,4900.0,0.0,8900.0,4600.0,10000.0,4000.0,88700.0,Education Loan,1664000.0,12.6,36,55750.0,26400.0,0.0,0.0,8900.0,35300.0,687,1216000.0,2502600.0,3065400.0,Yes,Never,Low,Low,0.713,29.99,3700.0,22160.0,52.7,0.0043,0
38,Male,Accountant,Salaried,Married,3,22200.0,0.0,0.0,0.0,22200.0,2300.0,10300.0,5800.0,4800.0,2300.0,5600.0,13300.0,12100.0,7000.0,6600.0,5600.0,75700.0,Education Loan,652000.0,15.2,36,22670.0,0.0,0.0,0.0,0.0,0.0,570,19400.0,360400.0,143100.0,No,Occasionally,Moderate,Low,1.0212,5.02,-53500.0,9990.0,25.8,0.9901,1
34,Female,Sales Executive,Salaried,Single,0,58600.0,0.0,117000.0,0.0,68350.0,9100.0,14200.0,9600.0,4500.0,2100.0,4800.0,0.0,6100.0,10100.0,11800.0,7800.0,80100.0,Personal Loan,3288000.0,8.0,120,39890.0,0.0,0.0,0.0,0.0,0.0,534,620500.0,206600.0,331100.0,No,Occasionally,High,Moderate,0.5836,10.33,-11750.0,30760.0,45.0,0.7832,1
49,Female,Sales Executive,Salaried,Married,4,67800.0,9600.0,0.0,0.0,77400.0,9200.0,18800.0,4600.0,2300.0,1900.0,2600.0,11400.0,9200.0,3900.0,9600.0,2700.0,76200.0,Education Loan,3560000.0,16.3,120,60300.0,0.0,0.0,0.0,2700.0,2700.0,871,178200.0,480300.0,280400.0,No,Never,Moderate,High,0.814,8.35,-1500.0,32130.0,46.9,0.1387,0
32,Female,Manager,Self-Employed,Married,0,62700.0,11500.0,0.0,0.0,74200.0,9300.0,10400.0,7300.0,4900.0,600.0,1800.0,0.0,6600.0,2400.0,14300.0,6600.0,64200.0,Personal Loan,3005000.0,17.1,180,46460.0,0.0,0.0,3800.0,0.0,3800.0,683,137100.0,829700.0,524400.0,No,Never,Low,Moderate,0.6774,14.22,6200.0,29590.0,50.9,0.2067,0
56,Male,Business Owner,Salaried,Married,1,82400.0,12000.0,179000.0,0.0,109316.66666666667,21400.0,8700.0,6700.0,5200.0,600.0,4500.0,18900.0,5700.0,11400.0,20700.0,5100.0,108900.0,Business Loan,6514000.0,15.7,48,183610.0,0.0,0.0,0.0,0.0,0.0,761,126500.0,1083200.0,2734700.0,No,Never,Moderate,Moderate,1.6796,11.11,416.67,49190.0,37.6,0.9447,1
55,Male,Software Engineer,Salaried,Divorced,0,54200.0,11500.0,91000.0,0.0,73283.33333333333,13500.0,9100.0,3200.0,4000.0,800.0,6000.0,0.0,11200.0,8800.0,24600.0,7600.0,88800.0,Business Loan,4287000.0,17.1,60,106770.0,0.0,0.0,0.0,0.0,0.0,646,333000.0,138700.0,1182700.0,No,Never,Low,Moderate,1.4569,5.31,-15516.67,32980.0,30.6,0.9936,1
32,Female,Teacher,Business,Single,0,62300.0,0.0,0.0,70900.0,133200.0,17100.0,6500.0,4000.0,5600.0,1700.0,5000.0,0.0,5200.0,2900.0,7800.0,1900.0,57700.0,Business Loan,3596000.0,8.5,36,113520.0,0.0,0.0,0.0,0.0,0.0,493,809200.0,1469800.0,1074800.0,No,Never,Moderate,Low,0.8523,39.5,75500.0,59940.0,55.9,0.0027,0
27,Female,Other,Salaried,Single,2,53000.0,20700.0,0.0,0.0,73700.0,23600.0,18300.0,9400.0,4900.0,1600.0,1200.0,10200.0,6300.0,10000.0,4400.0,6000.0,95900.0,Personal Loan,1149000.0,12.2,24,54190.0,0.0,0.0,0.0,0.0,0.0,548,669600.0,921400.0,411100.0,No,Never,Low,High,0.7353,16.59,-22200.0,33160.0,41.9,0.5264,1
49,Male,Software Engineer,Salaried,Married,3,69100.0,0.0,0.0,0.0,69100.0,17500.0,12800.0,3500.0,4000.0,2400.0,7400.0,3400.0,6100.0,9700.0,11100.0,1300.0,79200.0,Vehicle Loan,2108000.0,8.2,36,66250.0,16900.0,4200.0,0.0,0.0,21100.0,456,549000.0,677500.0,1595300.0,No,Never,Low,Low,1.2641,12.23,-31200.0,10000.0,33.5,0.9963,1
31,Male,Business Owner,Business,Married,2,22300.0,0.0,25000.0,36100.0,60483.33333333333,18100.0,16600.0,7600.0,5500.0,1900.0,2600.0,18000.0,13200.0,10200.0,5300.0,2700.0,101700.0,Personal Loan,3112000.0,16.3,36,109870.0,0.0,0.0,0.0,0.0,0.0,816,122000.0,1055800.0,917200.0,No,Never,Moderate,Moderate,1.8165,11.58,-41216.67,27220.0,39.2,0.9737,1
53,Male,Doctor,Salaried,Divorced,2,31400.0,0.0,0.0,0.0,31400.0,6100.0,11900.0,9700.0,4000.0,1100.0,3300.0,7100.0,3400.0,4000.0,21200.0,3200.0,75000.0,Vehicle Loan,949000.0,17.5,24,47150.0,0.0,0.0,4400.0,0.0,4400.0,391,65700.0,363500.0,113300.0,Yes,Occasionally,Low,High,1.6417,5.41,-48000.0,9730.0,16.9,0.9999,1
26,Female,Accountant,Salaried,Married,2,108400.0,20400.0,64000.0,0.0,134133.33333333334,27200.0,17200.0,3000.0,3600.0,800.0,2300.0,12300.0,6300.0,5900.0,13500.0,4000.0,96100.0,Home Loan,3149000.0,10.6,12,277730.0,44400.0,21100.0,0.0,1000.0,66500.0,813,77500.0,2138400.0,1509800.0,No,Never,Moderate,Moderate,2.5663,13.63,-28466.67,0.0,44.0,0.9951,1
35,Male,Software Engineer,Salaried,Divorced,0,14300.0,4800.0,17000.0,0.0,20516.666666666668,3700.0,11600.0,5200.0,2800.0,2200.0,6700.0,0.0,13400.0,8600.0,16300.0,7800.0,78300.0,Home Loan,939000.0,13.1,36,31680.0,0.0,0.0,0.0,7700.0,7700.0,852,144300.0,249300.0,273900.0,No,Occasionally,Moderate,High,1.9194,4.58,-65483.33,1530.0,34.2,0.9957,1
52,Female,Teacher,Self-Employed,Married,0,45700.0,0.0,0.0,0.0,45700.0,9600.0,9900.0,3800.0,5400.0,1400.0,2000.0,0.0,1200.0,5300.0,5500.0,1500.0,45600.0,Vehicle Loan,1863000.0,10.6,12,164310.0,13300.0,0.0,6100.0,0.0,19400.0,449,30400.0,835300.0,485300.0,Yes,Occasionally,Low,Low,4.0199,13.32,-19300.0,1160.0,27.4,1.0,1
31,Male,Sales Executive,Salaried,Married,0,88100.0,0.0,0.0,0.0,88100.0,22300.0,13400.0,3800.0,1600.0,1800.0,3800.0,0.0,14300.0,1800.0,19200.0,2200.0,84200.0,Vehicle Loan,5134000.0,11.5,240,54750.0,24600.0,0.0,10500.0,0.0,35100.0,361,160000.0,446600.0,700900.0,No,Never,High,Low,1.0199,5.08,-31200.0,4540.0,18.2,0.9988,1
43,Female,Teacher,Business,Married,1,46800.0,20800.0,0.0,91400.0,159000.0,35500.0,11800.0,3000.0,3400.0,1600.0,6000.0,16100.0,13600.0,2500.0,24400.0,2400.0,120300.0,Education Loan,5598000.0,12.5,60,125940.0,0.0,0.0,0.0,0.0,0.0,603,1038000.0,2671500.0,1569500.0,No,Occasionally,Low,Moderate,0.7921,30.84,38700.0,71550.0,53.9,0.0064,0
46,Female,Accountant,Self-Employed,Single,0,40000.0,14700.0,0.0,0.0,54700.0,16900.0,15500.0,7200.0,3700.0,700.0,2800.0,0.0,6800.0,7600.0,13100.0,4000.0,78300.0,Vehicle Loan,3184000.0,15.8,120,52940.0,17300.0,0.0,0.0,12100.0,29400.0,688,105400.0,520300.0,1212600.0,No,Never,High,High,1.5053,5.81,-53000.0,0.0,30.6,0.9953,1
54,Male,Doctor,Salaried,Divorced,0,52300.0,22100.0,105000.0,0.0,83150.0,27000.0,14200.0,8000.0,3800.0,600.0,5900.0,0.0,10100.0,5100.0,24100.0,1400.0,100200.0,Vehicle Loan,1746000.0,9.0,180,17710.0,23700.0,13300.0,0.0,0.0,37000.0,431,162600.0,1185200.0,2377400.0,No,Never,Low,High,0.658,9.82,-54050.0,420.0,36.7,0.9877,1
54,Female,Teacher,Self-Employed,Married,0,41100.0,0.0,122000.0,0.0,51266.666666666664,11100.0,11600.0,7400.0,4300.0,1300.0,4800.0,0.0,14900.0,1100.0,2800.0,7800.0,67100.0,Business Loan,2695000.0,9.1,180,27500.0,0.0,0.0,0.0,0.0,0.0,784,139600.0,602700.0,39700.0,No,Occasionally,Low,Low,0.5364,11.06,-15833.33,23070.0,64.3,0.1442,0
49,Male,Other,Salaried,Married,0,49800.0,0.0,61000.0,0.0,54883.333333333336,8800.0,16300.0,9400.0,3500.0,1200.0,10500.0,0.0,8800.0,9400.0,2800.0,4900.0,75600.0,Personal Loan,1334000.0,9.6,48,33580.0,17500.0,0.0,0.0,9300.0,26800.0,380,228300.0,168400.0,1032100.0,Yes,Never,Moderate,High,1.1002,3.87,-47516.67,0.0,12.1,0.9994,1
24,Female,Teacher,Salaried,Married,3,34800.0,0.0,0.0,0.0,34800.0,11700.0,21600.0,3200.0,2300.0,1800.0,9700.0,13500.0,2400.0,5600.0,24100.0,6700.0,102600.0,Vehicle Loan,1724000.0,8.1,120,21010.0,0.0,3700.0,0.0,0.0,3700.0,349,20000.0,323500.0,76000.0,No,Never,Moderate,Moderate,0.7101,3.23,-71500.0,11960.0,27.8,0.9988,1
37,Female,Business Owner,Self-Employed,Married,0,85300.0,0.0,255000.0,0.0,106550.0,30200.0,11400.0,4600.0,5300.0,1800.0,11900.0,0.0,13000.0,4500.0,18100.0,6400.0,107200.0,Business Loan,5959000.0,14.3,240,75400.0,30500.0,0.0,0.0,0.0,30500.0,414,808500.0,1470800.0,646200.0,Yes,Occasionally,Moderate,Moderate,0.9939,16.55,-31150.0,17450.0,29.0,0.9825,1
55,Male,Doctor,Business,Married,1,99900.0,0.0,0.0,91900.0,191800.0,49900.0,7000.0,4800.0,4300.0,2400.0,6800.0,16700.0,2900.0,8800.0,6300.0,5600.0,115500.0,Vehicle Loan,7533000.0,9.5,120,97480.0,0.0,0.0,0.0,0.0,0.0,731,1505900.0,3465800.0,3132500.0,No,Frequently,High,Low,0.5082,43.05,76300.0,86310.0,77.2,0.0,0
33,Female,Accountant,Salaried,Single,1,45900.0,0.0,0.0,0.0,45900.0,13100.0,13900.0,3900.0,5300.0,2200.0,7300.0,6400.0,4600.0,6000.0,10400.0,7300.0,80400.0,Education Loan,2069000.0,12.1,180,24960.0,0.0,0.0,0.0,13200.0,13200.0,696,182900.0,236400.0,1093200.0,No,Occasionally,Low,Low,0.8314,4.48,-47700.0,7460.0,36.4,0.9521,1
61,Female,Sales Executive,Salaried,Married,1,24500.0,0.0,54000.0,0.0,29000.0,3500.0,11000.0,3100.0,2400.0,1500.0,11400.0,3100.0,13200.0,8600.0,13700.0,7300.0,78800.0,Vehicle Loan,1674000.0,14.7,36,57780.0,0.0,3900.0,0.0,0.0,3900.0,581,234400.0,224700.0,379000.0,No,Never,Low,Moderate,2.1269,5.55,-53700.0,9150.0,26.6,0.9998,1
59,Male,Sales Executive,Salaried,Married,0,37700.0,0.0,98000.0,0.0,45866.666666666664,5400.0,11600.0,5900.0,4200.0,1500.0,5400.0,0.0,4600.0,1100.0,18200.0,1900.0,59800.0,Vehicle Loan,1176000.0,12.2,360,12280.0,0.0,0.0,0.0,0.0,0.0,734,147000.0,360100.0,1210200.0,Yes,Never,Low,Moderate,0.2677,8.48,-13933.33,20640.0,65.2,0.1747,0
35,Female,Teacher,Salaried,Married,0,44700.0,5100.0,0.0,0.0,49800.0,6900.0,13100.0,8700.0,4600.0,1800.0,7100.0,0.0,11400.0,1100.0,21400.0,7300.0,83400.0,Business Loan,1650000.0,17.0,24,81580.0,12300.0,0.0,0.0,3600.0,15900.0,590,491200.0,546000.0,1069400.0,No,Never,Low,Low,1.9574,10.45,-49500.0,6510.0,34.1,0.9992,1
49,Female,Business Owner,Salaried,Single,0,63100.0,0.0,103000.0,0.0,71683.33333333333,9800.0,13000.0,9600.0,2900.0,700.0,5200.0,0.0,7300.0,7200.0,3900.0,4700.0,64300.0,Vehicle Loan,3900000.0,15.6,240,53090.0,19400.0,4200.0,0.0,0.0,23600.0,535,306700.0,1247100.0,416600.0,No,Never,High,High,1.0698,17.68,-16216.67,8660.0,33.5,0.8583,1
49,Female,Software Engineer,Salaried,Single,1,29600.0,0.0,38000.0,0.0,32766.666666666668,6700.0,15400.0,3000.0,5100.0,2500.0,7000.0,5800.0,11600.0,11800.0,17100.0,2900.0,88900.0,Business Loan,1376000.0,10.4,240,13650.0,0.0,0.0,0.0,0.0,0.0,538,224600.0,279000.0,674500.0,No,Occasionally,Moderate,Moderate,0.4166,5.66,-56133.33,14740.0,51.3,0.9105,1
31,Male,Software Engineer,Self-Employed,Single,0,33400.0,24200.0,40000.0,0.0,60933.333333333336,8500.0,13500.0,8600.0,1000.0,1500.0,1900.0,0.0,4300.0,4000.0,13000.0,5300.0,61600.0,Personal Loan,3232000.0,8.9,24,147500.0,17800.0,10300.0,0.0,14900.0,43000.0,582,217100.0,230900.0,582000.0,No,Never,Low,Moderate,3.1264,4.28,-43666.67,0.0,23.5,1.0,1
52,Male,Business Owner,Salaried,Married,1,63300.0,18100.0,0.0,0.0,81400.0,25500.0,7500.0,8600.0,4000.0,2300.0,9600.0,11000.0,6900.0,8500.0,15700.0,3000.0,102600.0,Business Loan,3175000.0,16.9,360,45010.0,16800.0,10600.0,0.0,0.0,27400.0,589,389300.0,864800.0,1872300.0,No,Occasionally,Moderate,Moderate,0.8896,9.65,-48600.0,9230.0,39.5,0.9504,1
22,Male,Other,Salaried,Single,2,78400.0,14200.0,122000.0,0.0,102766.66666666667,25100.0,10700.0,5100.0,4100.0,2400.0,11800.0,12600.0,5500.0,2900.0,13700.0,4400.0,98300.0,Personal Loan,4695000.0,11.7,36,155270.0,25400.0,6600.0,6600.0,0.0,38600.0,795,681200.0,176300.0,710900.0,No,Occasionally,Moderate,Moderate,1.8865,6.26,-34133.33,7640.0,36.2,0.9926,1
34,Female,Software Engineer,Self-Employed,Married,1,35900.0,24300.0,48000.0,0.0,64200.0,12300.0,14800.0,2900.0,3700.0,1700.0,1700.0,6200.0,4500.0,4400.0,12400.0,6700.0,71300.0,Vehicle Loan,367000.0,11.5,120,5160.0,0.0,5500.0,6200.0,2800.0,14500.0,393,244100.0,484400.0,278300.0,No,Never,Low,Low,0.3062,8.49,-21600.0,14390.0,42.7,0.9489,1
40,Male,Software Engineer,Self-Employed,Single,1,25200.0,22800.0,51000.0,0.0,52250.0,6100.0,11700.0,9900.0,4200.0,700.0,9800.0,5500.0,5400.0,1900.0,6700.0,1200.0,63100.0,Personal Loan,1237000.0,16.0,48,35060.0,0.0,0.0,0.0,0.0,0.0,520,352000.0,562800.0,999700.0,No,Occasionally,Low,Moderate,0.671,14.5,-10850.0,23510.0,45.6,0.6495,1
42,Female,Accountant,Salaried,Single,1,253200.0,13800.0,265000.0,0.0,289083.3333333333,71600.0,16700.0,7200.0,1800.0,1600.0,3700.0,13700.0,5500.0,10700.0,12900.0,2300.0,147700.0,Home Loan,13695000.0,7.6,60,275070.0,0.0,0.0,41400.0,0.0,41400.0,418,545500.0,3132500.0,5347600.0,No,Occasionally,Moderate,High,1.0947,19.45,99983.33,88690.0,44.3,0.8457,1
31,Male,Accountant,Salaried,Single,2,72500.0,22800.0,78000.0,0.0,101800.0,13100.0,9700.0,9900.0,4400.0,1700.0,3200.0,7300.0,14400.0,4400.0,6400.0,7700.0,82200.0,Home Loan,2771000.0,12.2,36,92300.0,0.0,6100.0,0.0,13300.0,19400.0,451,518700.0,1686900.0,1751500.0,Yes,Never,Low,High,1.0972,21.71,200.0,26410.0,29.0,0.8824,1
47,Female,Doctor,Salaried,Single,0,42900.0,11300.0,0.0,0.0,54200.0,15500.0,6700.0,5900.0,2700.0,2100.0,8600.0,0.0,8500.0,3500.0,3000.0,4100.0,60600.0,Business Loan,1353000.0,15.0,240,17820.0,18100.0,0.0,0.0,0.0,18100.0,316,167600.0,879200.0,395400.0,No,Occasionally,Moderate,High,0.6627,13.3,-24500.0,6290.0,38.0,0.983,1
23,Male,Other,Salaried,Married,2,75700.0,0.0,0.0,0.0,75700.0,22800.0,15800.0,5200.0,3300.0,600.0,1500.0,11200.0,7500.0,9000.0,10600.0,3100.0,90600.0,Education Loan,4340000.0,16.4,240,61690.0,0.0,0.0,0.0,0.0,0.0,551,699500.0,482200.0,467800.0,No,Occasionally,Moderate,High,0.8149,13.04,-14900.0,34060.0,48.3,0.8724,1
37,Male,Other,Salaried,Married,2,46100.0,0.0,0.0,0.0,46100.0,10900.0,15000.0,4000.0,2700.0,1400.0,6100.0,6900.0,8000.0,3200.0,2600.0,7500.0,68300.0,Vehicle Loan,1631000.0,16.8,180,24870.0,0.0,0.0,0.0,0.0,0.0,723,384200.0,309800.0,1261900.0,No,Occasionally,High,Low,0.5395,10.16,-22200.0,20740.0,53.9,0.3382,0
64,Male,Doctor,Self-Employed,Married,1,75600.0,17200.0,0.0,0.0,92800.0,12800.0,9700.0,9900.0,3400.0,2300.0,1000.0,16500.0,14900.0,3600.0,14900.0,7400.0,96400.0,Home Loan,1446000.0,12.4,180,17730.0,0.0,0.0,0.0,0.0,0.0,507,476100.0,1823700.0,1482900.0,No,Occasionally,Low,Low,0.1911,23.86,-3600.0,41760.0,62.5,0.0477,0
48,Male,Other,Salaried,Single,0,53100.0,0.0,0.0,0.0,53100.0,15800.0,9700.0,4000.0,4100.0,2500.0,7100.0,0.0,10200.0,2100.0,3700.0,1300.0,60500.0,Education Loan,1645000.0,16.4,24,80860.0,10400.0,6300.0,4400.0,0.0,21100.0,558,255400.0,448100.0,647600.0,Yes,Occasionally,Low,High,1.9202,8.62,-28500.0,2800.0,25.9,0.9997,1
49,Female,Manager,Salaried,Single,1,51300.0,17200.0,130000.0,0.0,79333.33333333333,14000.0,6500.0,2200.0,5200.0,900.0,6100.0,10300.0,10800.0,11600.0,12100.0,3500.0,83200.0,Business Loan,2660000.0,7.9,120,32130.0,0.0,0.0,0.0,3700.0,3700.0,578,668200.0,294600.0,1950300.0,No,Occasionally,Moderate,Low,0.4516,11.08,-7566.67,32000.0,54.3,0.464,1
41,Female,Analyst,Salaried,Married,0,46300.0,0.0,0.0,0.0,46300.0,7200.0,4500.0,6100.0,3400.0,2200.0,11100.0,0.0,5400.0,3700.0,24500.0,7400.0,75500.0,Personal Loan,2749000.0,10.7,48,70650.0,0.0,2900.0,0.0,2000.0,4900.0,643,326800.0,624200.0,70500.0,No,Never,Low,High,1.6317,11.83,-34100.0,15940.0,36.9,0.9912,1
36,Female,Accountant,Salaried,Divorced,0,23800.0,0.0,26000.0,0.0,25966.666666666668,5700.0,5300.0,5000.0,2600.0,800.0,8900.0,0.0,7600.0,12000.0,2200.0,2300.0,52400.0,Vehicle Loan,1156000.0,7.6,360,8160.0,0.0,0.0,0.0,9700.0,9700.0,755,181500.0,146100.0,526600.0,No,Occasionally,Moderate,High,0.6878,5.28,-36133.33,1980.0,49.5,0.6708,1
57,Female,Doctor,Salaried,Single,0,129200.0,3200.0,258000.0,0.0,153900.0,50900.0,12100.0,4100.0,3400.0,2200.0,2400.0,0.0,3600.0,2900.0,10400.0,5000.0,97000.0,Personal Loan,5166000.0,9.2,60,107740.0,0.0,0.0,0.0,0.0,0.0,768,878500.0,1918300.0,680600.0,No,Frequently,Low,Moderate,0.7001,28.83,56900.0,69260.0,71.5,0.0011,0
40,Female,Doctor,Unemployed,Married,0,30600.0,0.0,0.0,0.0,30600.0,5300.0,16100.0,7100.0,4400.0,1100.0,4900.0,0.0,10600.0,1200.0,17500.0,3200.0,71400.0,Vehicle Loan,880000.0,15.1,120,14250.0,0.0,0.0,2100.0,0.0,2100.0,764,266000.0,508100.0,207600.0,No,Occasionally,Low,High,0.5343,10.53,-42900.0,11670.0,60.8,0.6753,1
26,Female,Other,Salaried,Married,1,24800.0,6400.0,38000.0,0.0,34366.666666666664,11200.0,9600.0,4900.0,2700.0,2400.0,11200.0,11100.0,5800.0,10900.0,5700.0,6200.0,81700.0,Home Loan,1902000.0,7.5,180,17630.0,10800.0,4900.0,0.0,0.0,15700.0,548,79100.0,147800.0,659300.0,No,Occasionally,Low,Moderate,0.9698,2.33,-63033.33,0.0,25.9,0.9976,1
39,Female,Software Engineer,Salaried,Single,2,44100.0,16500.0,0.0,0.0,60600.0,6900.0,8500.0,5200.0,3100.0,1900.0,9000.0,11900.0,11500.0,7400.0,14900.0,2100.0,82400.0,Education Loan,2456000.0,13.0,24,116760.0,0.0,11100.0,0.0,3800.0,14900.0,710,526500.0,580600.0,508500.0,No,Occasionally,Low,Low,2.1726,11.38,-36700.0,12370.0,36.2,0.9989,1
25,Female,Sales Executive,Salaried,Married,0,30300.0,14700.0,84000.0,0.0,52000.0,6300.0,13900.0,2200.0,3800.0,1300.0,7500.0,0.0,4000.0,4900.0,7900.0,5200.0,57000.0,Business Loan,1278000.0,11.8,12,113430.0,16600.0,10200.0,5600.0,0.0,32400.0,681,283200.0,430400.0,1213700.0,Yes,Never,Moderate,High,2.8044,7.98,-37400.0,0.0,35.1,1.0,1
23,Male,Teacher,Business,Single,3,47800.0,0.0,49000.0,83200.0,135083.33333333334,37100.0,22000.0,6700.0,2500.0,1100.0,7100.0,8300.0,6600.0,6600.0,7100.0,1000.0,106100.0,Vehicle Loan,4127000.0,8.8,120,51830.0,0.0,24700.0,0.0,8800.0,33500.0,598,864900.0,2700100.0,2101500.0,No,Never,High,Moderate,0.6317,25.54,-4516.67,27290.0,45.2,0.0267,0
21,Female,Teacher,Salaried,Married,4,69100.0,9000.0,0.0,0.0,78100.0,11500.0,13900.0,3000.0,2000.0,1000.0,5400.0,10300.0,7600.0,3900.0,22600.0,2800.0,84000.0,Home Loan,1585000.0,14.7,360,19660.0,0.0,15300.0,7400.0,0.0,22700.0,631,753100.0,1134100.0,756700.0,No,Occasionally,Moderate,Low,0.5424,17.69,-28600.0,12440.0,53.5,0.1934,0
58,Male,Doctor,Salaried,Single,4,80600.0,16700.0,0.0,0.0,97300.0,17400.0,17400.0,3700.0,1700.0,1900.0,7400.0,14700.0,3300.0,8000.0,6700.0,2100.0,84300.0,Business Loan,5626000.0,14.8,180,77970.0,31400.0,16200.0,0.0,0.0,47600.0,516,441000.0,249600.0,2523900.0,No,Frequently,Low,High,1.2905,5.24,-34600.0,0.0,21.0,0.9976,1
35,Female,Manager,Business,Married,2,73700.0,21100.0,0.0,138100.0,232900.0,31200.0,10200.0,7700.0,2800.0,2300.0,9500.0,4400.0,2000.0,7800.0,10700.0,2500.0,91100.0,Vehicle Loan,10156000.0,15.1,360,129230.0,0.0,0.0,0.0,0.0,0.0,609,1594500.0,1244500.0,4393700.0,No,Occasionally,Low,Moderate,0.5549,31.16,141800.0,104800.0,74.0,0.0013,0
54,Female,Doctor,Salaried,Single,1,42100.0,25000.0,117000.0,0.0,76850.0,14100.0,7500.0,4500.0,1200.0,2000.0,2400.0,15100.0,5400.0,1900.0,5900.0,7000.0,67000.0,Home Loan,2042000.0,15.5,36,71290.0,0.0,0.0,0.0,0.0,0.0,594,419600.0,306500.0,971200.0,No,Occasionally,Low,Low,0.9277,10.84,9850.0,34580.0,48.0,0.7946,1
55,Male,Accountant,Salaried,Divorced,0,50300.0,21300.0,142000.0,0.0,83433.33333333333,14200.0,13100.0,3300.0,3900.0,2200.0,11700.0,0.0,8600.0,11000.0,8500.0,7400.0,83900.0,Business Loan,1258000.0,10.8,60,27230.0,0.0,8500.0,0.0,12900.0,21400.0,650,780100.0,107600.0,1134900.0,No,Never,Moderate,High,0.5829,8.43,-21866.67,16140.0,50.4,0.7504,1
45,Male,Other,Salaried,Single,1,60100.0,14800.0,0.0,0.0,74900.0,21300.0,19500.0,6600.0,1900.0,2100.0,3600.0,16000.0,10100.0,6100.0,8700.0,6300.0,102200.0,Personal Loan,1104000.0,17.9,120,19820.0,20300.0,0.0,0.0,0.0,20300.0,469,384400.0,524400.0,603500.0,No,Occasionally,Moderate,High,0.5356,7.42,-47600.0,13400.0,41.9,0.9623,1
44,Female,Other,Salaried,Married,1,20400.0,6400.0,40000.0,0.0,30133.333333333332,8300.0,15500.0,3700.0,2900.0,2500.0,5900.0,6300.0,7000.0,3100.0,9500.0,5100.0,69800.0,Education Loan,942000.0,8.3,120,11580.0,0.0,1900.0,4100.0,0.0,6000.0,329,88400.0,215900.0,98100.0,No,Occasionally,High,Low,0.5834,4.01,-45666.67,7560.0,33.6,0.9963,1
32,Female,Manager,Salaried,Married,2,65200.0,0.0,0.0,0.0,65200.0,22100.0,21800.0,4200.0,2300.0,2000.0,1200.0,4500.0,8000.0,4400.0,16700.0,2600.0,89800.0,Education Loan,2003000.0,14.3,60,46920.0,12600.0,12600.0,0.0,0.0,25200.0,469,331600.0,356300.0,591900.0,No,Frequently,Moderate,Low,1.1061,5.98,-49800.0,4140.0,24.5,0.9986,1
38,Male,Accountant,Self-Employed,Divorced,4,23700.0,0.0,0.0,0.0,23700.0,6700.0,18100.0,7000.0,4200.0,900.0,7100.0,11300.0,8600.0,10500.0,19100.0,2900.0,96400.0,Personal Loan,663000.0,17.7,24,33000.0,0.0,0.0,0.0,3900.0,3900.0,860,218300.0,272800.0,187900.0,No,Never,Moderate,Low,1.557,4.9,-76600.0,6760.0,35.9,0.9767,1
35,Female,Sales Executive,Salaried,Married,1,136000.0,0.0,283000.0,0.0,159583.33333333334,43700.0,18600.0,7900.0,5300.0,2100.0,5200.0,19300.0,8200.0,5200.0,13700.0,3200.0,132400.0,Education Loan,8274000.0,9.9,36,266590.0,0.0,8500.0,0.0,0.0,8500.0,653,838900.0,821900.0,1607200.0,No,Occasionally,Low,High,1.7238,11.79,18683.33,63310.0,45.1,0.9917,1
64,Female,Software Engineer,Salaried,Married,0,40000.0,0.0,0.0,0.0,40000.0,10900.0,6900.0,7900.0,4200.0,1100.0,3700.0,0.0,2300.0,7200.0,16000.0,6400.0,66600.0,Education Loan,2354000.0,10.4,120,31630.0,12800.0,6800.0,0.0,9500.0,29100.0,854,75500.0,755200.0,563000.0,No,Never,Low,Moderate,1.5182,8.68,-55700.0,0.0,42.9,0.8908,1
36,Male,Accountant,Salaried,Single,0,44700.0,5400.0,41000.0,0.0,53516.666666666664,17200.0,5700.0,5900.0,3700.0,2500.0,11800.0,0.0,6700.0,11400.0,20700.0,2800.0,88400.0,Vehicle Loan,1312000.0,13.5,360,15030.0,16800.0,0.0,0.0,14300.0,31100.0,718,302100.0,798300.0,101200.0,Yes,Never,Low,High,0.862,9.21,-65983.33,0.0,53.2,0.6801,1
47,Female,Business Owner,Salaried,Single,0,33400.0,0.0,27000.0,0.0,35650.0,6200.0,13800.0,5600.0,4300.0,1300.0,5700.0,0.0,3900.0,8200.0,25000.0,7800.0,81800.0,Home Loan,756000.0,15.7,240,10350.0,7200.0,0.0,3900.0,0.0,11100.0,383,149100.0,117900.0,113400.0,No,Never,High,High,0.6017,2.87,-57250.0,4940.0,25.5,0.9976,1
28,Female,Analyst,Salaried,Married,1,35800.0,11400.0,21000.0,0.0,48950.0,8600.0,11200.0,8300.0,1100.0,1100.0,5600.0,15100.0,8500.0,8400.0,12500.0,6600.0,87000.0,Personal Loan,2318000.0,11.0,240,23930.0,11300.0,0.0,0.0,2400.0,13700.0,798,326600.0,299000.0,1071200.0,Yes,Occasionally,Low,Moderate,0.7687,6.21,-51750.0,8330.0,51.4,0.6848,1
45,Male,Doctor,Business,Single,1,152800.0,0.0,0.0,167600.0,320400.0,91400.0,10400.0,3500.0,1600.0,1000.0,6100.0,16800.0,11600.0,3700.0,23500.0,8000.0,177600.0,Home Loan,9528000.0,16.3,240,134710.0,0.0,0.0,0.0,0.0,0.0,853,894800.0,6301100.0,1762800.0,No,Never,Low,Low,0.4204,40.52,142800.0,144180.0,89.8,0.0,0
37,Female,Business Owner,Salaried,Divorced,2,78400.0,0.0,0.0,0.0,78400.0,12300.0,17400.0,3200.0,1500.0,1800.0,2300.0,18900.0,9100.0,8400.0,13300.0,4200.0,92400.0,Education Loan,1330000.0,10.0,120,17580.0,13600.0,11800.0,0.0,1000.0,26400.0,715,279200.0,376600.0,797300.0,No,Never,Low,Moderate,0.561,5.52,-40400.0,8880.0,47.5,0.6105,1
49,Female,Manager,Self-Employed,Single,1,22600.0,0.0,0.0,0.0,22600.0,7400.0,10700.0,7300.0,1500.0,700.0,5300.0,13400.0,4100.0,5300.0,20000.0,5100.0,80800.0,Home Loan,338000.0,16.7,36,12000.0,0.0,1300.0,1300.0,0.0,2600.0,347,122200.0,72800.0,431900.0,No,Never,Moderate,Moderate,0.646,2.34,-60800.0,7570.0,27.5,0.999,1
28,Male,Business Owner,Salaried,Married,3,104000.0,0.0,183000.0,0.0,119250.0,27900.0,18000.0,5300.0,2300.0,2400.0,4700.0,11700.0,3900.0,11000.0,15200.0,3000.0,105400.0,Business Loan,2436000.0,10.2,60,52000.0,0.0,0.0,0.0,1700.0,1700.0,760,193600.0,645600.0,3495000.0,No,Occasionally,Low,Low,0.4503,7.84,12150.0,51960.0,61.9,0.0974,0
35,Male,Other,Salaried,Married,2,89000.0,0.0,213000.0,0.0,106750.0,18700.0,12200.0,7700.0,3700.0,1100.0,6100.0,13500.0,1500.0,2400.0,22300.0,5200.0,94400.0,Personal Loan,542000.0,14.0,240,6740.0,0.0,0.0,0.0,0.0,0.0,538,266900.0,1554600.0,425900.0,Yes,Never,Low,High,0.0631,19.3,12350.0,48040.0,68.5,0.0204,0
47,Male,Software Engineer,Salaried,Married,2,42600.0,0.0,0.0,0.0,42600.0,12500.0,19000.0,4100.0,1600.0,1100.0,10400.0,19000.0,7000.0,4100.0,12300.0,7800.0,98900.0,Personal Loan,2419000.0,11.3,36,79540.0,7300.0,0.0,0.0,13200.0,20500.0,502,345600.0,461800.0,967900.0,No,Never,Low,Moderate,2.3484,6.76,-76800.0,0.0,22.1,1.0,1
27,Female,Teacher,Salaried,Married,0,57100.0,12500.0,76000.0,0.0,75933.33333333333,13500.0,8400.0,4600.0,5700.0,600.0,3100.0,0.0,7100.0,1700.0,18000.0,1200.0,63900.0,Personal Loan,2177000.0,10.9,12,192310.0,14200.0,9800.0,0.0,2600.0,26600.0,555,715500.0,173400.0,1119100.0,Yes,Never,Moderate,High,2.8829,9.82,-14566.67,7570.0,39.0,1.0,1
23,Female,Doctor,Salaried,Single,3,48700.0,0.0,0.0,0.0,48700.0,16600.0,17500.0,9200.0,5300.0,1000.0,7700.0,7400.0,4300.0,5200.0,12700.0,3000.0,89900.0,Vehicle Loan,465000.0,11.2,12,41140.0,0.0,5000.0,2700.0,3100.0,10800.0,835,472900.0,383500.0,137000.0,No,Occasionally,Low,Moderate,1.0665,8.5,-52000.0,11120.0,43.0,0.6255,1
49,Female,Teacher,Salaried,Married,2,131400.0,0.0,0.0,0.0,131400.0,45400.0,8300.0,5400.0,5900.0,1300.0,1400.0,13800.0,11700.0,2600.0,21700.0,3000.0,120500.0,Home Loan,1849000.0,12.7,180,23030.0,0.0,0.0,8200.0,0.0,8200.0,751,1235700.0,347700.0,666100.0,Yes,Frequently,Moderate,Low,0.2377,12.3,2700.0,50930.0,71.4,0.0297,0
64,Female,Other,Self-Employed,Single,0,32900.0,19800.0,0.0,0.0,52700.0,14100.0,15100.0,6700.0,1200.0,1200.0,4500.0,0.0,6400.0,10300.0,24900.0,7900.0,92300.0,Home Loan,1201000.0,16.4,120,20420.0,0.0,0.0,0.0,0.0,0.0,719,498000.0,343800.0,1097600.0,Yes,Occasionally,Low,Low,0.3875,9.12,-39600.0,23720.0,60.5,0.3024,0
44,Female,Other,Salaried,Divorced,0,52700.0,0.0,0.0,0.0,52700.0,6800.0,12700.0,2900.0,5300.0,1000.0,6200.0,0.0,10400.0,11200.0,7600.0,1900.0,66000.0,Vehicle Loan,1863000.0,15.5,60,44810.0,0.0,8800.0,0.0,14200.0,23000.0,493,437400.0,223900.0,1390400.0,No,Frequently,Low,Moderate,1.2867,7.43,-36300.0,720.0,23.9,0.9979,1
23,Male,Doctor,Salaried,Married,3,39600.0,0.0,0.0,0.0,39600.0,6600.0,12700.0,3400.0,5000.0,600.0,1800.0,11500.0,10000.0,8400.0,12900.0,6700.0,79600.0,Personal Loan,1731000.0,12.2,240,19300.0,0.0,0.0,0.0,5700.0,5700.0,521,296500.0,205600.0,14400.0,No,Occasionally,Low,Moderate,0.6313,5.89,-45700.0,12120.0,36.5,0.9744,1
40,Male,Teacher,Salaried,Divorced,0,23900.0,0.0,0.0,0.0,23900.0,5500.0,7000.0,2300.0,5500.0,1100.0,7000.0,0.0,9500.0,2100.0,3900.0,2900.0,46800.0,Vehicle Loan,524000.0,10.5,240,5230.0,0.0,0.0,0.0,0.0,0.0,497,64600.0,377300.0,159800.0,Yes,Never,Low,Low,0.2188,9.44,-22900.0,10760.0,58.6,0.7805,1
35,Male,Accountant,Salaried,Single,1,146700.0,0.0,193000.0,0.0,162783.33333333334,50900.0,9700.0,5400.0,3600.0,2100.0,4400.0,14200.0,13700.0,4800.0,5200.0,7000.0,121000.0,Vehicle Loan,9388000.0,16.5,12,854000.0,0.0,0.0,0.0,9600.0,9600.0,351,764500.0,2586000.0,1748100.0,No,Occasionally,Low,Moderate,5.3052,25.65,32183.33,63650.0,31.2,1.0,1
45,Male,Other,Salaried,Single,0,27200.0,3600.0,44000.0,0.0,34466.666666666664,5000.0,12100.0,9900.0,4900.0,1400.0,11900.0,0.0,1200.0,11600.0,23400.0,4400.0,85800.0,Education Loan,1614000.0,16.6,180,24380.0,9900.0,6500.0,0.0,0.0,16400.0,707,147500.0,514100.0,1022400.0,No,Never,Low,Low,1.1832,6.47,-67733.33,0.0,27.0,0.9682,1
50,Female,Teacher,Salaried,Single,2,54700.0,0.0,0.0,0.0,54700.0,6900.0,15700.0,9000.0,1300.0,1100.0,7900.0,15300.0,2000.0,2500.0,14500.0,2700.0,78900.0,Personal Loan,2758000.0,12.3,24,130220.0,0.0,0.0,0.0,0.0,0.0,341,406900.0,770000.0,1070300.0,No,Occasionally,Moderate,Moderate,2.3806,14.92,-24200.0,24620.0,23.5,1.0,1
34,Female,Sales Executive,Salaried,Single,2,20500.0,14800.0,19000.0,0.0,36883.333333333336,4400.0,11800.0,7100.0,1400.0,1100.0,3700.0,9900.0,11100.0,7100.0,11100.0,6000.0,74700.0,Business Loan,841000.0,14.8,48,23320.0,12500.0,0.0,0.0,0.0,12500.0,845,185000.0,208700.0,399200.0,No,Occasionally,High,Low,0.9712,4.51,-50316.67,4100.0,42.2,0.7189,1
27,Male,Teacher,Self-Employed,Single,1,40200.0,16700.0,63000.0,0.0,62150.0,14100.0,15700.0,8900.0,1600.0,1600.0,2100.0,19000.0,5900.0,4900.0,17400.0,6900.0,98100.0,Education Loan,1613000.0,11.4,12,142860.0,0.0,8100.0,0.0,0.0,8100.0,770,243700.0,582600.0,376000.0,No,Occasionally,Moderate,Moderate,2.429,7.78,-44050.0,19870.0,38.9,0.9998,1
37,Female,Sales Executive,Business,Married,1,60500.0,0.0,0.0,76300.0,136800.0,43900.0,18400.0,6800.0,5600.0,1100.0,1400.0,19500.0,14800.0,12000.0,14900.0,4300.0,142700.0,Personal Loan,4732000.0,9.1,24,216400.0,0.0,0.0,0.0,0.0,0.0,628,1126400.0,1332600.0,930700.0,No,Occasionally,Moderate,Low,1.5819,17.23,-5900.0,61560.0,30.8,0.9534,1
64,Female,Sales Executive,Salaried,Single,4,32500.0,19100.0,85000.0,0.0,58683.333333333336,6500.0,12600.0,5000.0,1300.0,1800.0,2000.0,10600.0,4000.0,4100.0,8600.0,6000.0,62500.0,Personal Loan,1751000.0,10.9,360,16540.0,0.0,0.0,4800.0,7400.0,12200.0,810,447400.0,655000.0,87100.0,No,Never,Moderate,Moderate,0.4897,14.76,-16016.67,14210.0,63.3,0.0284,0
40,Male,Other,Salaried,Married,2,65700.0,0.0,194000.0,0.0,81866.66666666667,12500.0,13800.0,3400.0,1500.0,2500.0,8500.0,19500.0,3600.0,1500.0,7200.0,2300.0,76300.0,Personal Loan,1580000.0,14.7,12,142380.0,0.0,0.0,0.0,0.0,0.0,637,327800.0,1413900.0,2442900.0,No,Occasionally,Low,Low,1.7392,22.83,5566.67,36840.0,35.9,0.7932,1
56,Male,Doctor,Business,Married,3,42900.0,0.0,29000.0,55200.0,100516.66666666666,27500.0,18300.0,7200.0,5700.0,600.0,10400.0,8300.0,9200.0,8700.0,15600.0,7600.0,119100.0,Home Loan,6016000.0,15.6,180,86690.0,33600.0,0.0,0.0,1100.0,34700.0,572,450700.0,1797600.0,2961900.0,No,Never,High,Low,1.2077,14.62,-53283.33,10530.0,30.1,0.9187,1
29,Male,Manager,Salaried,Married,1,87600.0,0.0,91000.0,0.0,95183.33333333333,29200.0,14200.0,3500.0,1500.0,800.0,2700.0,14600.0,4900.0,4600.0,6300.0,1700.0,84000.0,Personal Loan,4917000.0,16.4,48,140360.0,0.0,0.0,0.0,7600.0,7600.0,554,855200.0,485900.0,31900.0,No,Frequently,Moderate,Moderate,1.5545,14.64,3583.33,35230.0,34.0,0.9673,1
58,Male,Other,Salaried,Single,0,96800.0,0.0,232000.0,0.0,116133.33333333333,35100.0,4300.0,5300.0,5300.0,900.0,5400.0,0.0,5800.0,8200.0,5200.0,2600.0,78100.0,Personal Loan,2101000.0,7.7,180,19720.0,0.0,0.0,0.0,0.0,0.0,817,866400.0,1069300.0,943500.0,No,Frequently,High,Low,0.1698,24.78,38033.33,52260.0,85.3,0.0002,0
42,Female,Doctor,Salaried,Single,1,36600.0,3900.0,0.0,0.0,40500.0,12000.0,8900.0,8600.0,4900.0,1400.0,4900.0,5500.0,13900.0,2200.0,9300.0,3000.0,74600.0,Business Loan,2190000.0,12.6,180,27130.0,0.0,0.0,4600.0,11700.0,16300.0,333,285700.0,154400.0,24800.0,No,Occasionally,Low,High,1.0723,4.84,-50400.0,1920.0,19.1,0.9996,1
22,Male,Doctor,Salaried,Married,2,50900.0,0.0,67000.0,0.0,56483.333333333336,7500.0,8900.0,3000.0,1200.0,600.0,8100.0,17700.0,1400.0,6800.0,21800.0,2100.0,79100.0,Personal Loan,2106000.0,10.4,36,68350.0,0.0,5300.0,0.0,0.0,5300.0,608,410100.0,752100.0,511300.0,No,Occasionally,Low,Low,1.3039,13.77,-27916.67,20120.0,31.4,0.9699,1
44,Male,Business Owner,Salaried,Single,0,53700.0,14700.0,0.0,0.0,68400.0,13600.0,12000.0,3000.0,1100.0,1500.0,3000.0,0.0,8400.0,5100.0,2800.0,3800.0,54300.0,Vehicle Loan,389000.0,14.7,24,18810.0,0.0,0.0,0.0,0.0,0.0,464,100700.0,811900.0,1849400.0,Yes,Frequently,Low,Low,0.275,16.81,14100.0,30780.0,63.7,0.1651,0
28,Female,Analyst,Salaried,Married,0,66800.0,10900.0,80000.0,0.0,84366.66666666667,29200.0,13000.0,3800.0,3700.0,2400.0,11500.0,0.0,5700.0,6900.0,21200.0,4200.0,101600.0,Personal Loan,2028000.0,10.1,36,65530.0,0.0,13400.0,0.0,3300.0,16700.0,803,493800.0,1448200.0,2214100.0,Yes,Never,Low,High,0.9747,16.42,-33933.33,21260.0,49.7,0.199,0
31,Other,Other,Salaried,Single,0,49400.0,0.0,0.0,0.0,49400.0,17200.0,6200.0,6400.0,6000.0,500.0,9000.0,0.0,5800.0,10400.0,16300.0,4600.0,82400.0,Personal Loan,317000.0,13.4,60,7280.0,0.0,0.0,0.0,10200.0,10200.0,802,161300.0,536400.0,1015100.0,No,Occasionally,Low,Low,0.3538,7.53,-43200.0,12030.0,63.1,0.1019,0
33,Male,Doctor,Salaried,Married,1,53900.0,2100.0,0.0,0.0,56000.0,14000.0,10700.0,4000.0,5400.0,1200.0,11500.0,10700.0,4500.0,11700.0,2900.0,1300.0,77900.0,Personal Loan,550000.0,15.0,240,7240.0,15700.0,4100.0,3200.0,8700.0,31700.0,503,73100.0,887100.0,1658400.0,No,Never,Low,High,0.6954,8.76,-53600.0,0.0,41.4,0.9725,1
37,Male,Business Owner,Self-Employed,Married,2,43400.0,14000.0,126000.0,0.0,67900.0,18800.0,12600.0,6000.0,2600.0,2000.0,4100.0,17800.0,2900.0,9300.0,15800.0,2500.0,94400.0,Home Loan,1008000.0,15.6,360,13230.0,0.0,6100.0,0.0,13300.0,19400.0,486,505500.0,478300.0,1519600.0,No,Never,Low,Moderate,0.4806,8.64,-45900.0,11160.0,46.3,0.947,1
28,Male,Sales Executive,Salaried,Married,0,51900.0,0.0,0.0,0.0,51900.0,17500.0,15500.0,4400.0,2900.0,800.0,7500.0,0.0,1500.0,9400.0,11800.0,6700.0,78000.0,Education Loan,1642000.0,10.3,48,41880.0,17100.0,0.0,0.0,1500.0,18600.0,413,176000.0,736500.0,375900.0,No,Never,High,Low,1.1653,9.45,-44700.0,4760.0,22.1,0.9968,1
41,Male,Manager,Salaried,Single,2,93800.0,0.0,278000.0,0.0,116966.66666666667,24900.0,10700.0,6000.0,2900.0,700.0,9100.0,8000.0,14800.0,6800.0,21300.0,6700.0,111900.0,Home Loan,3038000.0,8.4,120,37500.0,0.0,0.0,0.0,3700.0,3700.0,851,403000.0,206200.0,2929800.0,No,Occasionally,Moderate,Low,0.3522,5.27,1366.67,48940.0,66.3,0.0716,0
38,Male,Manager,Salaried,Single,3,67700.0,0.0,0.0,0.0,67700.0,9100.0,17700.0,4200.0,4700.0,1800.0,8800.0,16400.0,10200.0,2100.0,22900.0,3300.0,101200.0,Business Loan,893000.0,9.8,48,22560.0,0.0,8800.0,3700.0,0.0,12500.0,409,445400.0,262600.0,1031600.0,Yes,Never,Moderate,Moderate,0.5179,6.23,-46000.0,17960.0,39.7,0.9892,1
50,Female,Sales Executive,Self-Employed,Married,0,69600.0,0.0,108000.0,0.0,78600.0,21000.0,15000.0,9800.0,2700.0,500.0,1200.0,0.0,11900.0,8300.0,8600.0,4200.0,83200.0,Business Loan,2099000.0,13.8,360,24540.0,0.0,0.0,0.0,0.0,0.0,514,536800.0,746100.0,1188300.0,No,Occasionally,Low,Moderate,0.3122,15.42,-4600.0,35370.0,53.4,0.3204,0
38,Male,Teacher,Self-Employed,Married,2,70400.0,0.0,0.0,0.0,70400.0,23900.0,19600.0,5900.0,1700.0,2100.0,12000.0,4600.0,1900.0,2600.0,20000.0,2300.0,96600.0,Vehicle Loan,1530000.0,7.9,60,30950.0,22100.0,0.0,0.0,0.0,22100.0,793,352300.0,1256700.0,1759100.0,No,Never,Moderate,Moderate,0.7536,13.56,-48300.0,9580.0,49.2,0.2602,0
51,Male,Teacher,Salaried,Single,4,45400.0,0.0,0.0,0.0,45400.0,12500.0,21300.0,7900.0,4700.0,600.0,11200.0,16700.0,1200.0,3700.0,9100.0,6800.0,95700.0,Vehicle Loan,1251000.0,9.2,24,57270.0,0.0,0.0,0.0,0.0,0.0,622,262700.0,808900.0,727800.0,No,Never,Moderate,High,1.2615,11.2,-50300.0,20430.0,37.2,0.9664,1
58,Female,Other,Salaried,Single,4,57500.0,5500.0,0.0,0.0,63000.0,19000.0,16200.0,7600.0,3300.0,1500.0,2300.0,14000.0,9400.0,8800.0,8800.0,7700.0,98600.0,Business Loan,912000.0,18.0,12,83610.0,0.0,11000.0,0.0,8200.0,19200.0,715,539600.0,779700.0,618500.0,No,Occasionally,Low,Low,1.6319,11.2,-54800.0,9150.0,33.6,0.9906,1
52,Male,Analyst,Self-Employed,Single,0,28500.0,16500.0,38000.0,0.0,48166.666666666664,9900.0,15500.0,5900.0,1400.0,2000.0,7000.0,0.0,11100.0,8200.0,6400.0,3000.0,70400.0,Education Loan,1856000.0,11.5,60,40820.0,0.0,0.0,0.0,0.0,0.0,303,73100.0,167000.0,1342000.0,No,Occasionally,Low,Moderate,0.8475,3.41,-22233.33,21680.0,21.9,0.9992,1
31,Male,Business Owner,Self-Employed,Married,0,92400.0,0.0,165000.0,0.0,106150.0,13200.0,14400.0,3900.0,5000.0,1000.0,4500.0,0.0,6500.0,4500.0,17600.0,6500.0,77100.0,Education Loan,791000.0,12.7,240,9100.0,0.0,0.0,5500.0,0.0,5500.0,786,119000.0,1479600.0,234300.0,No,Occasionally,Moderate,Moderate,0.1375,19.35,23550.0,42270.0,78.5,0.0005,0
45,Male,Manager,Salaried,Single,0,12200.0,0.0,26000.0,0.0,14366.666666666666,2000.0,13900.0,6100.0,3900.0,700.0,10700.0,0.0,6400.0,9500.0,8000.0,3500.0,64700.0,Business Loan,378000.0,7.6,120,4510.0,0.0,0.0,2100.0,0.0,2100.0,709,96700.0,62600.0,283500.0,No,Occasionally,Moderate,Moderate,0.4601,2.38,-52433.33,4360.0,48.8,0.7013,1
53,Female,Software Engineer,Salaried,Married,2,46900.0,0.0,87000.0,0.0,54150.0,18700.0,8900.0,7400.0,3400.0,900.0,8700.0,5400.0,6400.0,11300.0,12700.0,1000.0,84800.0,Personal Loan,2936000.0,13.7,180,38510.0,15500.0,7100.0,0.0,14000.0,36600.0,629,337700.0,414700.0,1275900.0,No,Never,High,Moderate,1.3871,6.2,-67250.0,0.0,28.6,0.9926,1
58,Male,Software Engineer,Salaried,Married,2,86700.0,0.0,146000.0,0.0,98866.66666666667,22100.0,8600.0,5700.0,4400.0,2200.0,3500.0,11500.0,3100.0,7000.0,20700.0,5200.0,94000.0,Home Loan,2776000.0,10.9,360,26230.0,0.0,0.0,0.0,6600.0,6600.0,488,224100.0,689100.0,152000.0,No,Occasionally,Low,Moderate,0.3321,9.08,-1733.33,37890.0,53.9,0.5436,1
61,Female,Accountant,Self-Employed,Married,2,24800.0,0.0,40000.0,0.0,28133.333333333332,2900.0,17700.0,2700.0,3500.0,1900.0,1400.0,15900.0,11600.0,8500.0,20200.0,3900.0,90200.0,Home Loan,823000.0,13.1,48,22120.0,8400.0,0.0,0.0,0.0,8400.0,444,153600.0,500900.0,197800.0,No,Never,Low,Low,1.0848,6.64,-70466.67,4260.0,23.8,0.9988,1
28,Female,Doctor,Salaried,Married,0,59900.0,4200.0,0.0,0.0,64100.0,21700.0,17200.0,2100.0,4200.0,900.0,4200.0,0.0,4000.0,4000.0,21700.0,6300.0,86300.0,Personal Loan,560000.0,13.0,60,12740.0,0.0,4700.0,0.0,0.0,4700.0,352,486100.0,908800.0,429300.0,Yes,Occasionally,Low,Moderate,0.2721,15.33,-26900.0,24140.0,51.1,0.8401,1
31,Male,Sales Executive,Salaried,Married,0,34900.0,0.0,0.0,0.0,34900.0,7800.0,14800.0,4600.0,5300.0,1900.0,1400.0,0.0,5500.0,11700.0,5700.0,6200.0,64900.0,Education Loan,1336000.0,17.7,360,19810.0,0.0,0.0,0.0,3200.0,3200.0,819,260000.0,82000.0,931100.0,No,Never,Moderate,Moderate,0.6593,5.02,-33200.0,12500.0,47.0,0.4558,1
42,Other,Doctor,Business,Married,1,40800.0,0.0,0.0,52000.0,92800.0,28700.0,17600.0,3200.0,4100.0,1900.0,2600.0,5100.0,10400.0,4000.0,15500.0,7600.0,100700.0,Home Loan,5243000.0,10.3,36,169920.0,0.0,4900.0,0.0,6700.0,11600.0,457,571600.0,1579900.0,1810500.0,No,Occasionally,Low,High,1.956,19.16,-19500.0,30160.0,27.1,0.9987,1
44,Male,Doctor,Self-Employed,Single,1,78700.0,0.0,0.0,0.0,78700.0,18700.0,13600.0,9200.0,4300.0,2500.0,8000.0,8200.0,1000.0,10800.0,23000.0,4100.0,103400.0,Home Loan,1656000.0,13.5,12,148300.0,23000.0,0.0,0.0,3700.0,26700.0,801,136900.0,722300.0,512200.0,No,Never,High,Moderate,2.2236,6.6,-51400.0,8720.0,35.4,0.9992,1
61,Male,Business Owner,Business,Married,2,54100.0,21700.0,113000.0,105400.0,190616.6666666667,23900.0,12300.0,3400.0,4100.0,1300.0,9200.0,6700.0,11700.0,11200.0,3000.0,4400.0,91200.0,Vehicle Loan,5076000.0,11.5,240,54130.0,0.0,0.0,0.0,0.0,0.0,701,645800.0,2924200.0,5202600.0,No,Never,High,Moderate,0.284,39.14,99416.67,85780.0,85.5,0.0,0
37,Female,Accountant,Unemployed,Married,1,17700.0,18900.0,41000.0,0.0,40016.666666666664,10200.0,15500.0,5200.0,3700.0,2200.0,6100.0,11600.0,13600.0,8900.0,20300.0,3800.0,101100.0,Education Loan,1495000.0,11.9,360,15260.0,0.0,7600.0,0.0,0.0,7600.0,819,174300.0,630500.0,292600.0,No,Frequently,Low,Moderate,0.5713,7.4,-68683.33,10410.0,55.3,0.4876,1
32,Female,Analyst,Salaried,Married,0,30100.0,0.0,60000.0,0.0,35100.0,12300.0,14000.0,7700.0,1900.0,1400.0,7600.0,0.0,1700.0,9900.0,7700.0,3100.0,67300.0,Business Loan,355000.0,8.1,48,8680.0,0.0,2000.0,0.0,0.0,2000.0,763,280400.0,701100.0,697100.0,No,Never,Low,Low,0.3043,14.16,-34200.0,13800.0,64.1,0.0615,0
52,Female,Accountant,Salaried,Married,0,79800.0,0.0,168000.0,0.0,93800.0,10200.0,13500.0,8500.0,2700.0,2300.0,2700.0,0.0,9300.0,6000.0,17400.0,5500.0,78100.0,Business Loan,5372000.0,14.7,120,85680.0,0.0,0.0,0.0,7600.0,7600.0,325,531500.0,712100.0,1273100.0,No,Occasionally,Low,Low,0.9945,14.51,8100.0,34610.0,28.1,0.9879,1
35,Male,Manager,Salaried,Single,0,61400.0,0.0,119000.0,0.0,71316.66666666667,22100.0,17300.0,5800.0,4500.0,700.0,4500.0,0.0,6700.0,11100.0,18500.0,6800.0,98000.0,Personal Loan,2191000.0,9.6,180,23010.0,0.0,11600.0,0.0,10300.0,21900.0,448,532400.0,1242700.0,208800.0,No,Never,High,Moderate,0.6297,14.8,-48583.33,10190.0,49.1,0.9026,1
36,Male,Business Owner,Business,Married,0,117500.0,0.0,67000.0,64500.0,187583.3333333333,29800.0,9100.0,3400.0,3100.0,900.0,8800.0,0.0,2100.0,9200.0,23300.0,2100.0,91800.0,Home Loan,2125000.0,12.4,180,26050.0,0.0,12300.0,0.0,13900.0,26200.0,347,1739500.0,1209800.0,4238900.0,No,Occasionally,Low,Moderate,0.2785,24.99,69583.33,58210.0,67.5,0.0776,0
42,Female,Doctor,Salaried,Single,0,113700.0,18900.0,0.0,0.0,132600.0,26300.0,4600.0,4200.0,3000.0,2200.0,5000.0,0.0,10600.0,4600.0,13700.0,7900.0,82100.0,Business Loan,3108000.0,12.1,240,34440.0,0.0,0.0,11500.0,0.0,11500.0,862,852300.0,2640800.0,1303600.0,No,Never,Low,Moderate,0.3465,37.32,39000.0,48170.0,88.9,0.0,0
48,Male,Analyst,Unemployed,Married,0,41300.0,18900.0,0.0,0.0,60200.0,11600.0,16700.0,5400.0,4800.0,2100.0,4800.0,0.0,9600.0,1400.0,21500.0,5800.0,83700.0,Personal Loan,1539000.0,12.4,120,22440.0,0.0,8900.0,0.0,0.0,8900.0,745,165700.0,529400.0,650200.0,Yes,Occasionally,Moderate,Moderate,0.5206,7.51,-32400.0,18190.0,55.6,0.8755,1
40,Male,Doctor,Salaried,Single,0,171400.0,2400.0,0.0,0.0,173800.0,56400.0,6200.0,4900.0,1000.0,1100.0,3100.0,0.0,10000.0,6900.0,3000.0,6500.0,99100.0,Vehicle Loan,4170000.0,11.4,180,48450.0,0.0,0.0,0.0,14200.0,14200.0,342,317400.0,2353800.0,1118800.0,Yes,Never,Moderate,Low,0.3605,23.58,60500.0,64010.0,64.2,0.2758,0
53,Male,Other,Self-Employed,Married,0,49600.0,0.0,0.0,0.0,49600.0,11200.0,13800.0,4800.0,4400.0,1700.0,7500.0,0.0,12400.0,10200.0,11700.0,8000.0,85700.0,Education Loan,2139000.0,10.0,360,18770.0,0.0,3500.0,0.0,0.0,3500.0,704,25100.0,986800.0,1196800.0,No,Never,Low,High,0.449,11.34,-39600.0,18820.0,57.0,0.3181,0
30,Male,Other,Salaried,Single,2,30300.0,0.0,22000.0,0.0,32133.333333333332,6800.0,20200.0,3100.0,3400.0,1300.0,9900.0,13500.0,5000.0,10500.0,12100.0,4500.0,90300.0,Home Loan,771000.0,12.2,120,11150.0,10100.0,0.0,0.0,0.0,10100.0,873,69700.0,154500.0,154300.0,No,Never,High,High,0.6613,2.23,-68266.67,4360.0,53.3,0.3611,0
60,Female,Teacher,Salaried,Married,0,35700.0,24900.0,89000.0,0.0,68016.66666666667,20700.0,8300.0,9300.0,2900.0,500.0,6200.0,0.0,10500.0,10200.0,14400.0,1500.0,84500.0,Home Loan,1552000.0,8.0,24,70190.0,0.0,0.0,0.0,0.0,0.0,303,208000.0,874400.0,445300.0,No,Never,Low,Moderate,1.032,12.81,-16483.33,30610.0,21.0,0.9967,1
52,Male,Accountant,Self-Employed,Married,2,15900.0,0.0,0.0,0.0,15900.0,1800.0,19600.0,2200.0,2700.0,600.0,2300.0,6000.0,11400.0,3400.0,13100.0,6500.0,69600.0,Personal Loan,361000.0,10.0,48,9160.0,0.0,2600.0,0.0,3800.0,6400.0,348,48700.0,317500.0,194000.0,No,Occasionally,Moderate,Moderate,0.9786,4.82,-60100.0,760.0,22.9,0.9995,1
53,Other,Analyst,Salaried,Single,2,109500.0,14500.0,274000.0,0.0,146833.33333333334,17900.0,12600.0,5500.0,1900.0,600.0,10200.0,19400.0,3400.0,5700.0,24300.0,7100.0,108600.0,Home Loan,7016000.0,15.7,60,169500.0,29300.0,14700.0,0.0,2100.0,46100.0,550,1003900.0,2780300.0,655600.0,No,Never,Moderate,High,1.4683,24.46,-7866.67,19980.0,32.0,0.8127,1
22,Male,Other,Self-Employed,Married,1,108800.0,0.0,129000.0,0.0,119550.0,12600.0,17100.0,9800.0,2700.0,1700.0,1800.0,3100.0,14400.0,7800.0,3800.0,2100.0,76900.0,Education Loan,2625000.0,16.3,240,37110.0,0.0,0.0,0.0,0.0,0.0,375,230400.0,621000.0,404600.0,No,Occasionally,Moderate,Moderate,0.3104,11.07,42650.0,53800.0,68.6,0.7415,1
53,Female,Teacher,Salaried,Married,4,29500.0,0.0,0.0,0.0,29500.0,8000.0,13000.0,7300.0,3000.0,1100.0,6200.0,14800.0,5800.0,8300.0,8100.0,1200.0,76800.0,Business Loan,170000.0,15.0,48,4730.0,5400.0,0.0,0.0,0.0,5400.0,341,136800.0,84800.0,461700.0,No,Occasionally,Low,Moderate,0.3434,2.7,-52700.0,7880.0,36.7,0.9976,1
53,Male,Business Owner,Self-Employed,Married,0,43700.0,13200.0,0.0,0.0,56900.0,13200.0,13200.0,4800.0,3200.0,800.0,3900.0,0.0,11000.0,4700.0,24300.0,2000.0,81100.0,Personal Loan,1428000.0,14.1,12,128280.0,0.0,0.0,0.0,3200.0,3200.0,631,31100.0,517500.0,1627700.0,No,Never,Low,Moderate,2.3107,6.51,-27400.0,22400.0,28.2,0.9999,1
61,Male,Analyst,Salaried,Single,2,51400.0,0.0,105000.0,0.0,60150.0,19200.0,17500.0,3200.0,4400.0,2400.0,11300.0,18300.0,11600.0,8600.0,12200.0,3300.0,112000.0,Education Loan,1221000.0,16.0,12,110780.0,0.0,0.0,8300.0,4100.0,12400.0,467,179300.0,932600.0,1446800.0,No,Never,Low,High,2.0479,8.94,-64250.0,14670.0,18.6,1.0,1
33,Male,Teacher,Salaried,Married,4,30300.0,0.0,77000.0,0.0,36716.666666666664,8200.0,18900.0,9700.0,3300.0,700.0,9100.0,9500.0,8100.0,7500.0,15100.0,7500.0,97600.0,Home Loan,2019000.0,8.8,24,92050.0,12400.0,0.0,0.0,4000.0,16400.0,605,32700.0,587600.0,195100.0,No,Occasionally,Low,Low,2.9537,5.44,-77283.33,120.0,20.0,1.0,1
50,Male,Sales Executive,Self-Employed,Married,3,20400.0,0.0,0.0,0.0,20400.0,3200.0,19600.0,2100.0,5000.0,1800.0,7200.0,11800.0,2800.0,7200.0,3900.0,1000.0,65600.0,Business Loan,638000.0,13.0,240,7470.0,0.0,0.0,0.0,0.0,0.0,697,147700.0,255800.0,359600.0,Yes,Never,Moderate,High,0.3662,6.15,-45200.0,9180.0,56.5,0.4891,1
53,Female,Analyst,Salaried,Married,0,44100.0,8900.0,0.0,0.0,53000.0,16000.0,16900.0,7500.0,4200.0,2300.0,8300.0,0.0,4900.0,8300.0,8500.0,6600.0,83500.0,Education Loan,949000.0,8.7,36,30050.0,14100.0,0.0,0.0,0.0,14100.0,788,204900.0,672200.0,1261800.0,No,Never,Moderate,High,0.833,8.99,-44600.0,9750.0,52.1,0.4923,1
33,Other,Teacher,Salaried,Married,0,41800.0,0.0,0.0,0.0,41800.0,7300.0,14300.0,9000.0,1900.0,800.0,6900.0,0.0,4300.0,7600.0,2900.0,7000.0,62000.0,Business Loan,2466000.0,15.7,120,40850.0,0.0,0.0,4600.0,0.0,4600.0,679,211500.0,137600.0,181800.0,Yes,Occasionally,Moderate,Moderate,1.0873,5.24,-24800.0,14210.0,32.8,0.9725,1
46,Female,Doctor,Salaried,Married,0,40400.0,0.0,0.0,0.0,40400.0,13500.0,17500.0,2200.0,2400.0,900.0,2600.0,0.0,8300.0,2800.0,5200.0,6700.0,62100.0,Business Loan,750000.0,13.0,180,9490.0,0.0,0.0,0.0,0.0,0.0,383,312400.0,379100.0,99300.0,No,Occasionally,Moderate,Moderate,0.2349,11.14,-21700.0,18180.0,52.2,0.9076,1
42,Male,Sales Executive,Salaried,Single,2,54800.0,11400.0,94000.0,0.0,74033.33333333333,12000.0,14300.0,7800.0,1400.0,1600.0,8800.0,6600.0,4700.0,10600.0,16600.0,1600.0,86000.0,Personal Loan,3477000.0,16.0,12,315470.0,22200.0,13100.0,6800.0,0.0,42100.0,595,643900.0,884500.0,1979100.0,Yes,Occasionally,Moderate,Low,4.8299,11.93,-54066.67,0.0,34.3,1.0,1
59,Male,Other,Salaried,Single,2,100200.0,0.0,0.0,0.0,100200.0,14200.0,15400.0,10000.0,5700.0,1500.0,6400.0,5500.0,8700.0,3600.0,19600.0,5800.0,96400.0,Home Loan,4081000.0,15.9,60,99030.0,0.0,0.0,0.0,12400.0,12400.0,373,541900.0,1401600.0,736600.0,No,Never,Moderate,Moderate,1.1121,17.86,-8600.0,32690.0,27.6,0.988,1
22,Male,Software Engineer,Self-Employed,Single,0,42100.0,22200.0,0.0,0.0,64300.0,14400.0,7700.0,7100.0,5400.0,1500.0,8000.0,0.0,5000.0,9200.0,22000.0,7700.0,88000.0,Vehicle Loan,1956000.0,12.4,24,92440.0,0.0,7700.0,0.0,0.0,7700.0,414,429100.0,176400.0,960400.0,Yes,Never,Moderate,Low,1.5574,6.33,-31400.0,21240.0,20.9,0.9999,1
58,Female,Teacher,Salaried,Single,1,53400.0,0.0,0.0,0.0,53400.0,6000.0,19800.0,5300.0,1400.0,1600.0,1500.0,13600.0,1000.0,2900.0,7800.0,1800.0,62700.0,Vehicle Loan,1459000.0,12.7,180,18170.0,0.0,0.0,3000.0,0.0,3000.0,326,400100.0,754100.0,334400.0,No,Frequently,Low,Moderate,0.3964,17.57,-12300.0,21030.0,43.6,0.7722,1
59,Female,Business Owner,Salaried,Married,2,70500.0,10300.0,40000.0,0.0,84133.33333333333,9200.0,8800.0,9000.0,3900.0,2400.0,2600.0,16500.0,6100.0,8300.0,9700.0,1200.0,77700.0,Vehicle Loan,4457000.0,7.8,36,139260.0,0.0,0.0,0.0,9200.0,9200.0,737,270100.0,1588800.0,120300.0,Yes,Occasionally,Low,Moderate,1.7646,21.39,-2766.67,28660.0,40.1,0.6075,1
46,Female,Teacher,Salaried,Married,1,64700.0,0.0,0.0,0.0,64700.0,14500.0,11000.0,6400.0,5800.0,600.0,7500.0,19300.0,9500.0,10900.0,15100.0,7100.0,107700.0,Education Loan,2014000.0,13.0,360,22280.0,0.0,0.0,0.0,14300.0,14300.0,783,467100.0,1031200.0,996100.0,Yes,Frequently,Low,Moderate,0.5654,12.28,-57300.0,14820.0,57.2,0.1409,0
35,Male,Software Engineer,Salaried,Single,3,36100.0,8200.0,0.0,0.0,44300.0,6800.0,14200.0,8000.0,4700.0,2000.0,6100.0,10500.0,11800.0,1100.0,3900.0,5500.0,74600.0,Vehicle Loan,1136000.0,14.6,12,102320.0,8200.0,0.0,0.0,8700.0,16900.0,508,297300.0,569400.0,578200.0,No,Never,Low,Moderate,2.6912,9.47,-47200.0,3040.0,30.1,1.0,1
54,Female,Sales Executive,Salaried,Divorced,2,51400.0,14500.0,130000.0,0.0,76733.33333333333,7900.0,13400.0,6700.0,3500.0,1000.0,3500.0,7800.0,1400.0,11800.0,20600.0,5500.0,83100.0,Home Loan,1879000.0,10.0,24,86710.0,15400.0,0.0,0.0,8400.0,23800.0,726,361300.0,218400.0,1672400.0,No,Occasionally,Low,High,1.4402,5.42,-30166.67,10730.0,27.4,0.9873,1
62,Male,Sales Executive,Unemployed,Married,0,64500.0,20500.0,0.0,0.0,85000.0,14800.0,16800.0,2300.0,2200.0,1200.0,3600.0,0.0,4600.0,1300.0,13100.0,7800.0,67700.0,Vehicle Loan,1715000.0,17.9,360,25710.0,0.0,0.0,0.0,0.0,0.0,406,317700.0,1367900.0,2186400.0,No,Never,Low,Moderate,0.3025,24.9,17300.0,38250.0,60.1,0.2197,0
64,Female,Analyst,Business,Married,2,27900.0,0.0,0.0,35700.0,63600.0,14000.0,13200.0,3700.0,2400.0,700.0,7900.0,17400.0,14800.0,1100.0,24200.0,6400.0,105800.0,Business Loan,1749000.0,17.7,180,27790.0,14800.0,0.0,0.0,13200.0,28000.0,742,620100.0,864700.0,270200.0,No,Occasionally,Moderate,Low,0.8772,11.1,-70200.0,620.0,49.9,0.8082,1
60,Female,Business Owner,Salaried,Married,0,92200.0,0.0,0.0,0.0,92200.0,18300.0,16800.0,2600.0,4700.0,1400.0,1600.0,0.0,4700.0,10400.0,4700.0,3800.0,69000.0,Business Loan,1069000.0,10.5,36,34750.0,17800.0,5900.0,0.0,0.0,23700.0,807,910000.0,1053400.0,474800.0,Yes,Occasionally,Moderate,Moderate,0.6339,21.18,-500.0,17790.0,55.2,0.0045,0
31,Female,Business Owner,Salaried,Married,1,100300.0,12900.0,278000.0,0.0,136366.66666666666,18300.0,11900.0,2900.0,4900.0,2100.0,5800.0,7600.0,11900.0,8800.0,5100.0,4100.0,83400.0,Business Loan,1170000.0,15.0,240,15410.0,0.0,0.0,0.0,0.0,0.0,837,968700.0,2214700.0,3887500.0,Yes,Occasionally,Low,Moderate,0.113,38.17,52966.67,61360.0,89.2,0.0,0
23,Female,Business Owner,Self-Employed,Single,4,34200.0,0.0,25000.0,0.0,36283.333333333336,8900.0,24000.0,2100.0,3600.0,700.0,6800.0,18400.0,8100.0,2200.0,10000.0,2000.0,86800.0,Vehicle Loan,1262000.0,7.8,60,25470.0,0.0,0.0,0.0,0.0,0.0,357,150600.0,501300.0,454900.0,No,Frequently,Low,Moderate,0.702,7.51,-50516.67,16330.0,39.7,0.9966,1
26,Male,Software Engineer,Salaried,Single,3,54000.0,0.0,0.0,0.0,54000.0,15000.0,17300.0,5400.0,1600.0,1100.0,4400.0,6000.0,2700.0,11300.0,6800.0,3100.0,74700.0,Home Loan,1619000.0,14.5,24,78120.0,0.0,4900.0,0.0,0.0,4900.0,691,412500.0,535900.0,1543400.0,No,Never,High,Moderate,1.5374,11.91,-25600.0,19400.0,40.2,0.9583,1
29,Female,Business Owner,Salaried,Single,1,67600.0,13900.0,0.0,0.0,81500.0,21900.0,10400.0,3400.0,5700.0,1200.0,10000.0,3700.0,10000.0,8400.0,18000.0,4100.0,96800.0,Home Loan,1185000.0,14.1,12,106450.0,0.0,0.0,7800.0,0.0,7800.0,625,566700.0,444700.0,827500.0,No,Occasionally,Low,Moderate,1.4018,9.67,-23100.0,28880.0,32.8,0.9819,1
26,Male,Manager,Salaried,Married,0,37300.0,0.0,0.0,0.0,37300.0,7400.0,10300.0,8800.0,5200.0,700.0,1600.0,0.0,14500.0,2200.0,23800.0,2800.0,77300.0,Vehicle Loan,406000.0,16.1,120,6830.0,11300.0,0.0,5300.0,0.0,16600.0,549,211800.0,394700.0,389100.0,No,Never,Low,Low,0.6282,6.46,-56600.0,180.0,43.8,0.9788,1
29,Female,Software Engineer,Salaried,Single,0,62400.0,8900.0,184000.0,0.0,86633.33333333333,11600.0,9900.0,8000.0,1700.0,2000.0,10500.0,0.0,13400.0,10500.0,4100.0,7400.0,79100.0,Home Loan,1116000.0,10.7,48,28680.0,0.0,0.0,0.0,4300.0,4300.0,349,151800.0,340200.0,1837400.0,No,Never,Low,Moderate,0.3807,5.9,3233.33,34680.0,36.7,0.9645,1
59,Male,Sales Executive,Business,Married,1,53200.0,0.0,111000.0,71200.0,133650.0,30100.0,9600.0,6600.0,1300.0,2100.0,9000.0,7200.0,10700.0,6300.0,7600.0,1100.0,91600.0,Vehicle Loan,2986000.0,16.7,24,147200.0,0.0,0.0,0.0,0.0,0.0,625,1268700.0,286500.0,388800.0,No,Never,Low,Moderate,1.1014,16.98,42050.0,60140.0,52.2,0.6358,1
51,Male,Software Engineer,Self-Employed,Single,0,23500.0,4100.0,23000.0,0.0,29516.666666666668,9500.0,8100.0,5900.0,3700.0,2200.0,5900.0,0.0,8200.0,4100.0,7500.0,5100.0,60200.0,Home Loan,881000.0,16.5,12,80140.0,0.0,0.0,0.0,0.0,0.0,509,80000.0,160700.0,365700.0,No,Never,Moderate,Low,2.7151,4.0,-30683.33,13280.0,25.8,1.0,1
52,Female,Doctor,Salaried,Married,1,61700.0,0.0,49000.0,0.0,65783.33333333333,14300.0,8600.0,4000.0,2400.0,1700.0,11200.0,16000.0,5500.0,10100.0,13700.0,6400.0,93900.0,Personal Loan,1028000.0,14.5,180,14040.0,0.0,3300.0,0.0,5300.0,8600.0,561,278700.0,524600.0,750900.0,No,Occasionally,Low,Moderate,0.3442,7.84,-36716.67,21000.0,51.1,0.7544,1
61,Female,Doctor,Salaried,Single,0,28300.0,0.0,81000.0,0.0,35050.0,5200.0,8700.0,5800.0,2400.0,1500.0,8700.0,0.0,6000.0,9100.0,12400.0,6100.0,65900.0,Personal Loan,1632000.0,12.5,48,43380.0,0.0,0.0,2300.0,0.0,2300.0,757,131500.0,465800.0,37200.0,No,Never,Low,High,1.3033,8.76,-33150.0,13470.0,41.6,0.9192,1
32,Female,Business Owner,Self-Employed,Single,0,78400.0,22300.0,124000.0,0.0,111033.33333333333,13700.0,12700.0,7100.0,1400.0,1000.0,11200.0,0.0,5800.0,7900.0,18700.0,5500.0,85000.0,Home Loan,1736000.0,14.0,12,155870.0,25300.0,6500.0,0.0,0.0,31800.0,696,217700.0,1164500.0,1041300.0,No,Never,Moderate,High,1.6902,11.83,-5766.67,18160.0,36.1,0.9558,1
28,Male,Sales Executive,Self-Employed,Single,0,35000.0,0.0,35000.0,0.0,37916.666666666664,12700.0,9400.0,8300.0,5800.0,1800.0,6200.0,0.0,13900.0,10900.0,18900.0,3900.0,91800.0,Business Loan,448000.0,15.2,12,40480.0,0.0,4200.0,0.0,0.0,4200.0,336,27800.0,567500.0,453300.0,No,Occasionally,Low,Low,1.1784,6.2,-58083.33,12860.0,16.6,0.9996,1
28,Female,Software Engineer,Salaried,Married,4,45200.0,4400.0,0.0,0.0,49600.0,14200.0,22000.0,2700.0,5200.0,1400.0,6000.0,11700.0,4000.0,10500.0,15200.0,7400.0,100300.0,Personal Loan,2961000.0,17.7,180,47050.0,0.0,0.0,0.0,0.0,0.0,798,462900.0,744600.0,86300.0,No,Never,Moderate,Low,0.9486,12.04,-50700.0,22320.0,45.4,0.3489,0
48,Male,Software Engineer,Salaried,Single,2,97400.0,21100.0,0.0,0.0,118500.0,21100.0,21800.0,7700.0,1600.0,2400.0,6800.0,17600.0,6300.0,3500.0,15600.0,3300.0,107700.0,Education Loan,3510000.0,8.8,60,72520.0,18900.0,0.0,0.0,0.0,18900.0,354,891700.0,1708200.0,71600.0,No,Never,Low,High,0.7715,20.54,-8100.0,34420.0,37.7,0.8865,1
40,Female,Software Engineer,Salaried,Married,0,62800.0,0.0,146000.0,0.0,74966.66666666667,13000.0,9300.0,7900.0,5400.0,2400.0,1700.0,0.0,7000.0,10700.0,21400.0,6300.0,85100.0,Vehicle Loan,1076000.0,10.8,12,95000.0,18900.0,7400.0,0.0,2800.0,29100.0,787,52200.0,854800.0,1349100.0,No,Occasionally,Moderate,Moderate,1.6554,7.94,-39233.33,4640.0,36.8,0.985,1
27,Male,Manager,Self-Employed,Single,0,28600.0,2700.0,59000.0,0.0,36216.666666666664,11700.0,10500.0,6500.0,4400.0,2300.0,11000.0,0.0,6700.0,5100.0,11100.0,7500.0,76800.0,Education Loan,1963000.0,15.7,360,25920.0,0.0,0.0,2800.0,3200.0,6000.0,566,254700.0,492500.0,223600.0,No,Never,Moderate,Low,0.8814,9.02,-46583.33,10300.0,37.5,0.9533,1
31,Female,Doctor,Self-Employed,Single,1,29500.0,0.0,21000.0,0.0,31250.0,4500.0,8300.0,3700.0,2600.0,1200.0,8300.0,7400.0,1100.0,5700.0,2300.0,1900.0,47000.0,Home Loan,553000.0,11.8,36,18310.0,0.0,0.0,0.0,5500.0,5500.0,526,54100.0,611600.0,339900.0,No,Occasionally,Moderate,Moderate,0.7619,12.68,-21250.0,8560.0,41.2,0.9524,1
40,Female,Software Engineer,Salaried,Married,0,36300.0,16600.0,0.0,0.0,52900.0,12400.0,9500.0,6300.0,5400.0,1200.0,7800.0,0.0,4800.0,11700.0,6900.0,7600.0,73600.0,Home Loan,2957000.0,14.6,12,266340.0,0.0,0.0,5500.0,0.0,5500.0,765,390300.0,762300.0,127100.0,No,Never,Low,Moderate,5.1388,14.57,-26200.0,18300.0,41.2,1.0,1
36,Female,Manager,Self-Employed,Single,1,59700.0,0.0,52000.0,0.0,64033.333333333336,17800.0,16200.0,6000.0,4000.0,2200.0,11200.0,18300.0,8000.0,9400.0,2800.0,6400.0,102300.0,Business Loan,739000.0,8.9,24,33730.0,0.0,0.0,0.0,0.0,0.0,352,339300.0,967400.0,193800.0,No,Frequently,High,Low,0.5268,12.77,-38266.67,28820.0,41.8,0.9751,1
24,Male,Doctor,Salaried,Divorced,2,58600.0,19200.0,0.0,0.0,77800.0,15500.0,11000.0,5800.0,5200.0,2000.0,11900.0,5300.0,11600.0,4500.0,11100.0,5300.0,89200.0,Personal Loan,3991000.0,14.9,120,64140.0,0.0,0.0,0.0,0.0,0.0,325,761600.0,508200.0,360500.0,No,Frequently,Moderate,High,0.8244,14.24,-11400.0,35010.0,37.0,0.9731,1
26,Male,Manager,Salaried,Divorced,2,32200.0,18600.0,55000.0,0.0,55383.333333333336,6100.0,10500.0,5700.0,3300.0,1900.0,2800.0,16000.0,9000.0,8100.0,10200.0,3600.0,77200.0,Personal Loan,838000.0,14.6,36,28890.0,12700.0,0.0,0.0,0.0,12700.0,682,255200.0,558400.0,49500.0,No,Occasionally,Low,High,0.7509,9.05,-34516.67,12220.0,47.6,0.7585,1
42,Female,Analyst,Salaried,Single,2,27300.0,0.0,0.0,0.0,27300.0,4300.0,13300.0,2900.0,3500.0,1100.0,9200.0,8900.0,6400.0,6900.0,4300.0,7300.0,68100.0,Education Loan,1545000.0,13.7,240,18880.0,0.0,0.0,0.0,0.0,0.0,868,207900.0,253000.0,624400.0,Yes,Never,High,Moderate,0.6916,6.77,-40800.0,12280.0,52.0,0.3436,0
46,Male,Doctor,Salaried,Single,1,56400.0,19600.0,0.0,0.0,76000.0,24700.0,17500.0,3500.0,2500.0,2200.0,7400.0,7700.0,10300.0,2300.0,19400.0,1300.0,98800.0,Personal Loan,2780000.0,15.5,12,251570.0,0.0,0.0,0.0,0.0,0.0,491,67800.0,586400.0,2066000.0,No,Occasionally,Moderate,Moderate,3.3101,6.62,-22800.0,34200.0,25.5,1.0,1
23,Female,Other,Salaried,Single,3,44800.0,0.0,0.0,0.0,44800.0,10300.0,18700.0,2800.0,2900.0,1700.0,6100.0,19000.0,10300.0,10800.0,14700.0,4000.0,101300.0,Home Loan,692000.0,16.7,12,63020.0,0.0,0.0,0.0,14800.0,14800.0,596,420600.0,436000.0,701800.0,No,Occasionally,Moderate,Low,1.7371,7.38,-71300.0,5360.0,26.5,0.9991,1
61,Male,Analyst,Salaried,Married,3,144100.0,0.0,165000.0,0.0,157850.0,48000.0,23400.0,3900.0,3800.0,1400.0,11800.0,14200.0,4500.0,10000.0,7200.0,6300.0,134500.0,Business Loan,8124000.0,16.2,240,114250.0,0.0,0.0,21800.0,0.0,21800.0,421,922400.0,1951400.0,3866200.0,No,Never,Low,Low,0.8619,18.39,1550.0,49230.0,39.8,0.8113,1
62,Male,Software Engineer,Salaried,Married,1,49900.0,0.0,0.0,0.0,49900.0,11900.0,18700.0,4100.0,5700.0,2200.0,10400.0,14700.0,2500.0,9600.0,19500.0,6700.0,106000.0,Vehicle Loan,1321000.0,8.8,12,115400.0,9300.0,0.0,0.0,12100.0,21400.0,391,173900.0,641700.0,202900.0,No,Never,Low,Moderate,2.7415,6.4,-77500.0,1060.0,18.5,1.0,1
34,Female,Sales Executive,Salaried,Married,0,121400.0,0.0,0.0,0.0,121400.0,40800.0,6100.0,4000.0,4000.0,1300.0,8700.0,0.0,12200.0,7200.0,17400.0,2400.0,104100.0,Education Loan,5500000.0,15.3,48,153910.0,40000.0,0.0,0.0,8800.0,48800.0,676,207000.0,2058000.0,1636300.0,Yes,Never,Moderate,Moderate,1.6698,14.81,-31500.0,5830.0,31.1,0.9814,1
31,Female,Manager,Salaried,Married,1,27300.0,0.0,0.0,0.0,27300.0,8900.0,6600.0,3700.0,1700.0,1800.0,5200.0,8800.0,8400.0,3400.0,6400.0,1300.0,56200.0,Education Loan,1103000.0,12.2,120,15950.0,0.0,1800.0,0.0,6000.0,7800.0,636,179800.0,367700.0,117100.0,Yes,Occasionally,High,Low,0.87,8.55,-36700.0,4480.0,42.5,0.9411,1
38,Female,Manager,Salaried,Single,0,22300.0,0.0,28000.0,0.0,24633.333333333332,5400.0,9600.0,7900.0,1000.0,1400.0,8300.0,0.0,3500.0,10700.0,24600.0,6600.0,79000.0,Vehicle Loan,1091000.0,11.0,12,96420.0,0.0,4700.0,2500.0,13000.0,20200.0,372,187000.0,431500.0,735500.0,No,Never,High,Low,4.7342,6.23,-74566.67,0.0,17.0,1.0,1
32,Female,Manager,Salaried,Married,2,28000.0,0.0,0.0,0.0,28000.0,5000.0,15300.0,8500.0,5300.0,1700.0,6800.0,7600.0,4700.0,4900.0,6100.0,4000.0,69900.0,Home Loan,669000.0,16.7,48,19200.0,7200.0,1700.0,0.0,5900.0,14800.0,854,36700.0,377300.0,48800.0,No,Occasionally,High,Moderate,1.2143,4.89,-56700.0,0.0,36.9,0.8886,1
43,Male,Manager,Salaried,Married,1,88800.0,0.0,238000.0,0.0,108633.33333333333,27200.0,13200.0,4600.0,2800.0,600.0,3700.0,17200.0,11700.0,1200.0,19700.0,2000.0,103900.0,Education Loan,6152000.0,13.4,60,141240.0,0.0,0.0,0.0,0.0,0.0,772,224200.0,831200.0,1447000.0,No,Never,Moderate,Low,1.3002,10.16,4733.33,48880.0,40.9,0.6828,1
32,Female,Sales Executive,Salaried,Married,0,118000.0,0.0,248000.0,0.0,138666.66666666666,37300.0,5900.0,4400.0,2600.0,1400.0,6000.0,0.0,10100.0,11800.0,24300.0,1600.0,105400.0,Personal Loan,4963000.0,12.8,12,442820.0,31900.0,27300.0,15400.0,0.0,74600.0,726,577100.0,1800800.0,467000.0,No,Never,Low,Low,3.7314,13.21,-41333.33,0.0,39.6,1.0,1
33,Male,Teacher,Business,Married,0,33200.0,16900.0,0.0,48100.0,98200.0,22100.0,5700.0,8800.0,5000.0,1600.0,3300.0,0.0,14200.0,10500.0,18700.0,5500.0,95400.0,Personal Loan,910000.0,15.7,24,44430.0,0.0,9600.0,0.0,0.0,9600.0,389,843700.0,1458400.0,202300.0,No,Occasionally,Moderate,Low,0.5502,21.92,-6800.0,34590.0,44.6,0.5617,1
45,Female,Manager,Self-Employed,Married,1,38900.0,24200.0,107000.0,0.0,72016.66666666667,22000.0,6700.0,7000.0,5700.0,1500.0,6500.0,18300.0,7500.0,7800.0,17300.0,5100.0,105400.0,Personal Loan,624000.0,13.3,24,29750.0,0.0,5500.0,0.0,0.0,5500.0,577,708500.0,1010200.0,1587900.0,Yes,Never,Low,High,0.4895,15.5,-38883.33,26910.0,62.7,0.4633,1
39,Female,Teacher,Business,Single,3,27300.0,0.0,0.0,14800.0,42100.0,6100.0,21900.0,4300.0,4700.0,2200.0,8900.0,12900.0,1700.0,1100.0,22800.0,7000.0,93600.0,Business Loan,1920000.0,16.5,120,32760.0,0.0,0.0,0.0,0.0,0.0,796,319000.0,721900.0,101200.0,Yes,Occasionally,Moderate,High,0.7781,11.12,-51500.0,18940.0,54.9,0.41,0
56,Male,Sales Executive,Salaried,Married,1,19800.0,13700.0,21000.0,0.0,35250.0,6500.0,19300.0,7700.0,1900.0,1100.0,1400.0,11400.0,10800.0,3500.0,8200.0,1200.0,73000.0,Vehicle Loan,1824000.0,8.6,24,82990.0,0.0,0.0,0.0,9000.0,9000.0,573,19500.0,641800.0,25300.0,No,Frequently,Low,Low,2.6096,8.06,-46750.0,6860.0,22.4,1.0,1
28,Female,Sales Executive,Salaried,Married,2,70200.0,9300.0,0.0,0.0,79500.0,21600.0,9600.0,4800.0,3000.0,2300.0,9400.0,3600.0,4600.0,6000.0,8400.0,7100.0,80400.0,Home Loan,3438000.0,15.6,120,56740.0,0.0,0.0,0.0,0.0,0.0,746,722100.0,585800.0,2264900.0,No,Occasionally,Moderate,Moderate,0.7137,16.27,-900.0,35780.0,49.8,0.0372,0
49,Female,Analyst,Self-Employed,Single,0,54800.0,7900.0,154000.0,0.0,75533.33333333333,12200.0,7000.0,6700.0,4800.0,1300.0,1200.0,0.0,5500.0,7900.0,16700.0,7200.0,70500.0,Personal Loan,1530000.0,9.2,360,12530.0,0.0,0.0,0.0,14900.0,14900.0,796,56800.0,188800.0,418700.0,No,Never,Moderate,Moderate,0.3632,2.88,-9866.67,19090.0,56.8,0.1972,0
52,Male,Doctor,Salaried,Divorced,1,49300.0,0.0,86000.0,0.0,56466.666666666664,11900.0,7300.0,9900.0,5500.0,1900.0,6700.0,19200.0,3800.0,8800.0,22300.0,4100.0,101400.0,Personal Loan,984000.0,9.9,24,45360.0,0.0,0.0,0.0,0.0,0.0,876,509500.0,760700.0,1430500.0,No,Frequently,High,Low,0.8033,12.53,-44933.33,25410.0,55.3,0.0893,0
64,Other,Other,Salaried,Single,1,24300.0,0.0,57000.0,0.0,29050.0,9900.0,18300.0,4400.0,6000.0,700.0,7300.0,12600.0,5300.0,9700.0,16200.0,1500.0,91900.0,Business Loan,1049000.0,9.4,180,10890.0,4700.0,0.0,3700.0,4500.0,12900.0,530,127800.0,89900.0,830500.0,No,Occasionally,Moderate,Low,0.8189,2.08,-75750.0,170.0,33.1,0.9961,1
38,Male,Business Owner,Salaried,Married,2,111300.0,12300.0,0.0,0.0,123600.0,31700.0,21400.0,9400.0,3600.0,900.0,9400.0,10500.0,12600.0,7100.0,24500.0,7600.0,138700.0,Personal Loan,1956000.0,10.0,12,171960.0,0.0,20300.0,0.0,0.0,20300.0,825,932800.0,2199500.0,2788300.0,No,Occasionally,Low,Low,1.5555,19.7,-35400.0,35320.0,43.9,0.395,0
26,Male,Other,Self-Employed,Married,0,38100.0,6600.0,0.0,0.0,44700.0,15100.0,7700.0,4600.0,5100.0,2000.0,9400.0,0.0,9100.0,8200.0,7100.0,1500.0,69800.0,Business Loan,1156000.0,15.2,360,14800.0,0.0,0.0,0.0,0.0,0.0,539,59300.0,743000.0,139200.0,No,Never,Low,High,0.3311,11.49,-25100.0,20120.0,57.8,0.7087,1
38,Female,Business Owner,Salaried,Single,1,64000.0,0.0,48000.0,0.0,68000.0,19100.0,10300.0,6300.0,1200.0,500.0,5600.0,7600.0,2500.0,9900.0,21000.0,5100.0,89100.0,Vehicle Loan,2691000.0,14.4,48,74080.0,0.0,0.0,0.0,0.0,0.0,774,140500.0,989900.0,347800.0,No,Never,High,Moderate,1.0894,12.69,-21100.0,30600.0,41.4,0.5052,1
39,Female,Sales Executive,Business,Divorced,0,23700.0,0.0,26000.0,12100.0,37966.66666666667,10700.0,9100.0,5700.0,2400.0,2400.0,1700.0,0.0,9200.0,8900.0,23300.0,4500.0,77900.0,Education Loan,785000.0,9.9,60,16640.0,8900.0,0.0,0.0,0.0,8900.0,753,181600.0,706100.0,204000.0,No,Never,Moderate,Low,0.6727,10.23,-48833.33,8190.0,55.3,0.3943,0
42,Female,Other,Business,Married,0,44600.0,22600.0,0.0,74300.0,141500.0,35100.0,11000.0,8300.0,2900.0,900.0,8600.0,0.0,9900.0,11500.0,11800.0,6800.0,106800.0,Personal Loan,3629000.0,10.3,48,92560.0,0.0,0.0,0.0,0.0,0.0,715,122500.0,2526700.0,2776000.0,No,Occasionally,Low,Moderate,0.6541,24.81,34700.0,63680.0,65.1,0.0043,0
57,Female,Accountant,Salaried,Married,4,56700.0,23500.0,0.0,0.0,80200.0,10900.0,21600.0,2500.0,5900.0,2300.0,6600.0,18600.0,13400.0,10600.0,24100.0,4500.0,121000.0,Personal Loan,1991000.0,8.5,360,15310.0,0.0,0.0,11000.0,2700.0,13700.0,379,337100.0,1486600.0,432000.0,No,Never,Moderate,Moderate,0.3617,13.54,-54500.0,22390.0,46.9,0.8949,1
52,Female,Doctor,Self-Employed,Single,0,57700.0,16200.0,0.0,0.0,73900.0,17000.0,11100.0,7000.0,1000.0,1500.0,4700.0,0.0,13000.0,2900.0,6600.0,4300.0,69100.0,Vehicle Loan,2241000.0,11.9,12,199010.0,0.0,0.0,0.0,0.0,0.0,407,564900.0,1106500.0,66500.0,Yes,Never,Moderate,Low,2.693,24.19,4800.0,33260.0,25.6,0.9998,1
61,Female,Other,Salaried,Single,0,53000.0,0.0,80000.0,0.0,59666.666666666664,9700.0,17300.0,8100.0,2500.0,1600.0,3600.0,0.0,1900.0,11400.0,23900.0,7200.0,87200.0,Education Loan,2511000.0,11.5,120,35300.0,0.0,0.0,0.0,0.0,0.0,804,400900.0,477400.0,820800.0,No,Occasionally,Moderate,Moderate,0.5916,10.07,-27533.33,26850.0,62.9,0.1114,0
23,Male,Doctor,Self-Employed,Single,1,62800.0,0.0,0.0,0.0,62800.0,22000.0,7400.0,5800.0,5700.0,700.0,2300.0,8200.0,13100.0,3200.0,22800.0,7700.0,98900.0,Business Loan,3016000.0,9.0,60,62610.0,0.0,7300.0,0.0,0.0,7300.0,310,241300.0,119800.0,1109800.0,No,Never,Moderate,Moderate,1.1132,3.4,-43400.0,20960.0,15.3,0.9999,1
48,Male,Teacher,Salaried,Single,3,27900.0,0.0,0.0,0.0,27900.0,4700.0,21200.0,2800.0,2500.0,1200.0,4200.0,6800.0,1700.0,11900.0,3500.0,4800.0,65300.0,Education Loan,1160000.0,16.3,240,16400.0,0.0,0.0,0.0,10900.0,10900.0,836,16300.0,60500.0,385400.0,Yes,Occasionally,Moderate,Moderate,0.9785,1.01,-48300.0,1660.0,35.2,0.939,1
30,Male,Doctor,Self-Employed,Married,1,54100.0,0.0,0.0,0.0,54100.0,8500.0,10700.0,4000.0,2100.0,800.0,6000.0,12500.0,3200.0,8700.0,14000.0,4200.0,74700.0,Personal Loan,348000.0,16.5,24,17120.0,9700.0,0.0,0.0,0.0,9700.0,758,165700.0,869400.0,793900.0,No,Occasionally,Moderate,High,0.4957,12.26,-30300.0,14640.0,59.7,0.1723,0
55,Male,Teacher,Salaried,Divorced,2,51900.0,0.0,0.0,0.0,51900.0,13300.0,13300.0,7400.0,4700.0,1600.0,6300.0,16000.0,2600.0,7900.0,14200.0,6800.0,94100.0,Vehicle Loan,2820000.0,8.6,48,69640.0,0.0,3200.0,0.0,0.0,3200.0,638,408700.0,240600.0,711300.0,No,Never,Moderate,Low,1.4035,6.67,-45400.0,20160.0,28.6,0.9963,1
49,Female,Manager,Business,Married,3,55000.0,18700.0,0.0,36000.0,109700.0,25000.0,19900.0,9200.0,4700.0,1600.0,7400.0,15400.0,3500.0,4600.0,3300.0,6800.0,101400.0,Home Loan,4055000.0,10.3,60,86760.0,0.0,0.0,0.0,0.0,0.0,373,409700.0,762300.0,873500.0,No,Occasionally,Low,Low,0.7909,11.56,8300.0,49360.0,40.0,0.9742,1
35,Male,Teacher,Salaried,Married,0,50800.0,0.0,101000.0,0.0,59216.666666666664,6200.0,17000.0,5400.0,3400.0,1900.0,5000.0,0.0,12200.0,2500.0,2900.0,3200.0,59700.0,Vehicle Loan,3293000.0,15.2,240,43850.0,0.0,0.0,5900.0,5900.0,11800.0,689,242000.0,718700.0,1698100.0,No,Never,Moderate,High,0.9398,13.44,-12283.33,14850.0,41.1,0.4806,1
53,Male,Analyst,Salaried,Married,1,25900.0,19000.0,0.0,0.0,44900.0,5900.0,16000.0,6500.0,5700.0,2300.0,11100.0,8600.0,10600.0,2400.0,2100.0,5000.0,76200.0,Business Loan,2605000.0,16.6,12,237090.0,8500.0,0.0,0.0,0.0,8500.0,586,54100.0,156700.0,1128900.0,No,Occasionally,Low,Low,5.4697,2.49,-39800.0,11700.0,20.9,1.0,1
27,Male,Manager,Self-Employed,Married,1,25400.0,0.0,56000.0,0.0,30066.666666666668,9100.0,16900.0,3800.0,2000.0,1400.0,6500.0,17800.0,10600.0,10500.0,14100.0,2100.0,94800.0,Business Loan,924000.0,8.3,180,8990.0,7500.0,1800.0,0.0,0.0,9300.0,315,186900.0,593000.0,291200.0,No,Occasionally,High,Low,0.6083,7.49,-74033.33,4230.0,27.9,0.9931,1
32,Female,Sales Executive,Self-Employed,Married,2,16200.0,0.0,0.0,0.0,16200.0,3600.0,18500.0,5300.0,5600.0,1000.0,5700.0,15300.0,13900.0,5800.0,12700.0,5400.0,92800.0,Personal Loan,897000.0,17.0,240,13160.0,3300.0,2700.0,0.0,8700.0,14700.0,401,103800.0,267700.0,19300.0,No,Never,Moderate,Moderate,1.7198,3.46,-91300.0,0.0,14.8,1.0,1
50,Female,Software Engineer,Salaried,Married,0,73800.0,0.0,0.0,0.0,73800.0,10100.0,8500.0,4700.0,4800.0,1200.0,1500.0,0.0,6500.0,7200.0,23600.0,6800.0,74900.0,Vehicle Loan,1852000.0,8.1,12,161190.0,12400.0,0.0,0.0,11400.0,23800.0,624,339000.0,893700.0,1899600.0,No,Occasionally,Low,Low,2.5066,12.49,-24900.0,9410.0,39.1,0.9998,1
41,Female,Teacher,Salaried,Married,0,74100.0,0.0,0.0,0.0,74100.0,16000.0,14600.0,7200.0,2800.0,2200.0,7600.0,0.0,1000.0,11300.0,9900.0,2300.0,74900.0,Home Loan,1432000.0,14.2,60,33470.0,0.0,0.0,0.0,7700.0,7700.0,856,572500.0,1353100.0,1650000.0,No,Never,High,Moderate,0.5556,23.31,-8500.0,25640.0,59.7,0.0017,0
51,Female,Teacher,Salaried,Single,2,74700.0,22800.0,213000.0,0.0,115250.0,18800.0,19000.0,9900.0,5000.0,800.0,7600.0,16500.0,10000.0,3800.0,17100.0,3300.0,111800.0,Vehicle Loan,1043000.0,7.7,120,12490.0,0.0,0.0,0.0,0.0,0.0,310,1017700.0,1196000.0,280900.0,No,Occasionally,Low,Moderate,0.1084,19.8,3450.0,51860.0,55.3,0.3978,0
44,Female,Doctor,Business,Single,1,57100.0,0.0,84000.0,45800.0,109900.0,17100.0,13500.0,8500.0,1700.0,1800.0,7400.0,9100.0,13200.0,9400.0,2200.0,4100.0,88000.0,Business Loan,3281000.0,17.2,60,81890.0,0.0,0.0,0.0,0.0,0.0,304,838500.0,1982800.0,2301400.0,No,Occasionally,Low,Moderate,0.7451,32.06,21900.0,49460.0,42.5,0.3638,0
40,Female,Sales Executive,Self-Employed,Married,1,16900.0,0.0,0.0,0.0,16900.0,5700.0,13500.0,3500.0,1700.0,500.0,10800.0,9800.0,14700.0,6200.0,17300.0,6900.0,90600.0,Vehicle Loan,725000.0,11.2,360,7010.0,3200.0,0.0,0.0,0.0,3200.0,439,95800.0,282100.0,229500.0,No,Never,Low,Moderate,0.6041,4.03,-76900.0,4400.0,31.6,0.9912,1
57,Male,Other,Self-Employed,Married,1,29300.0,0.0,0.0,0.0,29300.0,5600.0,16600.0,6600.0,5600.0,1000.0,9400.0,7900.0,6100.0,3300.0,23000.0,6100.0,91200.0,Personal Loan,1721000.0,14.3,48,47290.0,0.0,0.0,2000.0,0.0,2000.0,505,275100.0,37100.0,114600.0,Yes,Never,Moderate,Moderate,1.6823,3.35,-63900.0,11180.0,17.6,0.9999,1
24,Female,Accountant,Salaried,Married,0,53400.0,0.0,94000.0,0.0,61233.333333333336,6800.0,15400.0,2500.0,1500.0,1700.0,10500.0,0.0,12500.0,10400.0,10200.0,3200.0,74700.0,Business Loan,2062000.0,9.4,24,94580.0,0.0,0.0,0.0,6900.0,6900.0,693,253000.0,988200.0,1331300.0,No,Never,Moderate,High,1.6573,15.21,-20366.67,20660.0,33.6,0.9469,1
48,Female,Business Owner,Salaried,Divorced,1,52500.0,21100.0,136000.0,0.0,84933.33333333333,29100.0,10700.0,4000.0,1000.0,1400.0,1700.0,10100.0,12900.0,8500.0,9200.0,2700.0,91300.0,Vehicle Loan,3856000.0,10.9,360,36430.0,17900.0,0.0,0.0,0.0,17900.0,302,570700.0,1350000.0,906300.0,No,Never,Moderate,Low,0.6397,17.59,-24266.67,20320.0,35.3,0.9124,1
64,Female,Teacher,Salaried,Single,1,43900.0,0.0,0.0,0.0,43900.0,13100.0,17200.0,3400.0,2900.0,1500.0,4500.0,3300.0,3000.0,2000.0,16400.0,5900.0,73200.0,Vehicle Loan,2383000.0,15.3,24,115880.0,10800.0,0.0,5700.0,0.0,16500.0,639,261900.0,308600.0,1199000.0,Yes,Occasionally,Low,Moderate,3.0155,6.36,-45800.0,3260.0,28.8,1.0,1
40,Female,Other,Self-Employed,Married,3,59000.0,22300.0,108000.0,0.0,90300.0,14800.0,21400.0,4700.0,1500.0,1800.0,4500.0,10800.0,9800.0,7000.0,9600.0,4400.0,90300.0,Personal Loan,3149000.0,17.7,24,156750.0,0.0,0.0,9900.0,0.0,9900.0,441,767100.0,936200.0,116200.0,No,Occasionally,Low,Moderate,1.8455,17.0,-9900.0,30740.0,28.3,0.9991,1
44,Male,Accountant,Salaried,Single,0,49300.0,17900.0,0.0,0.0,67200.0,13600.0,7300.0,7400.0,5300.0,1000.0,8200.0,0.0,3400.0,10400.0,11300.0,5200.0,73100.0,Personal Loan,952000.0,17.9,120,17090.0,0.0,0.0,0.0,1600.0,1600.0,574,352500.0,243600.0,1889700.0,No,Never,Low,Moderate,0.2781,7.98,-7500.0,28640.0,54.3,0.4386,0
52,Female,Business Owner,Business,Married,3,52100.0,0.0,0.0,54600.0,106700.0,33700.0,20000.0,6000.0,5600.0,1100.0,5900.0,19300.0,7300.0,1700.0,8300.0,5500.0,114400.0,Vehicle Loan,5511000.0,16.0,360,74110.0,32800.0,6100.0,0.0,0.0,38900.0,666,614400.0,1458100.0,281600.0,No,Frequently,Low,Low,1.0591,13.52,-46600.0,9120.0,44.7,0.7359,1
61,Female,Software Engineer,Salaried,Married,2,35600.0,0.0,0.0,0.0,35600.0,6700.0,10600.0,9500.0,3400.0,1900.0,9600.0,4300.0,13300.0,5600.0,9900.0,4900.0,79700.0,Home Loan,1302000.0,16.4,60,31940.0,0.0,2900.0,5000.0,0.0,7900.0,635,171300.0,491800.0,38600.0,Yes,Occasionally,Low,Low,1.1191,7.57,-52000.0,8120.0,34.2,0.9842,1
56,Male,Doctor,Salaried,Single,0,80100.0,3400.0,0.0,0.0,83500.0,20200.0,5300.0,3700.0,3100.0,1600.0,5200.0,0.0,12100.0,9900.0,17600.0,5300.0,84000.0,Business Loan,3901000.0,17.7,24,194190.0,21200.0,0.0,0.0,0.0,21200.0,736,153200.0,1640600.0,1457400.0,No,Frequently,High,High,2.5795,17.05,-21700.0,16380.0,45.2,0.9984,1
54,Female,Other,Salaried,Married,2,39500.0,21100.0,78000.0,0.0,67100.0,15700.0,16000.0,4900.0,3700.0,500.0,3400.0,11400.0,9000.0,10400.0,23200.0,7200.0,105400.0,Vehicle Loan,2766000.0,7.9,120,33410.0,0.0,0.0,0.0,0.0,0.0,405,598600.0,988500.0,1229100.0,No,Occasionally,Moderate,Low,0.4979,15.06,-38300.0,30200.0,46.4,0.9073,1
56,Male,Doctor,Salaried,Married,0,25200.0,0.0,0.0,0.0,25200.0,5000.0,16700.0,4600.0,2100.0,1800.0,4200.0,0.0,12300.0,9500.0,15400.0,7100.0,78700.0,Personal Loan,211000.0,9.3,12,18480.0,4200.0,3400.0,0.0,12800.0,20400.0,501,218900.0,239400.0,149400.0,No,Frequently,Low,Moderate,1.5429,4.62,-73900.0,0.0,17.3,0.9998,1
22,Female,Business Owner,Salaried,Single,4,33300.0,0.0,72000.0,0.0,39300.0,10200.0,12500.0,3900.0,2500.0,1700.0,3000.0,5000.0,3100.0,4400.0,2200.0,2000.0,50500.0,Business Loan,562000.0,8.1,36,17640.0,0.0,6200.0,2500.0,11700.0,20400.0,444,281900.0,173900.0,1032800.0,No,Occasionally,High,Low,0.9679,6.43,-31600.0,0.0,26.7,0.9957,1
35,Female,Analyst,Salaried,Married,3,41200.0,0.0,35000.0,0.0,44116.666666666664,9600.0,21600.0,9900.0,1500.0,700.0,3200.0,10700.0,3700.0,6600.0,8100.0,5100.0,80700.0,Personal Loan,915000.0,12.8,36,30740.0,8900.0,0.0,0.0,0.0,8900.0,776,167800.0,704400.0,1061500.0,No,Frequently,Low,Low,0.8985,9.73,-45483.33,10950.0,53.2,0.694,1
54,Male,Teacher,Salaried,Married,0,80600.0,0.0,0.0,0.0,80600.0,8500.0,11100.0,5100.0,3200.0,2000.0,3400.0,0.0,3900.0,9200.0,23900.0,4100.0,74400.0,Business Loan,1665000.0,17.6,120,29570.0,0.0,0.0,8000.0,3800.0,11800.0,621,312200.0,622400.0,683300.0,No,Occasionally,Moderate,Moderate,0.5133,10.84,-5600.0,24470.0,50.7,0.2037,0
56,Female,Manager,Self-Employed,Divorced,0,48000.0,0.0,0.0,0.0,48000.0,14600.0,16100.0,9500.0,4100.0,1500.0,1200.0,0.0,11900.0,2700.0,22900.0,3000.0,87500.0,Vehicle Loan,2455000.0,13.6,48,66590.0,0.0,6600.0,0.0,3500.0,10100.0,451,40400.0,908700.0,638000.0,No,Occasionally,Moderate,Moderate,1.5977,9.72,-49600.0,11500.0,27.3,0.999,1
26,Male,Accountant,Salaried,Single,1,44700.0,0.0,131000.0,0.0,55616.666666666664,7100.0,17800.0,5100.0,5700.0,900.0,8900.0,20000.0,13500.0,7500.0,4700.0,5400.0,96600.0,Education Loan,2108000.0,13.3,240,25150.0,0.0,0.0,4200.0,7800.0,12000.0,589,68800.0,348400.0,1307000.0,Yes,Never,Moderate,Moderate,0.668,3.84,-52983.33,13030.0,35.9,0.9482,1
59,Female,Sales Executive,Salaried,Single,1,26300.0,0.0,0.0,0.0,26300.0,5700.0,18300.0,3600.0,4700.0,1600.0,5400.0,16200.0,8900.0,8900.0,22900.0,4600.0,100800.0,Education Loan,252000.0,16.2,180,3740.0,0.0,3100.0,0.0,12000.0,15100.0,455,141500.0,124500.0,657500.0,Yes,Frequently,Moderate,Moderate,0.7163,2.3,-89600.0,0.0,29.0,0.9977,1
62,Male,Teacher,Salaried,Married,1,72600.0,0.0,0.0,0.0,72600.0,17800.0,16800.0,3000.0,4600.0,1700.0,1200.0,6800.0,14400.0,10300.0,24200.0,6400.0,107200.0,Business Loan,1909000.0,17.3,360,27680.0,0.0,11200.0,8700.0,11000.0,30900.0,698,70700.0,928400.0,1734300.0,No,Never,Low,Moderate,0.8069,7.23,-65500.0,1770.0,42.1,0.7134,1
32,Female,Manager,Salaried,Single,0,35400.0,0.0,0.0,0.0,35400.0,9800.0,15800.0,8800.0,2500.0,2300.0,5100.0,0.0,11200.0,2200.0,9500.0,1700.0,68900.0,Personal Loan,1260000.0,14.8,60,29840.0,0.0,0.0,2500.0,0.0,2500.0,670,51100.0,651300.0,284500.0,Yes,Occasionally,High,Low,0.9136,9.84,-36000.0,13430.0,39.7,0.8536,1
23,Male,Other,Self-Employed,Divorced,2,46600.0,24500.0,0.0,0.0,71100.0,14400.0,10500.0,2300.0,5400.0,2000.0,11000.0,12100.0,8900.0,4600.0,18100.0,3100.0,92400.0,Personal Loan,1339000.0,16.9,60,33210.0,0.0,0.0,7300.0,0.0,7300.0,609,205200.0,261700.0,1632400.0,No,Never,Moderate,Low,0.5698,4.68,-28600.0,24700.0,46.2,0.8708,1
38,Female,Software Engineer,Salaried,Single,0,102800.0,0.0,206000.0,0.0,119966.66666666667,34100.0,8300.0,9700.0,5700.0,1100.0,6600.0,0.0,9600.0,7000.0,14900.0,1200.0,98200.0,Personal Loan,863000.0,9.3,60,18040.0,30600.0,0.0,0.0,0.0,30600.0,383,485900.0,214200.0,2276700.0,No,Occasionally,Low,Moderate,0.4054,5.44,-8833.33,23380.0,44.7,0.9782,1
60,Male,Teacher,Self-Employed,Married,2,63200.0,4500.0,36000.0,0.0,70700.0,9400.0,11400.0,5300.0,5700.0,700.0,11900.0,18900.0,12900.0,8700.0,9800.0,6200.0,100900.0,Vehicle Loan,1832000.0,12.8,360,19980.0,0.0,0.0,10000.0,0.0,10000.0,644,364000.0,1370200.0,1116100.0,No,Never,Low,Low,0.424,15.64,-40200.0,21820.0,61.5,0.2542,0
41,Female,Doctor,Salaried,Married,2,21700.0,0.0,0.0,0.0,21700.0,5700.0,18400.0,4000.0,1200.0,2200.0,6900.0,14900.0,2300.0,9000.0,5500.0,7400.0,77500.0,Business Loan,659000.0,11.3,24,30810.0,5500.0,0.0,0.0,0.0,5500.0,389,77800.0,78100.0,627300.0,No,Frequently,Moderate,High,1.6733,1.88,-61300.0,4260.0,12.4,1.0,1
35,Female,Analyst,Salaried,Single,1,20200.0,3800.0,40000.0,0.0,27333.333333333332,8400.0,8200.0,6900.0,4000.0,2200.0,11600.0,14600.0,3400.0,3800.0,10400.0,5100.0,78600.0,Vehicle Loan,1497000.0,11.0,180,17010.0,0.0,2000.0,0.0,1200.0,3200.0,809,257900.0,342800.0,490400.0,No,Occasionally,Moderate,Low,0.7394,7.34,-54466.67,9100.0,45.8,0.2958,0
53,Other,Sales Executive,Salaried,Single,3,47500.0,0.0,132000.0,0.0,58500.0,18900.0,12600.0,3100.0,4200.0,900.0,3200.0,3200.0,4700.0,1200.0,23300.0,5300.0,80600.0,Education Loan,3215000.0,9.7,36,103290.0,0.0,0.0,3900.0,0.0,3900.0,591,557700.0,279800.0,1524600.0,No,Frequently,Low,Low,1.8323,9.91,-26000.0,22420.0,31.1,0.9989,1
55,Female,Doctor,Salaried,Married,0,26700.0,21600.0,0.0,0.0,48300.0,11800.0,16300.0,2600.0,2500.0,600.0,4200.0,0.0,13500.0,8600.0,20700.0,1300.0,82100.0,Education Loan,1571000.0,16.9,240,22920.0,0.0,0.0,0.0,9200.0,9200.0,551,49900.0,202200.0,1090100.0,Yes,Occasionally,High,Moderate,0.665,2.76,-43000.0,12540.0,38.1,0.9838,1
46,Female,Manager,Salaried,Married,0,67800.0,0.0,0.0,0.0,67800.0,12100.0,13900.0,8600.0,6000.0,1900.0,8700.0,0.0,14200.0,11000.0,9600.0,4500.0,90500.0,Personal Loan,2097000.0,12.2,360,21890.0,16200.0,0.0,0.0,0.0,16200.0,545,668600.0,268800.0,91700.0,No,Never,Moderate,High,0.5618,8.79,-38900.0,14310.0,46.3,0.8808,1
28,Male,Teacher,Self-Employed,Single,2,50100.0,0.0,73000.0,0.0,56183.333333333336,7900.0,20300.0,5400.0,2500.0,1900.0,11900.0,8100.0,6000.0,9800.0,14600.0,4700.0,93100.0,Personal Loan,2260000.0,13.1,360,25180.0,0.0,0.0,0.0,11700.0,11700.0,469,120400.0,814100.0,449900.0,No,Never,High,Low,0.6564,8.92,-48616.67,13580.0,44.7,0.9691,1
56,Male,Analyst,Salaried,Married,1,53200.0,11100.0,32000.0,0.0,66966.66666666667,12500.0,8000.0,6100.0,2100.0,900.0,10100.0,8000.0,13900.0,7800.0,11300.0,1300.0,82000.0,Business Loan,1286000.0,10.4,60,27580.0,13800.0,0.0,0.0,0.0,13800.0,664,244300.0,1033500.0,1223800.0,No,Never,Low,Moderate,0.6179,13.34,-28833.33,16340.0,53.2,0.3248,0
50,Male,Teacher,Salaried,Single,1,34400.0,0.0,0.0,0.0,34400.0,8100.0,11600.0,3400.0,3400.0,1800.0,7100.0,3900.0,8700.0,11800.0,12700.0,6500.0,79000.0,Education Loan,713000.0,17.6,360,10510.0,0.0,0.0,0.0,0.0,0.0,577,290700.0,112700.0,452300.0,Yes,Never,Low,Low,0.3055,5.11,-44600.0,15480.0,49.2,0.8045,1
43,Female,Other,Salaried,Married,3,117100.0,6100.0,0.0,0.0,123200.0,18400.0,14000.0,2500.0,2600.0,1100.0,1900.0,3900.0,7600.0,5800.0,19500.0,2900.0,80200.0,Business Loan,633000.0,13.9,36,21600.0,29100.0,0.0,0.0,0.0,29100.0,513,866500.0,442900.0,3531500.0,No,Never,High,Moderate,0.4115,11.98,13900.0,26340.0,61.2,0.4042,0
62,Female,Software Engineer,Salaried,Married,4,203100.0,0.0,0.0,0.0,203100.0,68700.0,12100.0,4900.0,5600.0,1000.0,5000.0,14400.0,12700.0,6800.0,14500.0,6100.0,151800.0,Education Loan,1889000.0,7.5,240,15220.0,66900.0,13500.0,0.0,0.0,80400.0,477,213900.0,3808600.0,3556000.0,No,Occasionally,Moderate,Moderate,0.4708,17.32,-29100.0,11000.0,53.1,0.363,0
64,Male,Business Owner,Salaried,Single,2,42600.0,0.0,0.0,0.0,42600.0,13800.0,12000.0,6000.0,3200.0,1100.0,2000.0,6200.0,8600.0,1100.0,6200.0,3800.0,64000.0,Home Loan,631000.0,10.3,180,6900.0,8600.0,0.0,6100.0,9600.0,24300.0,590,334800.0,519200.0,1187400.0,Yes,Never,Low,Moderate,0.7324,9.67,-45700.0,0.0,48.9,0.9381,1
34,Female,Teacher,Salaried,Divorced,2,58500.0,0.0,43000.0,0.0,62083.333333333336,6700.0,13300.0,8100.0,3100.0,1500.0,4400.0,18700.0,7400.0,11400.0,8200.0,8000.0,90800.0,Business Loan,2498000.0,18.0,48,73380.0,13800.0,0.0,8200.0,2700.0,24700.0,436,422200.0,983700.0,383500.0,No,Never,Moderate,Low,1.5798,12.17,-53416.67,3240.0,28.5,0.9993,1
34,Female,Manager,Salaried,Single,0,51500.0,14500.0,0.0,0.0,66000.0,15900.0,5300.0,6000.0,4100.0,2100.0,3800.0,0.0,1200.0,7400.0,15100.0,2500.0,63400.0,Home Loan,1102000.0,17.7,360,16340.0,0.0,0.0,0.0,8000.0,8000.0,531,629000.0,167000.0,1777600.0,No,Occasionally,Low,High,0.3688,11.15,-5400.0,21700.0,52.3,0.5891,1
22,Female,Doctor,Salaried,Single,0,43100.0,0.0,0.0,0.0,43100.0,12800.0,11900.0,8300.0,1400.0,1500.0,5300.0,0.0,1200.0,5300.0,17900.0,1400.0,67000.0,Vehicle Loan,510000.0,13.2,180,6520.0,0.0,4300.0,0.0,0.0,4300.0,775,394200.0,86000.0,694500.0,No,Never,Low,Low,0.251,6.73,-28200.0,15100.0,55.0,0.19,0
57,Male,Other,Self-Employed,Single,2,32300.0,12700.0,0.0,0.0,45000.0,7300.0,13400.0,2900.0,4800.0,1100.0,10200.0,9500.0,9800.0,1500.0,13700.0,7900.0,82100.0,Education Loan,1750000.0,13.4,240,21000.0,0.0,0.0,0.0,0.0,0.0,639,439400.0,383700.0,289000.0,Yes,Never,High,Moderate,0.4667,10.03,-37100.0,20250.0,49.7,0.7166,1
25,Male,Manager,Business,Married,1,28500.0,0.0,37000.0,37000.0,68583.33333333333,15800.0,6700.0,2500.0,4800.0,2300.0,2700.0,8600.0,2000.0,5000.0,16300.0,2700.0,69400.0,Home Loan,2801000.0,17.0,240,41090.0,0.0,0.0,0.0,5200.0,5200.0,857,330700.0,792100.0,802900.0,No,Never,Moderate,High,0.6749,15.05,-6016.67,25660.0,58.3,0.0112,0
58,Female,Sales Executive,Salaried,Married,1,27800.0,18700.0,0.0,0.0,46500.0,9400.0,15900.0,3300.0,3400.0,600.0,4400.0,4600.0,11300.0,1000.0,20200.0,5400.0,79500.0,Vehicle Loan,385000.0,14.9,36,13330.0,0.0,0.0,0.0,6500.0,6500.0,685,335300.0,375600.0,1351500.0,Yes,Occasionally,High,Low,0.4265,8.27,-39500.0,14420.0,59.7,0.531,1
61,Female,Business Owner,Salaried,Married,0,60000.0,0.0,0.0,0.0,60000.0,8900.0,14200.0,8200.0,5800.0,2100.0,3900.0,0.0,9700.0,4600.0,14500.0,3600.0,75500.0,Business Loan,2851000.0,17.3,180,44480.0,0.0,0.0,0.0,12900.0,12900.0,344,578300.0,873300.0,1727100.0,Yes,Occasionally,Moderate,Moderate,0.9563,16.42,-28400.0,14100.0,34.1,0.9874,1
34,Male,Other,Unemployed,Single,2,37800.0,0.0,105000.0,0.0,46550.0,11800.0,19700.0,8100.0,3900.0,2100.0,4300.0,10700.0,7400.0,11500.0,24500.0,5500.0,109500.0,Home Loan,1785000.0,12.5,240,20280.0,7800.0,0.0,0.0,13600.0,21400.0,340,24200.0,638700.0,30700.0,Yes,Occasionally,Moderate,Low,0.8954,5.06,-84350.0,0.0,22.3,0.9999,1
59,Female,Software Engineer,Salaried,Single,0,13500.0,0.0,20000.0,0.0,15166.666666666666,5300.0,10800.0,3100.0,4500.0,1000.0,5000.0,0.0,10900.0,2700.0,7400.0,5200.0,55900.0,Home Loan,407000.0,17.7,36,14650.0,0.0,0.0,0.0,0.0,0.0,301,121300.0,143900.0,139900.0,No,Frequently,Low,Low,0.9659,4.74,-40733.33,6820.0,21.8,0.9998,1
45,Female,Business Owner,Salaried,Married,2,61200.0,0.0,0.0,0.0,61200.0,11700.0,21600.0,2200.0,5600.0,900.0,3700.0,18600.0,14900.0,7000.0,23200.0,6000.0,115400.0,Vehicle Loan,3615000.0,13.2,360,40560.0,0.0,7500.0,0.0,0.0,7500.0,307,62000.0,153500.0,1651200.0,Yes,Never,Moderate,Low,0.7853,1.75,-61700.0,20040.0,17.1,0.9997,1
40,Female,Manager,Salaried,Single,0,48100.0,0.0,0.0,0.0,48100.0,11500.0,16800.0,7500.0,4300.0,2200.0,11400.0,0.0,4400.0,3100.0,7700.0,1100.0,70000.0,Home Loan,267000.0,14.3,48,7340.0,0.0,9300.0,7200.0,0.0,16500.0,793,480500.0,592400.0,46900.0,Yes,Occasionally,Moderate,Moderate,0.4956,12.4,-38400.0,5140.0,66.5,0.0936,0
22,Female,Sales Executive,Salaried,Married,0,96100.0,0.0,0.0,0.0,96100.0,17500.0,11700.0,8800.0,3200.0,1600.0,5600.0,0.0,8800.0,9600.0,14200.0,6900.0,87900.0,Vehicle Loan,3360000.0,8.4,180,32890.0,28600.0,6800.0,0.0,0.0,35400.0,509,60700.0,537700.0,2758800.0,No,Occasionally,Low,High,0.7106,4.85,-27200.0,7840.0,34.9,0.9837,1
59,Male,Accountant,Salaried,Single,0,59100.0,0.0,143000.0,0.0,71016.66666666667,22700.0,10200.0,8000.0,1100.0,600.0,2300.0,0.0,12800.0,7200.0,12500.0,4400.0,81800.0,Education Loan,979000.0,13.9,240,12100.0,0.0,0.0,0.0,0.0,0.0,612,409700.0,591600.0,826600.0,No,Frequently,Moderate,Moderate,0.1704,12.24,-10783.33,31960.0,67.0,0.0914,0
26,Male,Software Engineer,Business,Married,0,23400.0,0.0,0.0,33700.0,57100.0,18100.0,4000.0,3600.0,4600.0,2300.0,6100.0,0.0,1200.0,3200.0,10600.0,4600.0,58300.0,Education Loan,1320000.0,15.6,240,17970.0,0.0,0.0,0.0,0.0,0.0,513,311100.0,72700.0,196700.0,No,Occasionally,High,Moderate,0.3147,6.58,-1200.0,25700.0,51.5,0.6058,1
37,Female,Analyst,Self-Employed,Single,3,16100.0,0.0,0.0,0.0,16100.0,2300.0,20000.0,6700.0,5800.0,1200.0,3000.0,6100.0,3800.0,10500.0,24100.0,3900.0,87400.0,Education Loan,198000.0,12.1,60,4410.0,0.0,0.0,0.0,0.0,0.0,797,54700.0,175500.0,145500.0,No,Never,Low,High,0.2739,2.63,-71300.0,7240.0,59.3,0.2947,0
45,Male,Accountant,Self-Employed,Married,0,34200.0,0.0,0.0,0.0,34200.0,11100.0,11900.0,8100.0,3400.0,1200.0,3400.0,0.0,8300.0,9600.0,8300.0,7900.0,73200.0,Home Loan,1428000.0,12.8,180,17880.0,0.0,0.0,0.0,9500.0,9500.0,507,255000.0,488400.0,829200.0,No,Occasionally,Low,High,0.8006,8.99,-48500.0,5890.0,34.5,0.9835,1
48,Male,Teacher,Self-Employed,Single,0,35900.0,0.0,0.0,0.0,35900.0,4900.0,17100.0,4000.0,2700.0,1800.0,4100.0,0.0,8700.0,11500.0,17500.0,6600.0,78900.0,Home Loan,972000.0,11.6,240,10430.0,0.0,0.0,0.0,0.0,0.0,470,105600.0,429800.0,1075300.0,No,Never,High,Moderate,0.2905,6.79,-43000.0,16160.0,47.4,0.9101,1
22,Male,Sales Executive,Salaried,Single,1,78600.0,15100.0,44000.0,0.0,97366.66666666667,12100.0,14300.0,6200.0,3600.0,1800.0,2400.0,3300.0,2200.0,1000.0,20500.0,3200.0,70600.0,Personal Loan,5769000.0,17.7,24,287180.0,0.0,0.0,0.0,0.0,0.0,590,317700.0,1487800.0,390900.0,No,Never,Low,Moderate,2.9495,25.57,26766.67,43820.0,47.5,0.9988,1
55,Male,Doctor,Salaried,Single,1,48800.0,7900.0,0.0,0.0,56700.0,14900.0,19900.0,4500.0,4600.0,1200.0,8900.0,7300.0,6700.0,6000.0,6500.0,6500.0,87000.0,Personal Loan,2323000.0,12.5,48,61750.0,12000.0,0.0,4900.0,1900.0,18800.0,810,125500.0,1133400.0,1084500.0,No,Never,High,High,1.4206,11.9,-49100.0,6720.0,43.7,0.7992,1
57,Male,Analyst,Business,Single,0,86400.0,0.0,0.0,146700.0,233100.0,45800.0,16000.0,3800.0,1000.0,800.0,9700.0,0.0,8300.0,12000.0,24400.0,4100.0,125900.0,Vehicle Loan,12926000.0,8.8,120,162350.0,51200.0,0.0,0.0,14300.0,65500.0,815,1697800.0,3034700.0,6470700.0,No,Never,Moderate,Moderate,0.9775,24.73,41700.0,39400.0,53.1,0.007,0
25,Male,Manager,Business,Single,0,25300.0,8500.0,36000.0,19600.0,56400.0,13100.0,17400.0,9800.0,5400.0,1600.0,5300.0,0.0,6900.0,9900.0,14600.0,7100.0,91100.0,Home Loan,1029000.0,7.8,360,7410.0,12900.0,0.0,0.0,0.0,12900.0,632,119300.0,293300.0,1522300.0,No,Occasionally,Moderate,Low,0.3601,3.97,-47600.0,12480.0,51.3,0.7759,1
21,Male,Sales Executive,Salaried,Married,4,79400.0,4800.0,212000.0,0.0,101866.66666666667,26800.0,16600.0,9300.0,5400.0,1800.0,8600.0,6800.0,10800.0,10100.0,23000.0,1200.0,120400.0,Vehicle Loan,2295000.0,15.6,24,111930.0,0.0,0.0,0.0,0.0,0.0,601,919600.0,1209500.0,1171500.0,No,Occasionally,Low,Moderate,1.0988,17.68,-18533.33,45840.0,33.6,0.6757,1
60,Male,Business Owner,Business,Married,2,70300.0,0.0,0.0,38300.0,108600.0,12300.0,10100.0,5600.0,3700.0,2200.0,5300.0,9500.0,11800.0,7800.0,17300.0,3500.0,89100.0,Business Loan,2709000.0,13.3,180,34810.0,0.0,11100.0,0.0,0.0,11100.0,826,351300.0,614300.0,2820700.0,No,Occasionally,Moderate,Low,0.4227,9.64,8400.0,37770.0,62.7,0.0171,0
32,Female,Other,Salaried,Married,1,17900.0,0.0,10000.0,0.0,18733.333333333332,3200.0,17200.0,3100.0,1600.0,1500.0,2800.0,19000.0,7400.0,8800.0,16900.0,4000.0,85500.0,Home Loan,958000.0,7.5,24,43110.0,0.0,3600.0,0.0,10300.0,13900.0,664,101700.0,136300.0,107700.0,No,Occasionally,Low,Low,3.0432,2.39,-80666.67,0.0,22.5,1.0,1
56,Female,Business Owner,Salaried,Married,1,95000.0,10800.0,0.0,0.0,105800.0,22800.0,17000.0,7800.0,4400.0,1800.0,5400.0,17600.0,7000.0,9900.0,9900.0,6200.0,109800.0,Business Loan,1761000.0,11.5,24,82490.0,0.0,0.0,0.0,0.0,0.0,846,530400.0,813500.0,2006400.0,Yes,Never,Low,High,0.7797,12.24,-4000.0,47610.0,56.2,0.0612,0
43,Female,Business Owner,Salaried,Married,0,51400.0,19200.0,50000.0,0.0,74766.66666666667,12500.0,7000.0,4000.0,1700.0,600.0,7100.0,0.0,10900.0,2000.0,19700.0,2300.0,67800.0,Home Loan,4267000.0,17.1,12,389370.0,16300.0,8800.0,10100.0,0.0,35200.0,645,536300.0,813400.0,1341300.0,No,Occasionally,Low,Moderate,5.6786,13.1,-28233.33,0.0,32.0,1.0,1
51,Male,Teacher,Salaried,Married,0,59600.0,6000.0,93000.0,0.0,73350.0,8200.0,14700.0,3300.0,3500.0,2300.0,1500.0,0.0,8800.0,8600.0,2700.0,3000.0,56600.0,Education Loan,543000.0,17.5,360,7960.0,0.0,9100.0,0.0,8800.0,17900.0,743,199800.0,803200.0,1722700.0,Yes,Never,Moderate,Moderate,0.3526,13.46,-1150.0,15110.0,67.7,0.032,0
31,Male,Software Engineer,Salaried,Married,2,31800.0,11800.0,66000.0,0.0,49100.0,6000.0,16100.0,5100.0,1500.0,1200.0,8200.0,3500.0,13200.0,10000.0,14800.0,6100.0,85700.0,Vehicle Loan,2649000.0,8.1,120,32280.0,11800.0,0.0,0.0,0.0,11800.0,354,415700.0,671600.0,337300.0,No,Never,Moderate,Moderate,0.8978,11.15,-48400.0,10300.0,29.5,0.9963,1
30,Female,Doctor,Salaried,Married,3,92700.0,0.0,249000.0,0.0,113450.0,34100.0,11500.0,6200.0,3900.0,1800.0,9200.0,4900.0,7700.0,1400.0,2700.0,1500.0,84900.0,Personal Loan,3384000.0,8.8,24,154290.0,0.0,14500.0,0.0,14000.0,28500.0,339,852000.0,1057000.0,2140300.0,No,Never,Low,Moderate,1.6112,16.83,50.0,22550.0,22.9,0.9986,1
23,Female,Analyst,Salaried,Married,0,27100.0,0.0,0.0,0.0,27100.0,8900.0,11000.0,2800.0,2600.0,2300.0,10500.0,0.0,9000.0,4300.0,9100.0,2400.0,62900.0,Education Loan,919000.0,7.6,48,22260.0,0.0,0.0,0.0,3900.0,3900.0,624,101800.0,123700.0,496300.0,Yes,Occasionally,Moderate,Low,0.9653,3.38,-39700.0,8300.0,32.3,0.9883,1
34,Male,Software Engineer,Salaried,Single,2,74300.0,0.0,187000.0,0.0,89883.33333333333,12400.0,21000.0,6600.0,5200.0,2100.0,2100.0,5700.0,2800.0,4600.0,4200.0,6300.0,73000.0,Personal Loan,5380000.0,16.6,48,154130.0,16300.0,9900.0,8100.0,0.0,34300.0,830,147700.0,928400.0,227100.0,No,Occasionally,Moderate,High,2.0964,10.03,-17416.67,6150.0,46.3,0.986,1
36,Male,Sales Executive,Salaried,Single,0,73900.0,0.0,0.0,0.0,73900.0,12000.0,11100.0,2100.0,5000.0,1800.0,1000.0,0.0,12700.0,10400.0,23000.0,7100.0,86200.0,Home Loan,3906000.0,8.2,180,37780.0,16200.0,0.0,0.0,0.0,16200.0,415,391300.0,1192200.0,732900.0,No,Occasionally,Moderate,Moderate,0.7304,15.46,-28500.0,17060.0,42.0,0.9102,1
30,Female,Business Owner,Unemployed,Married,0,30100.0,0.0,0.0,0.0,30100.0,7900.0,15000.0,9100.0,6000.0,1900.0,1800.0,0.0,6900.0,9600.0,16400.0,6100.0,80700.0,Business Loan,1647000.0,8.6,180,16320.0,0.0,3600.0,3500.0,0.0,7100.0,695,295400.0,432000.0,187300.0,No,Never,Moderate,Moderate,0.7781,8.28,-57700.0,6440.0,44.7,0.9393,1
49,Male,Teacher,Salaried,Single,0,132100.0,0.0,231000.0,0.0,151350.0,51200.0,4400.0,9400.0,2300.0,2300.0,11200.0,0.0,11100.0,8200.0,17400.0,4700.0,122200.0,Business Loan,5631000.0,9.9,48,142550.0,0.0,0.0,0.0,0.0,0.0,734,110500.0,482800.0,4538600.0,No,Never,Low,High,0.9419,4.86,29150.0,68110.0,42.8,0.5563,1
30,Male,Sales Executive,Salaried,Married,0,55000.0,0.0,124000.0,0.0,65333.333333333336,11400.0,14200.0,7900.0,1300.0,2100.0,9400.0,0.0,7000.0,9900.0,21600.0,1700.0,86500.0,Education Loan,3763000.0,17.1,60,93720.0,0.0,0.0,0.0,0.0,0.0,333,557000.0,1242500.0,1941600.0,No,Frequently,Moderate,Moderate,1.4345,20.8,-21166.67,29400.0,19.0,0.9937,1
32,Female,Other,Salaried,Married,3,68000.0,0.0,39000.0,0.0,71250.0,22400.0,23300.0,5700.0,3200.0,1700.0,10200.0,15100.0,1000.0,6000.0,18900.0,6800.0,114300.0,Personal Loan,3052000.0,14.7,360,37860.0,0.0,0.0,0.0,2300.0,2300.0,593,509300.0,485300.0,539600.0,No,Occasionally,Moderate,Low,0.5636,8.53,-45350.0,29760.0,45.2,0.7467,1
50,Female,Doctor,Salaried,Single,1,22800.0,0.0,0.0,0.0,22800.0,5200.0,13000.0,4000.0,1400.0,1800.0,6700.0,6100.0,6600.0,10600.0,4900.0,1900.0,62200.0,Vehicle Loan,1141000.0,14.0,120,17720.0,0.0,0.0,0.0,0.0,0.0,515,51100.0,276900.0,553000.0,No,Occasionally,Low,Moderate,0.7772,5.27,-39400.0,10260.0,34.0,0.9834,1
61,Male,Analyst,Self-Employed,Single,0,141300.0,0.0,0.0,0.0,141300.0,47900.0,8700.0,8000.0,1900.0,800.0,6800.0,0.0,3100.0,3600.0,16200.0,3700.0,100700.0,Vehicle Loan,6309000.0,15.7,24,308000.0,0.0,18100.0,0.0,0.0,18100.0,855,710200.0,227400.0,3461000.0,No,Occasionally,Low,Moderate,2.3079,7.89,22500.0,45480.0,49.1,0.9919,1
21,Male,Other,Salaried,Married,4,26600.0,0.0,0.0,0.0,26600.0,3600.0,21100.0,9500.0,4000.0,1400.0,4300.0,9400.0,6600.0,8800.0,24500.0,1400.0,94600.0,Vehicle Loan,1275000.0,14.8,24,61700.0,0.0,2200.0,0.0,0.0,2200.0,506,171900.0,486200.0,746900.0,No,Frequently,Moderate,Moderate,2.4023,6.8,-70200.0,9770.0,22.9,1.0,1
25,Female,Teacher,Self-Employed,Married,3,81800.0,0.0,242000.0,0.0,101966.66666666667,35000.0,22800.0,3300.0,4000.0,1100.0,10300.0,14200.0,5500.0,3700.0,6900.0,6000.0,112800.0,Personal Loan,4088000.0,15.3,36,142310.0,0.0,0.0,0.0,0.0,0.0,579,725800.0,1426300.0,395100.0,No,Never,Low,Moderate,1.3957,19.08,-10833.33,45880.0,31.2,0.8921,1
40,Male,Doctor,Salaried,Single,2,29800.0,16000.0,0.0,0.0,45800.0,9600.0,10500.0,5700.0,1200.0,1400.0,10100.0,11000.0,3800.0,1400.0,16300.0,4500.0,75500.0,Business Loan,2059000.0,8.3,180,20040.0,0.0,0.0,0.0,0.0,0.0,363,423800.0,286000.0,917300.0,No,Never,Low,Moderate,0.4376,9.4,-29700.0,20610.0,43.9,0.9837,1
28,Male,Sales Executive,Salaried,Married,3,36000.0,12800.0,0.0,0.0,48800.0,16500.0,15700.0,4500.0,3200.0,1800.0,5300.0,19100.0,2700.0,4100.0,15000.0,7400.0,95300.0,Business Loan,1414000.0,13.7,24,67690.0,0.0,5200.0,0.0,0.0,5200.0,727,429200.0,682400.0,301400.0,No,Never,Moderate,Moderate,1.4936,11.06,-51700.0,16760.0,42.7,0.9656,1
63,Male,Business Owner,Salaried,Married,0,72700.0,0.0,0.0,0.0,72700.0,15600.0,6200.0,4900.0,3700.0,800.0,4600.0,0.0,11200.0,6400.0,11000.0,2000.0,66400.0,Education Loan,3190000.0,15.4,12,288530.0,0.0,0.0,0.0,0.0,0.0,569,263200.0,476800.0,1434400.0,No,Frequently,Low,High,3.9688,11.14,6300.0,32720.0,32.6,1.0,1
32,Female,Business Owner,Salaried,Single,2,81900.0,0.0,197000.0,0.0,98316.66666666667,22900.0,15000.0,5200.0,2300.0,500.0,9100.0,6400.0,11600.0,10300.0,24000.0,6700.0,114000.0,Personal Loan,1988000.0,13.4,48,53730.0,0.0,13700.0,6200.0,0.0,19900.0,458,161300.0,583500.0,2572500.0,No,Never,Low,Moderate,0.7489,5.56,-35583.33,24340.0,34.7,0.9901,1
21,Male,Business Owner,Salaried,Single,2,26000.0,4100.0,0.0,0.0,30100.0,9100.0,15600.0,9600.0,5400.0,1300.0,1300.0,12100.0,4700.0,6600.0,10200.0,4600.0,80500.0,Home Loan,1202000.0,7.6,180,11210.0,0.0,0.0,0.0,0.0,0.0,353,44900.0,285700.0,73400.0,No,Never,Low,High,0.3724,4.11,-50400.0,13540.0,37.4,0.9897,1
40,Other,Accountant,Salaried,Married,3,84600.0,0.0,198000.0,0.0,101100.0,28400.0,23200.0,4100.0,1800.0,1100.0,10500.0,10700.0,7900.0,3000.0,4200.0,3600.0,98500.0,Home Loan,3418000.0,9.7,60,72120.0,0.0,17100.0,0.0,0.0,17100.0,432,981000.0,1253800.0,1932000.0,Yes,Occasionally,Moderate,High,0.8825,19.33,-14500.0,28400.0,36.9,0.8619,1
48,Female,Business Owner,Salaried,Single,2,82700.0,16400.0,0.0,0.0,99100.0,25300.0,13800.0,5900.0,2300.0,1300.0,5900.0,16400.0,7500.0,11900.0,24100.0,5500.0,119900.0,Vehicle Loan,5393000.0,17.6,180,85300.0,0.0,19700.0,6200.0,0.0,25900.0,399,949400.0,493300.0,1598300.0,No,Frequently,Low,Moderate,1.1221,9.9,-46700.0,18700.0,27.1,0.9983,1
63,Other,Accountant,Salaried,Married,0,30700.0,0.0,0.0,0.0,30700.0,6300.0,11900.0,9600.0,1800.0,2400.0,5900.0,0.0,6000.0,4000.0,18800.0,6500.0,73200.0,Business Loan,1290000.0,14.9,180,17970.0,0.0,0.0,4300.0,4200.0,8500.0,585,254400.0,464000.0,161700.0,No,Never,Moderate,Low,0.8622,8.79,-51000.0,5320.0,43.3,0.9434,1
57,Female,Manager,Unemployed,Married,2,109000.0,14900.0,0.0,0.0,123900.0,36900.0,20400.0,5800.0,1600.0,1900.0,8400.0,17200.0,4900.0,11800.0,9900.0,4100.0,122900.0,Business Loan,4685000.0,14.7,180,64610.0,0.0,7100.0,0.0,0.0,7100.0,486,1216000.0,1484700.0,883000.0,No,Occasionally,Moderate,Moderate,0.5788,20.77,-6100.0,48660.0,47.5,0.6871,1
57,Male,Accountant,Salaried,Married,0,23700.0,5100.0,63000.0,0.0,34050.0,11500.0,8500.0,8900.0,5400.0,1200.0,8100.0,0.0,3600.0,11300.0,8500.0,2600.0,69600.0,Personal Loan,757000.0,14.4,12,68110.0,0.0,0.0,0.0,4800.0,4800.0,505,105700.0,38900.0,531700.0,No,Frequently,Moderate,Low,2.1413,1.94,-40350.0,10520.0,20.6,1.0,1
32,Male,Doctor,Salaried,Married,0,35900.0,2400.0,0.0,0.0,38300.0,3900.0,13400.0,2500.0,2400.0,900.0,3900.0,0.0,13200.0,7000.0,23300.0,7400.0,77900.0,Personal Loan,2009000.0,8.8,240,17820.0,12600.0,3600.0,3400.0,0.0,19600.0,845,319500.0,438100.0,988700.0,Yes,Occasionally,Low,Moderate,0.977,7.77,-59200.0,0.0,46.4,0.4705,1
57,Male,Other,Salaried,Married,0,62300.0,0.0,0.0,0.0,62300.0,15400.0,14600.0,9600.0,4600.0,1700.0,11400.0,0.0,12700.0,2000.0,8300.0,3200.0,83500.0,Education Loan,497000.0,7.5,120,5900.0,11200.0,0.0,0.0,0.0,11200.0,543,328400.0,560500.0,1261900.0,Yes,Occasionally,Low,Moderate,0.2745,9.39,-32400.0,16840.0,52.0,0.688,1
64,Male,Doctor,Salaried,Single,3,32000.0,16900.0,82000.0,0.0,55733.333333333336,17600.0,14600.0,3500.0,3100.0,1800.0,11800.0,9600.0,6800.0,8600.0,14400.0,8000.0,99800.0,Personal Loan,3037000.0,12.1,120,43750.0,9600.0,6900.0,3500.0,0.0,20000.0,661,451000.0,764500.0,45900.0,No,Occasionally,Low,Low,1.1438,10.15,-64066.67,5080.0,35.0,0.9548,1
48,Female,Other,Salaried,Single,0,55900.0,15400.0,0.0,0.0,71300.0,18800.0,6300.0,9800.0,4200.0,1500.0,6800.0,0.0,11100.0,10300.0,6900.0,6400.0,82100.0,Education Loan,2917000.0,12.2,48,77100.0,25000.0,0.0,0.0,0.0,25000.0,876,449400.0,1287500.0,269900.0,Yes,Occasionally,Low,Low,1.432,16.22,-35800.0,7080.0,52.0,0.5479,1
35,Male,Manager,Business,Married,1,55300.0,6200.0,42000.0,66200.0,131200.0,39400.0,13000.0,3400.0,5600.0,900.0,7200.0,19800.0,8000.0,5900.0,24900.0,5800.0,133900.0,Vehicle Loan,2023000.0,16.0,360,27200.0,41400.0,0.0,0.0,0.0,41400.0,582,1120300.0,785900.0,3474200.0,No,Never,Moderate,Moderate,0.5229,10.87,-44100.0,17640.0,51.5,0.5295,1
26,Male,Other,Business,Married,1,44600.0,0.0,0.0,79000.0,123600.0,40000.0,11000.0,5600.0,5200.0,600.0,7100.0,12800.0,2200.0,3600.0,19700.0,1100.0,108900.0,Vehicle Loan,6757000.0,9.4,360,56320.0,35800.0,0.0,0.0,9800.0,45600.0,739,528400.0,1705700.0,2420000.0,No,Occasionally,Low,Low,0.8246,14.46,-30900.0,10020.0,49.7,0.1913,0
64,Male,Other,Salaried,Single,4,74300.0,3300.0,0.0,0.0,77600.0,22300.0,15700.0,4500.0,1300.0,1000.0,6300.0,11200.0,12500.0,9800.0,15100.0,4100.0,103800.0,Business Loan,1781000.0,10.4,120,23930.0,17800.0,0.0,9500.0,3400.0,30700.0,503,768000.0,301200.0,42100.0,No,Never,Low,Moderate,0.704,7.95,-56900.0,4220.0,38.6,0.9723,1
40,Female,Teacher,Salaried,Married,0,43700.0,0.0,0.0,0.0,43700.0,12200.0,17600.0,5500.0,5200.0,1400.0,11400.0,0.0,4100.0,7000.0,19200.0,4500.0,88100.0,Business Loan,623000.0,8.3,360,4700.0,0.0,0.0,2600.0,0.0,2600.0,576,112900.0,114800.0,781500.0,No,Occasionally,Low,Moderate,0.167,2.51,-47000.0,17060.0,50.4,0.7747,1
34,Male,Software Engineer,Salaried,Single,2,55000.0,0.0,0.0,0.0,55000.0,18800.0,15000.0,4000.0,3300.0,2100.0,3700.0,6300.0,10900.0,3200.0,23100.0,3600.0,94000.0,Business Loan,1240000.0,11.7,12,110000.0,0.0,8400.0,0.0,7100.0,15500.0,780,378900.0,1028800.0,278200.0,No,Occasionally,High,Moderate,2.2818,12.86,-54500.0,9250.0,37.0,0.996,1
22,Male,Software Engineer,Salaried,Single,3,87000.0,0.0,45000.0,0.0,90750.0,28700.0,22000.0,9700.0,2800.0,2200.0,2200.0,11300.0,8400.0,11400.0,24200.0,2000.0,124900.0,Home Loan,5251000.0,10.2,180,57070.0,0.0,0.0,0.0,3100.0,3100.0,864,737300.0,1577600.0,2504500.0,No,Occasionally,Moderate,Low,0.663,18.09,-37250.0,37740.0,53.8,0.0157,0
29,Male,Teacher,Salaried,Single,1,72800.0,0.0,77000.0,0.0,79216.66666666667,24100.0,8700.0,4400.0,4400.0,1300.0,11200.0,8300.0,10700.0,11400.0,20100.0,3600.0,108200.0,Education Loan,3676000.0,10.3,360,33080.0,0.0,7800.0,0.0,2000.0,9800.0,458,480400.0,833900.0,290900.0,Yes,Never,Moderate,High,0.5413,11.14,-38783.33,25850.0,44.2,0.9723,1
57,Female,Business Owner,Salaried,Married,1,72600.0,21600.0,126000.0,0.0,104700.0,12700.0,19200.0,7200.0,5800.0,2100.0,3300.0,5800.0,7600.0,5000.0,21500.0,1500.0,91700.0,Vehicle Loan,5803000.0,10.2,60,123870.0,0.0,0.0,10600.0,0.0,10600.0,359,341100.0,379900.0,241800.0,Yes,Occasionally,Low,Low,1.2843,7.05,2400.0,36520.0,17.5,0.9995,1
40,Female,Teacher,Salaried,Married,2,27600.0,24600.0,43000.0,0.0,55783.333333333336,8900.0,19100.0,3100.0,1500.0,2500.0,9200.0,13400.0,10800.0,1700.0,11100.0,3000.0,84300.0,Education Loan,1196000.0,9.9,120,15740.0,0.0,11100.0,0.0,12300.0,23400.0,862,325300.0,334900.0,1079100.0,No,Never,Low,Low,0.7016,6.13,-51916.67,1700.0,53.8,0.3564,0
46,Male,Other,Self-Employed,Single,3,63700.0,0.0,0.0,0.0,63700.0,15200.0,21300.0,8600.0,4800.0,1900.0,3200.0,12800.0,1500.0,7900.0,11000.0,1600.0,89800.0,Home Loan,607000.0,10.9,120,8330.0,11600.0,4100.0,6900.0,0.0,22600.0,457,337300.0,750400.0,1514900.0,No,Occasionally,Moderate,Low,0.4856,9.68,-48700.0,6060.0,45.2,0.9103,1
49,Male,Other,Salaried,Single,2,31600.0,19800.0,0.0,0.0,51400.0,14300.0,13500.0,6300.0,2000.0,2000.0,11600.0,15900.0,1600.0,4500.0,20600.0,6300.0,98600.0,Home Loan,1848000.0,13.1,60,42140.0,15800.0,0.0,0.0,0.0,15800.0,496,118500.0,688000.0,422200.0,No,Never,Moderate,Moderate,1.1272,7.05,-63000.0,7330.0,25.8,0.9945,1
21,Male,Teacher,Salaried,Single,0,25800.0,24000.0,73000.0,0.0,55883.333333333336,9800.0,10800.0,9800.0,2900.0,2300.0,9700.0,0.0,13500.0,1700.0,19500.0,5700.0,85700.0,Vehicle Loan,1764000.0,12.1,360,18280.0,8700.0,0.0,0.0,7800.0,16500.0,812,433100.0,789200.0,505200.0,No,Occasionally,Moderate,Moderate,0.6224,11.96,-46316.67,8650.0,56.2,0.0858,0
55,Male,Teacher,Self-Employed,Married,3,47300.0,0.0,78000.0,0.0,53800.0,6600.0,18300.0,5400.0,5400.0,1200.0,11100.0,6700.0,11500.0,10800.0,22700.0,7600.0,107300.0,Vehicle Loan,2401000.0,8.2,60,48910.0,0.0,0.0,0.0,5700.0,5700.0,680,163500.0,818200.0,575900.0,No,Never,Moderate,Moderate,1.0151,8.69,-59200.0,18510.0,33.3,0.9054,1
26,Female,Business Owner,Salaried,Single,1,31200.0,0.0,0.0,0.0,31200.0,5500.0,17100.0,3600.0,3700.0,500.0,11500.0,16300.0,12600.0,12000.0,5100.0,3700.0,91600.0,Business Loan,1087000.0,12.0,36,36100.0,7900.0,0.0,0.0,0.0,7900.0,607,262200.0,155600.0,716800.0,No,Never,High,Moderate,1.4103,4.2,-68300.0,6140.0,25.3,0.9982,1
57,Female,Doctor,Business,Divorced,1,72800.0,0.0,171000.0,98600.0,185650.0,54400.0,17900.0,4800.0,1300.0,2500.0,1900.0,9200.0,7400.0,4900.0,17900.0,6500.0,128700.0,Home Loan,4976000.0,16.4,120,84600.0,34200.0,0.0,0.0,0.0,34200.0,700,470800.0,1230600.0,1459200.0,No,Never,Low,High,0.6399,10.44,22750.0,49340.0,59.5,0.2464,0
25,Male,Manager,Salaried,Single,2,73700.0,0.0,0.0,0.0,73700.0,23500.0,9100.0,7900.0,3500.0,1500.0,5800.0,13700.0,7400.0,9200.0,16900.0,5100.0,103600.0,Business Loan,387000.0,8.6,120,4820.0,0.0,0.0,9400.0,0.0,9400.0,519,388500.0,91400.0,194900.0,Yes,Occasionally,Low,High,0.1929,4.25,-39300.0,23760.0,53.8,0.9271,1
53,Female,Sales Executive,Self-Employed,Divorced,0,18900.0,0.0,14000.0,0.0,20066.666666666668,6600.0,16700.0,7300.0,4900.0,2100.0,8100.0,0.0,8500.0,1700.0,20400.0,5500.0,81800.0,Vehicle Loan,617000.0,17.4,12,56390.0,0.0,1000.0,0.0,0.0,1000.0,796,142600.0,48300.0,186100.0,No,Never,Moderate,High,2.86,2.31,-62733.33,8030.0,33.3,1.0,1
34,Male,Other,Self-Employed,Single,2,32400.0,0.0,64000.0,0.0,37733.333333333336,7300.0,21100.0,8200.0,3600.0,2100.0,9800.0,7400.0,4400.0,5100.0,2600.0,4800.0,76400.0,Home Loan,439000.0,10.7,48,11280.0,0.0,0.0,0.0,0.0,0.0,583,375800.0,259600.0,1093500.0,Yes,Occasionally,Moderate,Moderate,0.2989,8.32,-38666.67,16980.0,59.4,0.4902,1
32,Female,Manager,Salaried,Married,1,23600.0,0.0,20000.0,0.0,25266.666666666668,4900.0,14300.0,2600.0,1800.0,1300.0,3700.0,13200.0,11300.0,2200.0,21000.0,6500.0,82800.0,Home Loan,1408000.0,7.7,12,122280.0,0.0,0.0,0.0,0.0,0.0,447,77700.0,114500.0,329400.0,No,Never,Moderate,High,4.8396,2.32,-57533.33,11370.0,17.4,1.0,1
62,Female,Teacher,Self-Employed,Single,3,38900.0,9200.0,0.0,0.0,48100.0,9700.0,12600.0,6600.0,3200.0,1600.0,11100.0,11200.0,12600.0,1600.0,9500.0,1300.0,81000.0,Personal Loan,2679000.0,10.2,120,35700.0,0.0,0.0,0.0,6000.0,6000.0,312,314500.0,498200.0,808000.0,No,Never,Low,Moderate,0.8669,9.34,-38900.0,15640.0,26.8,0.9992,1
40,Male,Business Owner,Salaried,Single,0,61500.0,11100.0,127000.0,0.0,83183.33333333333,16100.0,15500.0,9500.0,5600.0,1600.0,3400.0,0.0,13700.0,7500.0,17800.0,1600.0,92300.0,Home Loan,4093000.0,8.2,24,185490.0,0.0,13600.0,0.0,0.0,13600.0,409,162800.0,1424500.0,1902300.0,No,Never,Moderate,High,2.3934,14.99,-22716.67,23830.0,26.7,1.0,1
44,Female,Accountant,Business,Married,1,43400.0,0.0,100000.0,44500.0,96233.33333333334,25700.0,13700.0,2900.0,4300.0,900.0,10500.0,14900.0,8200.0,9800.0,16200.0,1700.0,108800.0,Business Loan,1317000.0,13.4,60,30240.0,0.0,0.0,0.0,0.0,0.0,375,797400.0,1418200.0,1612500.0,No,Occasionally,Moderate,Moderate,0.3142,20.36,-12566.67,43310.0,50.0,0.3873,0
63,Male,Business Owner,Salaried,Married,2,36500.0,0.0,0.0,0.0,36500.0,6900.0,19400.0,2800.0,4600.0,700.0,6600.0,16100.0,6800.0,6000.0,12100.0,3000.0,85000.0,Personal Loan,478000.0,10.8,36,15600.0,11800.0,0.0,0.0,0.0,11800.0,485,317000.0,559800.0,719200.0,No,Occasionally,Low,Low,0.7507,9.06,-60300.0,4620.0,38.1,0.9402,1
54,Male,Analyst,Salaried,Married,0,93900.0,0.0,0.0,0.0,93900.0,9900.0,15400.0,7700.0,4900.0,1600.0,6700.0,0.0,12600.0,6800.0,19200.0,5100.0,89900.0,Home Loan,3379000.0,16.0,120,56600.0,0.0,0.0,0.0,10800.0,10800.0,547,839100.0,1164800.0,2479900.0,No,Never,Moderate,Low,0.7178,19.9,-6800.0,31460.0,47.2,0.196,0
45,Male,Analyst,Salaried,Married,0,15500.0,0.0,30000.0,0.0,18000.0,3800.0,5200.0,4500.0,1500.0,700.0,5100.0,0.0,11500.0,4000.0,24100.0,5500.0,65900.0,Personal Loan,810000.0,15.2,360,10370.0,0.0,3000.0,0.0,10100.0,13100.0,591,170700.0,257500.0,201400.0,No,Never,Low,Moderate,1.3039,5.42,-61000.0,0.0,28.9,0.9975,1
49,Male,Manager,Business,Married,4,91000.0,0.0,0.0,85500.0,176500.0,27500.0,20500.0,7300.0,3900.0,1200.0,2100.0,13300.0,13100.0,9100.0,9400.0,6000.0,113400.0,Home Loan,9663000.0,12.4,36,322800.0,46600.0,20400.0,0.0,10200.0,77200.0,647,684600.0,780100.0,590300.0,No,Never,High,Moderate,2.2663,7.68,-14100.0,2220.0,32.5,0.9995,1
59,Female,Software Engineer,Salaried,Married,0,37300.0,0.0,0.0,0.0,37300.0,4000.0,10800.0,6400.0,2900.0,900.0,4800.0,0.0,10200.0,5000.0,19200.0,3000.0,67200.0,Education Loan,2021000.0,13.4,360,22990.0,0.0,0.0,0.0,5700.0,5700.0,817,254800.0,428800.0,105700.0,Yes,Never,Moderate,Low,0.7692,9.38,-35600.0,11080.0,52.3,0.4357,0
51,Female,Analyst,Business,Single,4,47100.0,0.0,0.0,76100.0,123200.0,26800.0,25200.0,9900.0,1700.0,1900.0,5700.0,9400.0,13400.0,1700.0,9200.0,5600.0,110500.0,Business Loan,1668000.0,13.9,60,38730.0,0.0,0.0,13300.0,0.0,13300.0,420,431100.0,1458800.0,2892700.0,No,Occasionally,Moderate,Low,0.4223,15.27,-600.0,42140.0,49.9,0.5826,1
63,Female,Analyst,Business,Married,0,37700.0,0.0,24000.0,33500.0,73200.0,11100.0,8200.0,9100.0,2000.0,2200.0,6300.0,0.0,2200.0,2800.0,21500.0,1800.0,67200.0,Business Loan,4374000.0,10.3,24,202440.0,23500.0,5200.0,0.0,0.0,28700.0,475,595600.0,947600.0,1438200.0,No,Never,High,Low,3.1577,16.09,-22700.0,4240.0,29.6,1.0,1
43,Female,Doctor,Salaried,Married,1,106000.0,0.0,254000.0,0.0,127166.66666666667,27100.0,8900.0,7400.0,4900.0,1700.0,9100.0,3200.0,10500.0,2400.0,12100.0,1100.0,88400.0,Personal Loan,1733000.0,9.0,360,13940.0,0.0,19500.0,0.0,0.0,19500.0,852,565700.0,2010000.0,2161100.0,No,Occasionally,Moderate,Low,0.263,23.87,19266.67,37720.0,81.8,0.0002,0
64,Female,Accountant,Self-Employed,Single,2,26500.0,13000.0,51000.0,0.0,43750.0,7400.0,20600.0,4100.0,1800.0,1300.0,4900.0,5900.0,2200.0,5800.0,12300.0,5900.0,72200.0,Education Loan,2240000.0,11.5,36,73870.0,0.0,2600.0,0.0,11800.0,14400.0,611,252500.0,828500.0,1220600.0,No,Never,Low,Low,2.0176,12.48,-42850.0,5290.0,39.7,0.998,1
58,Male,Doctor,Unemployed,Married,2,49300.0,0.0,0.0,0.0,49300.0,12400.0,10100.0,4100.0,2600.0,2500.0,5500.0,4000.0,11500.0,1700.0,19800.0,6000.0,80200.0,Personal Loan,1838000.0,8.5,360,14130.0,14900.0,0.0,0.0,0.0,14900.0,706,86900.0,716000.0,927100.0,No,Occasionally,Low,Moderate,0.5888,8.44,-45800.0,7280.0,52.3,0.8651,1
40,Male,Accountant,Salaried,Single,1,63800.0,0.0,67000.0,0.0,69383.33333333333,24100.0,15600.0,9100.0,2400.0,500.0,11000.0,17400.0,9800.0,9900.0,13400.0,5400.0,118600.0,Personal Loan,2935000.0,10.8,120,40100.0,0.0,0.0,0.0,8600.0,8600.0,577,595300.0,1285600.0,99200.0,No,Occasionally,Moderate,Moderate,0.7019,14.79,-57816.67,22620.0,47.1,0.6896,1
43,Male,Sales Executive,Salaried,Single,1,21900.0,0.0,57000.0,0.0,26650.0,6300.0,10200.0,6700.0,1200.0,1100.0,9300.0,17600.0,1200.0,11000.0,8100.0,2800.0,75500.0,Vehicle Loan,1019000.0,13.3,12,91160.0,0.0,0.0,0.0,0.0,0.0,726,135600.0,305100.0,374700.0,No,Occasionally,Moderate,Low,3.4206,5.84,-48850.0,11990.0,31.7,1.0,1
36,Female,Other,Salaried,Married,2,30900.0,15100.0,23000.0,0.0,47916.666666666664,12500.0,15900.0,8300.0,3300.0,1100.0,1300.0,17400.0,9400.0,3700.0,24900.0,7500.0,105300.0,Personal Loan,2532000.0,13.2,12,226390.0,11100.0,2600.0,0.0,0.0,13700.0,503,315500.0,311300.0,308900.0,No,Occasionally,Low,Low,5.0106,5.27,-71083.33,7860.0,24.4,1.0,1
62,Female,Analyst,Salaried,Married,0,45500.0,16600.0,0.0,0.0,62100.0,20500.0,12600.0,5600.0,4800.0,1200.0,9900.0,0.0,3000.0,6300.0,16300.0,7100.0,87300.0,Home Loan,2487000.0,8.8,36,78850.0,16200.0,0.0,0.0,11900.0,28100.0,656,425900.0,839100.0,1157500.0,No,Never,Moderate,Moderate,1.7222,10.96,-53300.0,0.0,36.3,0.9966,1
28,Male,Other,Salaried,Single,1,31500.0,0.0,31000.0,0.0,34083.333333333336,6600.0,11800.0,2800.0,1100.0,1000.0,11900.0,6800.0,3000.0,6700.0,16800.0,4600.0,73100.0,Vehicle Loan,1761000.0,7.6,60,35370.0,10200.0,0.0,0.0,0.0,10200.0,424,105800.0,669300.0,191900.0,No,Never,Moderate,Low,1.337,9.3,-49216.67,5140.0,21.6,0.999,1
41,Female,Analyst,Salaried,Single,0,32600.0,21100.0,0.0,0.0,53700.0,7600.0,17600.0,4700.0,1600.0,1000.0,11300.0,0.0,3100.0,11800.0,16900.0,7900.0,83500.0,Vehicle Loan,724000.0,8.4,120,8940.0,13900.0,0.0,0.0,12700.0,26600.0,744,432400.0,777800.0,1039100.0,No,Never,Low,Moderate,0.6618,10.99,-56400.0,0.0,54.6,0.2551,0
21,Female,Doctor,Salaried,Divorced,1,41200.0,0.0,0.0,0.0,41200.0,7000.0,7800.0,3300.0,4600.0,1000.0,10200.0,18400.0,7800.0,1700.0,22300.0,3100.0,87200.0,Personal Loan,2170000.0,7.9,60,43900.0,0.0,6400.0,0.0,0.0,6400.0,505,346600.0,799700.0,1091800.0,No,Never,Low,Low,1.2209,12.25,-52400.0,12140.0,29.8,0.9917,1
28,Female,Sales Executive,Salaried,Single,0,67800.0,14000.0,38000.0,0.0,84966.66666666667,17100.0,9500.0,8300.0,4000.0,1500.0,7900.0,0.0,2600.0,8300.0,6200.0,4400.0,69800.0,Vehicle Loan,5065000.0,11.7,240,54710.0,0.0,0.0,0.0,6800.0,6800.0,422,458800.0,121100.0,196700.0,No,Occasionally,Moderate,Low,0.7239,7.57,8366.67,31440.0,37.1,0.9639,1
49,Male,Doctor,Salaried,Married,0,41300.0,0.0,22000.0,0.0,43133.333333333336,11300.0,10000.0,7600.0,4600.0,1300.0,4100.0,0.0,2800.0,4800.0,3400.0,7500.0,57400.0,Business Loan,1785000.0,11.6,120,25200.0,0.0,0.0,0.0,0.0,0.0,393,391300.0,254900.0,335100.0,No,Frequently,Low,High,0.5842,11.26,-14266.67,19410.0,40.8,0.9667,1
52,Male,Doctor,Business,Married,1,84100.0,0.0,0.0,155100.0,239200.0,24200.0,14800.0,2700.0,2200.0,1800.0,8200.0,10800.0,4600.0,6500.0,10900.0,4200.0,90900.0,Vehicle Loan,14041000.0,10.0,24,647920.0,58000.0,0.0,0.0,5800.0,63800.0,578,485200.0,1482700.0,4833000.0,No,Occasionally,Low,Moderate,2.9754,12.72,84500.0,43840.0,43.3,1.0,1
58,Male,Accountant,Self-Employed,Married,0,29800.0,18800.0,26000.0,0.0,50766.666666666664,15900.0,9700.0,7000.0,5000.0,1500.0,8700.0,0.0,1000.0,3400.0,15000.0,4300.0,71500.0,Vehicle Loan,868000.0,9.8,60,18360.0,12100.0,4600.0,4200.0,0.0,20900.0,589,225300.0,462400.0,1083200.0,No,Occasionally,Low,High,0.7733,7.44,-41633.33,1940.0,39.9,0.9096,1
25,Male,Software Engineer,Salaried,Divorced,0,26200.0,0.0,0.0,0.0,26200.0,3100.0,5400.0,9000.0,3400.0,900.0,4100.0,0.0,4900.0,2800.0,8600.0,1600.0,43800.0,Home Loan,1326000.0,11.7,180,15660.0,5300.0,0.0,0.0,0.0,5300.0,346,24100.0,41500.0,461200.0,No,Never,High,Low,0.8,1.34,-22900.0,6490.0,25.3,0.999,1
42,Male,Business Owner,Self-Employed,Married,2,128400.0,4400.0,277000.0,0.0,155883.33333333334,50700.0,21300.0,7600.0,4100.0,2100.0,3800.0,10400.0,9700.0,3700.0,17900.0,2500.0,133800.0,Business Loan,2229000.0,8.4,24,101220.0,0.0,0.0,11000.0,0.0,11000.0,814,668200.0,2863700.0,650500.0,No,Never,Low,Low,0.7199,24.39,11083.33,59150.0,62.8,0.0071,0
54,Female,Manager,Self-Employed,Married,1,35300.0,0.0,0.0,0.0,35300.0,11900.0,11800.0,6100.0,1500.0,1400.0,5400.0,18200.0,9400.0,1800.0,3700.0,2100.0,73300.0,Vehicle Loan,1178000.0,9.8,60,24910.0,0.0,0.0,0.0,0.0,0.0,839,352000.0,509500.0,256900.0,Yes,Never,Low,Low,0.7057,11.75,-38000.0,15880.0,58.0,0.1685,0
21,Male,Other,Business,Married,3,25500.0,3500.0,0.0,38000.0,67000.0,23300.0,14800.0,4500.0,2000.0,800.0,8100.0,14100.0,14600.0,4100.0,20200.0,5000.0,111500.0,Home Loan,2782000.0,11.8,60,61600.0,18800.0,5100.0,0.0,0.0,23900.0,637,328300.0,173900.0,1823800.0,No,Occasionally,Low,High,1.2761,3.71,-68400.0,6250.0,30.2,0.992,1
46,Female,Analyst,Salaried,Married,2,20500.0,0.0,44000.0,0.0,24166.666666666668,7300.0,14300.0,9100.0,4900.0,800.0,4200.0,9200.0,2700.0,8600.0,18500.0,3200.0,82800.0,Business Loan,998000.0,8.5,240,8660.0,0.0,0.0,0.0,0.0,0.0,845,108300.0,104400.0,593900.0,No,Occasionally,Low,Moderate,0.3583,2.57,-58633.33,10880.0,57.1,0.1549,0
63,Female,Doctor,Salaried,Married,0,83900.0,0.0,43000.0,0.0,87483.33333333333,11900.0,7000.0,5400.0,2100.0,2100.0,7100.0,0.0,13100.0,8200.0,6900.0,1500.0,65300.0,Vehicle Loan,3665000.0,16.3,360,50170.0,0.0,0.0,12000.0,0.0,12000.0,665,615400.0,1090000.0,2493300.0,No,Never,Low,Moderate,0.7106,22.06,10183.33,27370.0,54.7,0.0264,0
30,Female,Software Engineer,Business,Married,2,41300.0,22300.0,58000.0,44700.0,113133.33333333333,31300.0,9400.0,8800.0,1500.0,1900.0,10900.0,16900.0,6500.0,7100.0,8900.0,4600.0,107800.0,Personal Loan,2563000.0,14.6,36,88350.0,22100.0,0.0,0.0,0.0,22100.0,342,108800.0,2066000.0,1388400.0,No,Never,Moderate,Moderate,0.9763,16.74,-16766.67,28810.0,23.9,0.9831,1
50,Male,Doctor,Business,Single,0,43200.0,7500.0,77000.0,63100.0,120216.66666666666,18100.0,6100.0,8300.0,4000.0,1500.0,4200.0,0.0,6400.0,1000.0,20600.0,5700.0,75900.0,Vehicle Loan,7039000.0,11.5,48,183640.0,27700.0,12000.0,0.0,3100.0,42800.0,823,464100.0,320300.0,1585300.0,No,Never,Moderate,Moderate,1.8836,6.61,1516.67,11300.0,37.3,0.9458,1
38,Female,Sales Executive,Self-Employed,Single,2,45300.0,24300.0,79000.0,0.0,76183.33333333333,24700.0,10300.0,8500.0,3700.0,1100.0,11600.0,13500.0,5900.0,2400.0,19800.0,6200.0,107700.0,Business Loan,408000.0,9.1,360,3310.0,0.0,0.0,0.0,0.0,0.0,589,423900.0,703400.0,591600.0,No,Never,Moderate,Moderate,0.0434,10.47,-31516.67,34280.0,63.3,0.2373,0
37,Female,Accountant,Self-Employed,Single,4,81300.0,15700.0,163000.0,0.0,110583.33333333333,19800.0,14800.0,9900.0,4000.0,1400.0,6200.0,7500.0,2700.0,10300.0,20700.0,6900.0,104200.0,Vehicle Loan,4330000.0,9.5,360,36410.0,0.0,21500.0,10800.0,0.0,32300.0,665,563800.0,530800.0,1740100.0,Yes,Occasionally,High,Moderate,0.6213,8.02,-25916.67,17460.0,53.1,0.6031,1
46,Male,Business Owner,Salaried,Single,1,44800.0,7500.0,0.0,0.0,52300.0,9500.0,11900.0,8000.0,4100.0,1800.0,2100.0,11200.0,7700.0,4000.0,9400.0,4400.0,74100.0,Business Loan,2753000.0,8.8,36,87290.0,0.0,0.0,0.0,0.0,0.0,512,345400.0,231500.0,1302000.0,No,Never,Moderate,Moderate,1.669,7.79,-21800.0,23540.0,21.1,0.9997,1
28,Male,Sales Executive,Salaried,Single,2,158300.0,0.0,0.0,0.0,158300.0,52100.0,16700.0,2300.0,3500.0,2300.0,1600.0,3400.0,12000.0,11000.0,24300.0,3700.0,132900.0,Personal Loan,8550000.0,9.2,24,391390.0,42400.0,0.0,0.0,0.0,42400.0,555,288100.0,2354200.0,1176200.0,No,Never,Low,Moderate,2.7403,15.07,-17000.0,28840.0,35.7,0.9999,1
60,Female,Teacher,Salaried,Married,0,52400.0,0.0,0.0,0.0,52400.0,5400.0,12800.0,3600.0,3500.0,1600.0,4700.0,0.0,13300.0,10600.0,18500.0,5800.0,79800.0,Vehicle Loan,2338000.0,11.9,180,27910.0,0.0,0.0,0.0,0.0,0.0,785,226600.0,875300.0,221100.0,No,Never,Moderate,Moderate,0.5326,13.81,-27400.0,23580.0,62.0,0.103,0
32,Male,Doctor,Salaried,Married,1,83400.0,0.0,0.0,0.0,83400.0,12400.0,6000.0,2300.0,5600.0,1100.0,3800.0,3800.0,14500.0,2700.0,3500.0,1100.0,56800.0,Business Loan,3054000.0,10.1,48,77600.0,0.0,0.0,0.0,9500.0,9500.0,553,543700.0,1543000.0,1877800.0,No,Occasionally,Moderate,High,1.0444,31.47,17100.0,28030.0,41.2,0.0454,0
47,Male,Sales Executive,Self-Employed,Married,3,73300.0,0.0,189000.0,0.0,89050.0,18300.0,22900.0,3500.0,3700.0,600.0,10300.0,6800.0,12000.0,10900.0,13000.0,5400.0,107400.0,Home Loan,2685000.0,16.8,36,95460.0,30500.0,0.0,0.0,14100.0,44600.0,500,299700.0,1246300.0,1852400.0,No,Never,Low,Low,1.5728,10.17,-62950.0,0.0,22.3,0.9991,1
28,Male,Business Owner,Salaried,Married,0,48100.0,2600.0,0.0,0.0,50700.0,14000.0,15500.0,2500.0,4100.0,900.0,9100.0,0.0,9700.0,7900.0,17300.0,3800.0,84800.0,Vehicle Loan,1507000.0,17.6,24,74940.0,0.0,0.0,0.0,1500.0,1500.0,573,320500.0,113900.0,1261200.0,No,Never,Moderate,Moderate,1.5077,5.03,-35600.0,21320.0,25.0,0.9994,1
45,Male,Software Engineer,Salaried,Married,0,36600.0,0.0,0.0,0.0,36600.0,9600.0,17500.0,6000.0,2300.0,1800.0,10700.0,0.0,8000.0,7900.0,5900.0,4200.0,73900.0,Personal Loan,1039000.0,14.8,240,13530.0,0.0,0.0,0.0,0.0,0.0,767,351500.0,284900.0,825200.0,No,Never,Low,Low,0.3697,8.61,-37300.0,16470.0,58.5,0.1134,0
24,Female,Software Engineer,Business,Married,1,57900.0,18600.0,0.0,84800.0,161300.0,43100.0,11000.0,2200.0,5400.0,800.0,7500.0,15200.0,13200.0,10400.0,22700.0,3100.0,134600.0,Home Loan,7016000.0,16.0,180,103040.0,0.0,0.0,16400.0,0.0,16400.0,301,1506300.0,1514500.0,2029000.0,No,Never,Low,Low,0.7405,20.01,10300.0,56180.0,31.8,0.9142,1
53,Male,Other,Salaried,Married,2,63300.0,0.0,138000.0,0.0,74800.0,23900.0,17300.0,5800.0,1100.0,1500.0,5800.0,4400.0,11400.0,5500.0,19300.0,1900.0,97900.0,Vehicle Loan,3382000.0,10.2,60,72190.0,0.0,0.0,0.0,0.0,0.0,866,552900.0,466900.0,351800.0,No,Occasionally,High,High,0.9651,10.42,-23100.0,33660.0,55.7,0.2737,0
21,Female,Business Owner,Unemployed,Single,1,36800.0,17400.0,0.0,0.0,54200.0,7100.0,8400.0,9200.0,3800.0,1900.0,4000.0,3700.0,3300.0,9100.0,3900.0,3800.0,58200.0,Business Loan,1806000.0,14.5,180,24660.0,0.0,0.0,5400.0,13500.0,18900.0,847,118600.0,610200.0,1161800.0,Yes,Never,Moderate,Moderate,0.8037,9.45,-22900.0,5490.0,55.2,0.7595,1
39,Female,Software Engineer,Unemployed,Divorced,3,53300.0,0.0,0.0,0.0,53300.0,12300.0,21400.0,8000.0,2900.0,1100.0,7400.0,16600.0,10600.0,8300.0,23000.0,3200.0,114800.0,Education Loan,2438000.0,8.1,12,212190.0,0.0,4500.0,0.0,2200.0,6700.0,667,423800.0,288900.0,1404600.0,No,Occasionally,Low,High,4.1068,5.87,-68200.0,17280.0,25.4,1.0,1
51,Female,Sales Executive,Salaried,Married,0,91000.0,0.0,248000.0,0.0,111666.66666666667,31400.0,6300.0,9600.0,4000.0,1800.0,7800.0,0.0,7000.0,9500.0,11300.0,7700.0,96400.0,Home Loan,3804000.0,17.6,360,56090.0,32300.0,16200.0,0.0,1400.0,49900.0,877,529700.0,2020000.0,511900.0,No,Never,Moderate,High,0.9492,17.43,-34633.33,350.0,47.2,0.0294,0
36,Female,Other,Salaried,Single,1,138000.0,19400.0,303000.0,0.0,182650.0,47300.0,10600.0,3800.0,2800.0,1700.0,5300.0,17100.0,9300.0,8300.0,12400.0,7600.0,126200.0,Business Loan,1891000.0,14.5,240,24200.0,0.0,0.0,0.0,0.0,0.0,421,1742700.0,680600.0,2842000.0,Yes,Never,Low,High,0.1325,19.2,56450.0,82190.0,74.3,0.1598,0
34,Female,Software Engineer,Salaried,Married,2,75100.0,0.0,0.0,0.0,75100.0,15900.0,14900.0,6200.0,4600.0,1400.0,11300.0,14500.0,13600.0,1900.0,20000.0,5500.0,109800.0,Home Loan,3893000.0,10.8,48,100240.0,0.0,0.0,0.0,14000.0,14000.0,416,473800.0,683000.0,740900.0,No,Occasionally,Low,High,1.5212,9.34,-48700.0,19800.0,18.7,0.9996,1
25,Male,Accountant,Salaried,Married,0,124400.0,0.0,281000.0,0.0,147816.66666666666,15400.0,12300.0,4500.0,1100.0,2300.0,8000.0,0.0,10100.0,4200.0,16800.0,7300.0,82000.0,Vehicle Loan,7816000.0,15.6,12,707670.0,0.0,10800.0,0.0,13900.0,24700.0,779,379500.0,498500.0,2303600.0,No,Frequently,High,High,4.9546,8.23,41116.67,41820.0,47.8,1.0,1
61,Female,Teacher,Salaried,Single,2,35800.0,0.0,0.0,0.0,35800.0,4100.0,15800.0,6000.0,3000.0,1900.0,10200.0,9400.0,14100.0,11300.0,12100.0,6300.0,94200.0,Personal Loan,704000.0,7.7,48,17090.0,0.0,0.0,0.0,0.0,0.0,324,124200.0,279500.0,33600.0,No,Never,Low,Moderate,0.4774,4.29,-58400.0,16110.0,35.7,0.9962,1
46,Female,Business Owner,Salaried,Married,0,69600.0,0.0,189000.0,0.0,85350.0,11100.0,5400.0,6500.0,5200.0,1200.0,7800.0,0.0,13100.0,3500.0,8000.0,3400.0,65200.0,Personal Loan,4118000.0,11.5,12,364920.0,0.0,0.0,0.0,8000.0,8000.0,601,301400.0,871500.0,905200.0,No,Occasionally,Moderate,Moderate,4.3693,16.02,12150.0,30410.0,37.9,1.0,1
48,Female,Sales Executive,Unemployed,Single,0,95700.0,0.0,0.0,0.0,95700.0,17800.0,9900.0,2300.0,2300.0,2100.0,4500.0,0.0,2800.0,6200.0,13900.0,5200.0,67000.0,Home Loan,3169000.0,16.9,120,54880.0,0.0,17500.0,0.0,0.0,17500.0,639,299000.0,1102900.0,1390200.0,No,Occasionally,High,High,0.7563,16.59,11200.0,25560.0,50.4,0.4976,1
22,Female,Analyst,Salaried,Single,0,31300.0,5700.0,93000.0,0.0,44750.0,5800.0,16900.0,3900.0,1300.0,2000.0,9100.0,0.0,1200.0,4900.0,15300.0,2500.0,62900.0,Education Loan,529000.0,10.3,240,5210.0,0.0,0.0,0.0,13500.0,13500.0,870,350500.0,326600.0,202500.0,No,Occasionally,Moderate,High,0.4181,8.86,-31650.0,6640.0,58.7,0.0165,0
26,Male,Doctor,Self-Employed,Divorced,3,38500.0,0.0,34000.0,0.0,41333.333333333336,8500.0,22200.0,7600.0,3500.0,2100.0,3500.0,10200.0,6400.0,1900.0,16500.0,5800.0,88200.0,Vehicle Loan,1111000.0,14.5,60,26140.0,0.0,0.0,0.0,2400.0,2400.0,748,152900.0,677200.0,505300.0,No,Never,Low,High,0.6905,9.16,-49266.67,16200.0,52.9,0.4874,1
29,Male,Sales Executive,Salaried,Married,1,116900.0,0.0,234000.0,0.0,136400.0,19700.0,14300.0,8200.0,5900.0,1800.0,7600.0,15600.0,13100.0,3000.0,15900.0,1300.0,106400.0,Business Loan,1256000.0,11.3,360,12250.0,0.0,0.0,0.0,0.0,0.0,387,321700.0,1472100.0,720300.0,No,Occasionally,Low,Moderate,0.0898,16.86,30000.0,61380.0,74.2,0.1164,0
53,Female,Software Engineer,Salaried,Married,2,30100.0,0.0,0.0,0.0,30100.0,8900.0,16000.0,6600.0,1300.0,1300.0,5400.0,12100.0,4200.0,4200.0,16200.0,6800.0,83000.0,Vehicle Loan,1452000.0,11.6,24,68080.0,7000.0,0.0,0.0,11000.0,18000.0,533,185500.0,597700.0,194700.0,No,Never,Low,High,2.8598,7.75,-70900.0,0.0,22.2,1.0,1
61,Male,Sales Executive,Business,Married,0,25100.0,3400.0,39000.0,23100.0,54850.0,17400.0,5600.0,4200.0,1400.0,1200.0,2600.0,0.0,10700.0,6100.0,12900.0,5100.0,67200.0,Education Loan,866000.0,15.3,24,42110.0,0.0,9300.0,0.0,2900.0,12200.0,309,269600.0,183600.0,1608700.0,Yes,Frequently,Moderate,Moderate,0.9902,5.71,-24550.0,12480.0,17.2,0.9996,1
45,Female,Analyst,Salaried,Single,1,105200.0,21300.0,0.0,0.0,126500.0,25000.0,8800.0,5200.0,4000.0,1800.0,5500.0,8000.0,7700.0,10600.0,14900.0,1400.0,92900.0,Business Loan,1776000.0,17.1,48,51340.0,0.0,0.0,0.0,0.0,0.0,563,89900.0,567700.0,2283900.0,No,Occasionally,Low,Moderate,0.4058,7.08,33600.0,56920.0,62.8,0.4225,0
33,Male,Doctor,Salaried,Married,1,89200.0,0.0,243000.0,0.0,109450.0,24900.0,9500.0,2800.0,2300.0,800.0,4400.0,3500.0,11400.0,6700.0,8600.0,7100.0,82000.0,Education Loan,1803000.0,9.3,120,23130.0,0.0,0.0,0.0,7800.0,7800.0,875,344900.0,1776800.0,1278600.0,No,Never,Low,High,0.2826,23.63,19650.0,41450.0,72.4,0.0002,0
29,Male,Other,Self-Employed,Married,3,60800.0,0.0,128000.0,0.0,71466.66666666667,24200.0,16800.0,9600.0,3100.0,2100.0,2200.0,3500.0,3300.0,8200.0,5600.0,7100.0,85700.0,Vehicle Loan,1246000.0,10.4,120,16740.0,0.0,0.0,4300.0,0.0,4300.0,809,61700.0,824100.0,1117600.0,No,Occasionally,Moderate,High,0.2944,9.84,-18533.33,27860.0,64.4,0.0375,0
33,Male,Software Engineer,Self-Employed,Divorced,2,47900.0,0.0,83000.0,0.0,54816.666666666664,12800.0,18200.0,8900.0,5200.0,1200.0,10100.0,19000.0,4300.0,5700.0,16000.0,7000.0,108400.0,Vehicle Loan,2306000.0,12.6,120,33890.0,0.0,0.0,0.0,0.0,0.0,460,426900.0,429800.0,630000.0,No,Frequently,Low,High,0.6182,7.9,-53583.33,24670.0,40.9,0.9756,1
51,Male,Manager,Self-Employed,Single,2,39400.0,10300.0,32000.0,0.0,52366.666666666664,18300.0,14500.0,2500.0,2000.0,1800.0,6500.0,19100.0,4400.0,10600.0,3100.0,6400.0,89200.0,Home Loan,2101000.0,13.9,120,32500.0,11700.0,0.0,0.0,0.0,11700.0,649,499300.0,460800.0,945500.0,No,Never,Low,High,0.844,9.52,-48533.33,11860.0,40.8,0.7535,1
61,Female,Software Engineer,Salaried,Married,0,56400.0,13000.0,29000.0,0.0,71816.66666666667,9700.0,5800.0,3300.0,4600.0,1500.0,4800.0,0.0,8700.0,8300.0,3500.0,5700.0,55900.0,Education Loan,870000.0,12.4,12,77460.0,0.0,0.0,0.0,0.0,0.0,699,377200.0,841100.0,1000.0,No,Occasionally,High,Moderate,1.0786,21.79,15916.67,32320.0,51.8,0.0902,0
31,Male,Teacher,Salaried,Divorced,1,108000.0,15900.0,88000.0,0.0,131233.33333333334,41400.0,12200.0,6600.0,3500.0,1500.0,6600.0,5500.0,5100.0,2000.0,7700.0,3800.0,95900.0,Personal Loan,5885000.0,16.0,12,533950.0,0.0,0.0,0.0,10900.0,10900.0,462,761500.0,345100.0,929600.0,No,Frequently,Moderate,Moderate,4.1518,10.36,24433.33,48160.0,34.7,1.0,1
24,Other,Manager,Business,Married,1,55200.0,0.0,0.0,73600.0,128800.0,28900.0,8300.0,3900.0,5500.0,2000.0,9300.0,3300.0,12400.0,6300.0,6500.0,2000.0,88400.0,Education Loan,3117000.0,15.6,36,108970.0,30500.0,0.0,0.0,0.0,30500.0,675,1098400.0,2001200.0,3821200.0,No,Never,High,Low,1.0828,26.07,9900.0,27460.0,43.7,0.0549,0
54,Female,Teacher,Business,Divorced,3,144900.0,0.0,0.0,246700.0,391600.0,41400.0,20500.0,9500.0,5900.0,1800.0,1200.0,6900.0,5900.0,10100.0,10600.0,3000.0,116800.0,Education Loan,11811000.0,11.8,24,554880.0,0.0,0.0,0.0,11900.0,11900.0,662,266400.0,3733400.0,1319800.0,No,Occasionally,Low,Moderate,1.4473,31.08,262900.0,164320.0,54.0,0.0394,0
58,Male,Analyst,Salaried,Single,0,31300.0,0.0,91000.0,0.0,38883.333333333336,13300.0,6300.0,8000.0,3400.0,1000.0,7000.0,0.0,10300.0,9100.0,10500.0,3400.0,72300.0,Business Loan,461000.0,7.9,180,4380.0,0.0,0.0,4200.0,0.0,4200.0,395,79400.0,343600.0,92100.0,Yes,Never,Low,High,0.2207,5.53,-37616.67,13300.0,45.3,0.9656,1
24,Female,Business Owner,Self-Employed,Divorced,0,48500.0,0.0,29000.0,0.0,50916.666666666664,17400.0,10800.0,4200.0,3900.0,600.0,6300.0,0.0,14300.0,11000.0,4700.0,3500.0,76700.0,Business Loan,2239000.0,9.5,120,28970.0,0.0,0.0,0.0,0.0,0.0,665,342000.0,798900.0,753300.0,Yes,Never,Low,High,0.569,14.87,-25783.33,22910.0,55.5,0.2354,0
58,Female,Doctor,Salaried,Married,1,40700.0,0.0,90000.0,0.0,48200.0,9400.0,15700.0,2000.0,4700.0,2200.0,10800.0,16600.0,9500.0,3500.0,7700.0,5000.0,87100.0,Home Loan,1238000.0,12.6,60,27920.0,0.0,3000.0,0.0,0.0,3000.0,355,363700.0,569500.0,420500.0,No,Occasionally,Moderate,Moderate,0.6415,10.36,-41900.0,18690.0,39.0,0.9919,1
39,Female,Accountant,Salaried,Single,0,28500.0,0.0,17000.0,0.0,29916.666666666668,10100.0,7200.0,8400.0,2600.0,2300.0,7100.0,0.0,4400.0,11700.0,2100.0,2500.0,58400.0,Personal Loan,1190000.0,17.2,240,17640.0,0.0,5600.0,0.0,9500.0,15100.0,463,192900.0,458600.0,479100.0,No,Occasionally,Moderate,Moderate,1.0944,8.86,-43583.33,0.0,31.6,0.9915,1
26,Male,Other,Salaried,Married,0,45400.0,19800.0,111000.0,0.0,74450.0,10100.0,5100.0,5400.0,2100.0,800.0,2500.0,0.0,12600.0,4100.0,10100.0,2300.0,55100.0,Vehicle Loan,2122000.0,13.5,24,101380.0,0.0,10700.0,0.0,6900.0,17600.0,679,701500.0,1388100.0,2145800.0,No,Never,Moderate,Low,1.5981,28.74,1750.0,15900.0,40.1,0.2726,0
54,Female,Accountant,Salaried,Married,3,60400.0,0.0,88000.0,0.0,67733.33333333333,18300.0,17900.0,7100.0,5800.0,1100.0,5300.0,14900.0,1200.0,1600.0,20300.0,6000.0,99500.0,Personal Loan,521000.0,13.1,180,6630.0,0.0,10600.0,0.0,0.0,10600.0,320,286300.0,1285000.0,256400.0,No,Never,Moderate,Low,0.2544,14.27,-42366.67,19880.0,49.4,0.8612,1
38,Female,Analyst,Salaried,Married,1,63700.0,18200.0,0.0,0.0,81900.0,12100.0,6800.0,4300.0,3200.0,1100.0,7800.0,11800.0,4600.0,6500.0,8100.0,1100.0,67400.0,Personal Loan,3578000.0,15.1,48,99760.0,24500.0,0.0,0.0,14800.0,39300.0,367,472800.0,749900.0,1081000.0,Yes,Occasionally,Moderate,Moderate,1.6979,11.46,-24800.0,0.0,25.1,0.9999,1
33,Male,Business Owner,Salaried,Married,3,145100.0,0.0,279000.0,0.0,168350.0,27200.0,18200.0,3100.0,1000.0,2400.0,1500.0,5200.0,6400.0,2200.0,16800.0,2000.0,86000.0,Personal Loan,5958000.0,9.1,36,189740.0,41500.0,0.0,0.0,0.0,41500.0,362,1613800.0,390700.0,3832400.0,No,Never,Low,Low,1.3736,15.72,40850.0,34260.0,35.5,0.9873,1
61,Male,Software Engineer,Salaried,Single,2,61800.0,17200.0,0.0,0.0,79000.0,23300.0,18500.0,7400.0,5200.0,900.0,10700.0,15600.0,3700.0,8500.0,4300.0,4000.0,102100.0,Home Loan,2282000.0,9.0,12,199560.0,0.0,0.0,0.0,8600.0,8600.0,616,714700.0,97700.0,381000.0,No,Frequently,Moderate,Moderate,2.6349,7.34,-31700.0,26950.0,26.6,1.0,1
43,Female,Sales Executive,Self-Employed,Married,0,87100.0,2300.0,0.0,0.0,89400.0,17400.0,8600.0,5600.0,4000.0,800.0,1700.0,0.0,9500.0,10900.0,2300.0,2000.0,62800.0,Home Loan,1438000.0,11.1,24,67090.0,0.0,0.0,0.0,13200.0,13200.0,470,70900.0,1287300.0,1909900.0,Yes,Never,High,Moderate,0.8981,17.87,13400.0,27030.0,45.2,0.9037,1
39,Male,Teacher,Self-Employed,Married,1,50700.0,6100.0,0.0,0.0,56800.0,5800.0,12800.0,3900.0,1800.0,900.0,1300.0,6000.0,8800.0,11100.0,13500.0,7700.0,73600.0,Personal Loan,2234000.0,17.9,180,35820.0,0.0,0.0,0.0,0.0,0.0,750,218400.0,144800.0,681900.0,No,Occasionally,Moderate,Low,0.6306,4.93,-16800.0,25560.0,47.4,0.6684,1
31,Female,Analyst,Salaried,Single,0,113400.0,9900.0,257000.0,0.0,144716.66666666666,29500.0,17000.0,3100.0,1200.0,2000.0,1000.0,0.0,6700.0,7700.0,12600.0,5700.0,86500.0,Vehicle Loan,2914000.0,16.7,36,103460.0,0.0,0.0,0.0,9700.0,9700.0,365,1088300.0,1217600.0,2695200.0,Yes,Never,Moderate,Moderate,0.7819,23.97,48516.67,55420.0,50.9,0.4916,1
21,Male,Teacher,Business,Single,3,162600.0,7400.0,0.0,196300.0,366300.0,57500.0,16600.0,6600.0,2500.0,2300.0,8500.0,19000.0,5100.0,6900.0,6400.0,4000.0,135400.0,Vehicle Loan,10478000.0,14.6,60,247080.0,0.0,0.0,0.0,0.0,0.0,870,186200.0,4975500.0,5776000.0,No,Never,Moderate,Moderate,0.6745,38.12,230900.0,164840.0,83.6,0.0,0
44,Female,Software Engineer,Salaried,Single,1,63900.0,0.0,94000.0,0.0,71733.33333333333,19400.0,20000.0,7800.0,5600.0,1300.0,6000.0,14900.0,7100.0,11900.0,8600.0,1800.0,104400.0,Vehicle Loan,582000.0,11.6,36,19220.0,13700.0,0.0,0.0,2700.0,16400.0,549,624000.0,1432500.0,969600.0,No,Occasionally,Moderate,High,0.4966,17.02,-49066.67,15880.0,55.8,0.3291,0
27,Female,Business Owner,Salaried,Married,1,29800.0,0.0,50000.0,0.0,33966.666666666664,5000.0,8200.0,4300.0,5700.0,800.0,2100.0,10000.0,5100.0,7400.0,2700.0,3700.0,55000.0,Home Loan,1621000.0,13.3,180,20830.0,9900.0,0.0,0.0,4300.0,14200.0,515,179000.0,177900.0,488100.0,Yes,Never,Low,Moderate,1.0313,5.16,-35233.33,1080.0,24.1,0.9973,1
45,Male,Doctor,Self-Employed,Married,0,37300.0,8800.0,94000.0,0.0,53933.333333333336,16700.0,13900.0,7900.0,2600.0,1700.0,10400.0,0.0,4100.0,11200.0,20300.0,5600.0,94400.0,Business Loan,537000.0,10.7,48,13800.0,0.0,0.0,4400.0,0.0,4400.0,338,71300.0,63900.0,238200.0,Yes,Never,High,Low,0.3375,1.37,-44866.67,19870.0,32.2,0.9977,1
41,Male,Accountant,Salaried,Married,1,56400.0,23400.0,110000.0,0.0,88966.66666666667,14800.0,15100.0,3500.0,5200.0,900.0,3200.0,6700.0,5900.0,11100.0,8900.0,7800.0,83100.0,Vehicle Loan,4804000.0,14.6,240,61840.0,0.0,14900.0,0.0,0.0,14900.0,460,418400.0,158700.0,1158800.0,Yes,Never,Low,Moderate,0.8626,5.89,-9033.33,25140.0,35.8,0.9902,1
35,Female,Software Engineer,Salaried,Divorced,0,61600.0,19000.0,37000.0,0.0,83683.33333333333,16600.0,16200.0,4700.0,3200.0,600.0,4600.0,0.0,9400.0,4200.0,7000.0,4300.0,70800.0,Business Loan,4412000.0,11.9,240,48270.0,14900.0,0.0,0.0,9100.0,24000.0,861,433500.0,438700.0,1890600.0,No,Never,Low,High,0.8636,9.2,-11116.67,13660.0,56.4,0.2805,0
21,Female,Other,Salaried,Married,1,69500.0,0.0,0.0,0.0,69500.0,12100.0,7300.0,8000.0,4300.0,2300.0,3000.0,14800.0,10100.0,1200.0,20500.0,5800.0,89400.0,Personal Loan,4059000.0,8.8,48,100620.0,0.0,0.0,0.0,0.0,0.0,444,277000.0,1380800.0,1869500.0,Yes,Never,Low,High,1.4478,18.54,-19900.0,31280.0,29.5,0.9892,1
32,Female,Manager,Business,Single,2,61700.0,0.0,0.0,105000.0,166700.0,43500.0,11900.0,7300.0,2700.0,2200.0,11200.0,12500.0,5200.0,5800.0,2900.0,2400.0,107600.0,Vehicle Loan,9163000.0,9.8,24,421980.0,42200.0,0.0,0.0,5700.0,47900.0,465,802800.0,411000.0,3134100.0,No,Frequently,Low,Moderate,2.8187,7.81,11200.0,27120.0,24.7,1.0,1
27,Male,Analyst,Salaried,Divorced,2,49200.0,6600.0,46000.0,0.0,59633.333333333336,7500.0,9900.0,4200.0,3600.0,2500.0,9300.0,16500.0,14300.0,10500.0,8500.0,5400.0,92200.0,Personal Loan,3484000.0,13.9,180,46160.0,0.0,0.0,0.0,0.0,0.0,484,534800.0,908600.0,1480000.0,No,Never,Low,Moderate,0.7741,15.66,-32566.67,26840.0,40.8,0.9602,1
35,Male,Accountant,Business,Married,0,35700.0,24300.0,0.0,25700.0,85700.0,18800.0,17100.0,3000.0,2500.0,1400.0,9000.0,0.0,4700.0,10200.0,8000.0,2700.0,77400.0,Personal Loan,4611000.0,14.8,12,415750.0,0.0,0.0,0.0,11900.0,11900.0,771,306700.0,329800.0,1304900.0,Yes,Occasionally,Moderate,Low,4.9901,7.13,-3600.0,26660.0,31.7,1.0,1
41,Male,Other,Salaried,Married,1,59900.0,0.0,42000.0,0.0,63400.0,11600.0,12000.0,2300.0,1300.0,1100.0,1500.0,18100.0,11000.0,7600.0,8000.0,2400.0,76900.0,Education Loan,709000.0,8.5,360,5450.0,0.0,5800.0,6100.0,0.0,11900.0,305,610500.0,308900.0,411100.0,No,Never,Moderate,Low,0.2737,10.35,-25400.0,16630.0,47.9,0.9643,1
39,Female,Doctor,Self-Employed,Married,3,123900.0,0.0,70000.0,0.0,129733.33333333333,41600.0,22700.0,8700.0,1700.0,2000.0,6700.0,17100.0,2100.0,2700.0,2300.0,4600.0,112200.0,Personal Loan,3772000.0,16.0,60,91730.0,0.0,0.0,0.0,0.0,0.0,706,911600.0,341500.0,2817600.0,Yes,Frequently,Moderate,Moderate,0.7071,11.17,17533.33,58380.0,56.9,0.2869,0
49,Male,Other,Self-Employed,Divorced,0,81600.0,0.0,0.0,0.0,81600.0,9700.0,8100.0,2600.0,2500.0,900.0,7300.0,0.0,10300.0,2200.0,23500.0,2500.0,69600.0,Personal Loan,750000.0,16.2,48,21330.0,0.0,0.0,8500.0,0.0,8500.0,862,735400.0,435300.0,1718100.0,Yes,Never,Low,Moderate,0.3656,14.99,3500.0,28220.0,71.0,0.0048,0
45,Male,Business Owner,Self-Employed,Married,3,64000.0,0.0,103000.0,0.0,72583.33333333333,22300.0,11800.0,2900.0,5900.0,1000.0,5200.0,7100.0,7400.0,11500.0,21900.0,6000.0,103000.0,Home Loan,2540000.0,15.1,48,70820.0,17500.0,0.0,0.0,3600.0,21100.0,373,180400.0,231900.0,15800.0,No,Never,High,High,1.2664,3.32,-51516.67,11560.0,10.1,0.9997,1
53,Female,Manager,Salaried,Single,0,82000.0,0.0,93000.0,0.0,89750.0,12700.0,8200.0,3900.0,5800.0,1000.0,4500.0,0.0,9000.0,5600.0,11500.0,7600.0,69800.0,Personal Loan,3064000.0,14.7,360,38010.0,0.0,0.0,11500.0,0.0,11500.0,531,464200.0,119400.0,1291000.0,No,Never,Low,High,0.5516,7.18,8450.0,28890.0,50.9,0.8042,1
52,Female,Teacher,Salaried,Married,2,40700.0,0.0,0.0,0.0,40700.0,5000.0,16400.0,5600.0,5100.0,2400.0,10400.0,6700.0,3600.0,8100.0,12200.0,3800.0,79300.0,Vehicle Loan,2268000.0,9.9,12,199290.0,0.0,7200.0,4600.0,0.0,11800.0,706,239000.0,658300.0,1143800.0,Yes,Occasionally,Moderate,Moderate,5.1865,9.85,-50400.0,6520.0,36.7,1.0,1
55,Male,Accountant,Self-Employed,Single,1,38000.0,23000.0,82000.0,0.0,67833.33333333333,10200.0,17800.0,8300.0,2200.0,2000.0,1300.0,8800.0,7100.0,11000.0,14100.0,3300.0,86100.0,Home Loan,3957000.0,17.2,48,114590.0,0.0,0.0,0.0,0.0,0.0,815,88900.0,313300.0,2003200.0,No,Never,Moderate,Moderate,1.6893,4.67,-18266.67,30520.0,34.8,0.9861,1
64,Male,Manager,Salaried,Single,1,33700.0,0.0,36000.0,0.0,36700.0,4600.0,11400.0,4000.0,3200.0,800.0,7900.0,3500.0,11700.0,10600.0,13000.0,2200.0,72900.0,Education Loan,708000.0,10.3,120,9470.0,0.0,0.0,0.0,13300.0,13300.0,655,190500.0,119400.0,503100.0,No,Occasionally,Low,Low,0.6204,3.6,-49500.0,3220.0,37.5,0.7696,1
58,Female,Sales Executive,Salaried,Married,3,46000.0,0.0,0.0,0.0,46000.0,10600.0,22800.0,6300.0,3200.0,700.0,5300.0,8400.0,11700.0,7200.0,19900.0,3700.0,99800.0,Education Loan,1703000.0,9.4,240,15760.0,0.0,0.0,0.0,0.0,0.0,410,399200.0,283900.0,996100.0,No,Occasionally,Low,Low,0.3426,6.84,-53800.0,20700.0,40.6,0.9689,1
46,Female,Software Engineer,Salaried,Single,0,39700.0,19300.0,61000.0,0.0,64083.333333333336,22200.0,7400.0,2700.0,2900.0,2200.0,8300.0,0.0,4300.0,6400.0,13200.0,4900.0,74500.0,Personal Loan,1957000.0,14.2,24,94150.0,0.0,5200.0,0.0,0.0,5200.0,698,63800.0,981900.0,33900.0,No,Never,Moderate,Low,1.5503,13.12,-15616.67,23640.0,34.4,0.9553,1
31,Male,Sales Executive,Business,Single,0,89700.0,22700.0,0.0,84200.0,196600.0,21300.0,13700.0,5700.0,1200.0,2100.0,3200.0,0.0,5900.0,9100.0,6300.0,3600.0,72100.0,Business Loan,6895000.0,11.3,240,72580.0,0.0,0.0,0.0,0.0,0.0,607,1297900.0,1036300.0,1581200.0,No,Occasionally,High,Moderate,0.3692,32.37,124500.0,88470.0,81.2,0.0004,0
55,Female,Software Engineer,Salaried,Single,1,38700.0,9100.0,50000.0,0.0,51966.666666666664,11200.0,16300.0,3400.0,3700.0,1800.0,3600.0,3200.0,1100.0,4800.0,4700.0,5400.0,59200.0,Education Loan,1780000.0,17.3,360,25810.0,10200.0,0.0,2800.0,0.0,13000.0,640,514100.0,587000.0,1125200.0,No,Never,Low,Moderate,0.7468,15.25,-20233.33,10380.0,47.5,0.3335,0
28,Female,Business Owner,Salaried,Married,2,32800.0,0.0,0.0,0.0,32800.0,6400.0,11800.0,3700.0,1400.0,900.0,7500.0,3100.0,2300.0,7900.0,23100.0,5600.0,73700.0,Education Loan,1813000.0,12.3,240,20340.0,9000.0,0.0,4100.0,0.0,13100.0,505,180700.0,168100.0,642500.0,Yes,Never,Moderate,Low,1.0195,4.02,-54000.0,1660.0,22.1,0.9987,1
34,Male,Manager,Salaried,Married,0,129500.0,21900.0,281000.0,0.0,174816.66666666666,32300.0,4400.0,4900.0,5000.0,1500.0,11800.0,0.0,2800.0,1300.0,3100.0,1700.0,68800.0,Education Loan,9490000.0,9.2,60,197920.0,29800.0,0.0,19600.0,0.0,49400.0,599,591200.0,1460500.0,3464300.0,No,Never,Low,High,1.4147,17.36,56616.67,29270.0,48.6,0.7988,1
30,Male,Doctor,Salaried,Divorced,2,39100.0,0.0,80000.0,0.0,45766.666666666664,8400.0,13100.0,8100.0,4500.0,1700.0,11700.0,17800.0,5100.0,10100.0,22600.0,5900.0,109000.0,Vehicle Loan,538000.0,17.6,12,49220.0,12300.0,2400.0,0.0,0.0,14700.0,305,277200.0,499100.0,956300.0,No,Occasionally,Low,Moderate,1.3966,6.28,-77933.33,5900.0,13.4,0.9999,1
22,Male,Other,Self-Employed,Single,1,52900.0,11000.0,150000.0,0.0,76400.0,24700.0,6600.0,8000.0,2800.0,2400.0,3700.0,11000.0,11600.0,12000.0,17900.0,7300.0,108000.0,Business Loan,1832000.0,12.9,120,27250.0,26600.0,0.0,0.0,0.0,26600.0,322,431200.0,1176500.0,984100.0,No,Never,Low,Moderate,0.7048,11.94,-58200.0,7780.0,38.2,0.9921,1
29,Female,Manager,Salaried,Married,0,61400.0,21500.0,110000.0,0.0,92066.66666666667,9600.0,16600.0,5300.0,4200.0,800.0,2100.0,0.0,8100.0,11500.0,11300.0,1200.0,70700.0,Personal Loan,4272000.0,12.9,12,381360.0,27700.0,14100.0,0.0,0.0,41800.0,781,138000.0,584800.0,2590500.0,No,Never,Low,Moderate,4.5962,6.42,-20433.33,0.0,31.1,1.0,1
23,Male,Sales Executive,Salaried,Divorced,2,27800.0,0.0,0.0,0.0,27800.0,8200.0,21300.0,2900.0,2200.0,1500.0,7500.0,18100.0,12100.0,5000.0,6300.0,4900.0,90000.0,Personal Loan,1185000.0,11.6,48,30970.0,0.0,0.0,3400.0,0.0,3400.0,682,70500.0,263600.0,305400.0,No,Occasionally,High,Low,1.2363,3.58,-65600.0,9110.0,26.5,0.9953,1
41,Female,Analyst,Self-Employed,Single,0,90900.0,0.0,94000.0,0.0,98733.33333333333,16100.0,14300.0,4200.0,2300.0,800.0,5600.0,0.0,11600.0,6800.0,9100.0,5200.0,76000.0,Home Loan,3921000.0,16.3,360,53680.0,0.0,16700.0,11300.0,13000.0,41000.0,472,677200.0,1304800.0,2672000.0,No,Occasionally,Low,Moderate,0.9589,16.94,-18266.67,3430.0,39.7,0.9314,1
46,Female,Software Engineer,Self-Employed,Married,1,67400.0,0.0,161000.0,0.0,80816.66666666667,15800.0,16200.0,6000.0,2600.0,1400.0,9400.0,5200.0,9200.0,3600.0,14200.0,6000.0,89600.0,Vehicle Loan,4821000.0,10.5,60,103620.0,0.0,0.0,0.0,7500.0,7500.0,318,495400.0,503500.0,146200.0,No,Never,Low,Moderate,1.375,10.29,-16283.33,28870.0,23.7,0.9994,1
28,Male,Analyst,Salaried,Married,0,106900.0,8600.0,91000.0,0.0,123083.33333333333,25200.0,7400.0,9000.0,5000.0,900.0,6800.0,0.0,8000.0,4300.0,17100.0,3700.0,87400.0,Business Loan,2896000.0,7.6,180,27010.0,25600.0,0.0,0.0,0.0,25600.0,361,464200.0,637700.0,3135600.0,No,Occasionally,Low,Moderate,0.4274,9.75,10083.33,29790.0,45.1,0.8505,1
22,Female,Accountant,Business,Single,1,34900.0,0.0,0.0,52800.0,87700.0,15500.0,7000.0,9700.0,2100.0,2200.0,6600.0,19900.0,14000.0,6000.0,17900.0,6700.0,107600.0,Home Loan,2924000.0,12.7,360,31660.0,0.0,11400.0,0.0,13700.0,25100.0,650,859100.0,1035700.0,797900.0,No,Never,Low,Low,0.6472,14.28,-45000.0,14360.0,51.5,0.4717,1
26,Female,Analyst,Self-Employed,Married,2,51500.0,12300.0,80000.0,0.0,70466.66666666667,8700.0,19200.0,7100.0,3800.0,1000.0,8100.0,5500.0,9000.0,9200.0,12300.0,4800.0,88700.0,Business Loan,4147000.0,17.2,48,120090.0,0.0,0.0,0.0,0.0,0.0,619,466900.0,1345600.0,1394700.0,Yes,Never,Low,Moderate,1.7042,20.43,-18233.33,31710.0,36.9,0.9684,1
48,Male,Manager,Business,Married,1,50000.0,0.0,107000.0,47500.0,106416.66666666666,13700.0,13800.0,4800.0,2000.0,1300.0,2400.0,12800.0,7800.0,1200.0,10600.0,3900.0,74300.0,Education Loan,4603000.0,10.4,60,98710.0,29800.0,0.0,0.0,0.0,29800.0,318,286500.0,1946500.0,175500.0,No,Never,Moderate,Moderate,1.2076,21.45,2316.67,18090.0,23.2,0.9784,1
49,Male,Other,Salaried,Single,1,55900.0,0.0,156000.0,0.0,68900.0,12000.0,15500.0,7500.0,2400.0,1300.0,8400.0,8900.0,13200.0,5300.0,19700.0,6000.0,100200.0,Business Loan,2803000.0,10.3,120,37510.0,16200.0,0.0,0.0,3000.0,19200.0,506,342900.0,854800.0,165500.0,No,Never,Low,Moderate,0.8231,10.03,-50500.0,11800.0,39.7,0.9649,1
46,Male,Accountant,Salaried,Single,1,23700.0,9600.0,68000.0,0.0,38966.666666666664,11900.0,16900.0,4700.0,2200.0,2200.0,6400.0,9600.0,2000.0,7100.0,23300.0,7500.0,93800.0,Home Loan,526000.0,15.3,12,47550.0,10200.0,0.0,0.0,0.0,10200.0,796,282900.0,351400.0,66600.0,No,Never,Low,Moderate,1.482,6.1,-65033.33,7340.0,38.6,0.9461,1
45,Female,Doctor,Business,Single,0,51800.0,6000.0,0.0,42100.0,99900.0,13400.0,9700.0,7000.0,4200.0,2000.0,10000.0,0.0,10200.0,3400.0,23000.0,6700.0,89600.0,Vehicle Loan,1855000.0,15.6,60,44720.0,21400.0,16100.0,0.0,0.0,37500.0,473,687700.0,1173900.0,1453200.0,Yes,Never,Low,High,0.823,14.65,-27200.0,7460.0,40.4,0.9437,1
32,Female,Doctor,Business,Single,1,24000.0,19700.0,28000.0,15300.0,61333.333333333336,17500.0,8000.0,4000.0,3600.0,600.0,2500.0,13000.0,2600.0,1900.0,14700.0,7500.0,75900.0,Vehicle Loan,1580000.0,12.1,48,41690.0,0.0,0.0,4300.0,1000.0,5300.0,304,174200.0,995900.0,765800.0,No,Occasionally,Low,Moderate,0.7661,14.41,-19866.67,22300.0,32.8,0.9774,1
25,Male,Business Owner,Salaried,Married,4,58600.0,0.0,0.0,0.0,58600.0,10100.0,23100.0,4100.0,4600.0,600.0,4300.0,15900.0,12500.0,6900.0,3800.0,2900.0,88800.0,Education Loan,1791000.0,16.3,12,162750.0,0.0,0.0,0.0,0.0,0.0,833,390000.0,162000.0,561100.0,No,Occasionally,High,Low,2.7773,6.22,-30200.0,26370.0,39.8,0.9999,1
54,Female,Other,Salaried,Married,3,16900.0,0.0,0.0,0.0,16900.0,5400.0,16400.0,2600.0,2100.0,1600.0,11500.0,14400.0,12100.0,8000.0,3700.0,1800.0,79600.0,Personal Loan,547000.0,9.3,48,13690.0,0.0,0.0,0.0,0.0,0.0,674,61900.0,267700.0,226100.0,No,Never,Low,High,0.8101,4.14,-62700.0,7600.0,36.2,0.9485,1
57,Female,Teacher,Salaried,Single,0,19400.0,0.0,32000.0,0.0,22066.666666666668,4600.0,15600.0,5400.0,1000.0,1400.0,7100.0,0.0,8100.0,8100.0,11300.0,4700.0,67300.0,Home Loan,1205000.0,11.4,60,26440.0,7600.0,0.0,3100.0,11100.0,21800.0,844,106900.0,298000.0,207600.0,No,Never,Moderate,Low,2.1861,4.54,-67033.33,0.0,34.4,0.9982,1
35,Female,Analyst,Salaried,Married,0,73800.0,0.0,168000.0,0.0,87800.0,12500.0,10100.0,6900.0,4400.0,1100.0,11200.0,0.0,10300.0,4900.0,18900.0,1300.0,81600.0,Personal Loan,957000.0,11.7,360,9620.0,0.0,12500.0,0.0,11800.0,24300.0,468,602000.0,536600.0,2295500.0,No,Never,Moderate,Moderate,0.3863,10.75,-18100.0,15210.0,49.4,0.7543,1
64,Male,Accountant,Salaried,Single,3,37300.0,0.0,0.0,0.0,37300.0,12900.0,13000.0,8300.0,1600.0,2100.0,8600.0,19500.0,11800.0,3600.0,13400.0,5700.0,100500.0,Education Loan,696000.0,10.8,12,61450.0,10700.0,0.0,0.0,0.0,10700.0,672,224500.0,658100.0,629800.0,No,Frequently,Low,Low,1.9343,7.94,-73900.0,6080.0,28.0,0.9968,1
56,Male,Manager,Salaried,Single,1,29900.0,3000.0,0.0,0.0,32900.0,4700.0,8400.0,8500.0,2200.0,800.0,11200.0,19400.0,7800.0,3400.0,16400.0,2700.0,85500.0,Business Loan,424000.0,9.8,120,5560.0,0.0,0.0,0.0,0.0,0.0,509,239200.0,82900.0,306200.0,Yes,Occasionally,Moderate,Moderate,0.169,3.77,-52600.0,14800.0,50.3,0.8767,1
35,Male,Manager,Business,Single,1,92500.0,0.0,0.0,49900.0,142400.0,34400.0,16400.0,9900.0,2500.0,2400.0,4500.0,16400.0,13700.0,1400.0,21400.0,4200.0,127200.0,Business Loan,6471000.0,11.1,240,67230.0,30900.0,0.0,0.0,0.0,30900.0,769,587700.0,2628000.0,1942400.0,No,Never,Low,Low,0.6891,20.34,-15700.0,33180.0,56.2,0.0147,0
63,Female,Teacher,Salaried,Married,2,57700.0,0.0,0.0,0.0,57700.0,14000.0,16000.0,2700.0,4700.0,500.0,2000.0,11300.0,7100.0,3000.0,2900.0,5600.0,69800.0,Education Loan,3369000.0,7.7,360,24020.0,0.0,3800.0,0.0,6000.0,9800.0,615,441100.0,483000.0,1501000.0,Yes,Never,Moderate,Moderate,0.5861,11.61,-21900.0,16160.0,51.5,0.4871,1
43,Male,Business Owner,Self-Employed,Married,0,75800.0,0.0,0.0,0.0,75800.0,14600.0,9700.0,5900.0,4100.0,700.0,9800.0,0.0,13500.0,10000.0,23200.0,4400.0,95900.0,Vehicle Loan,4106000.0,14.9,60,97470.0,0.0,0.0,10500.0,0.0,10500.0,843,49200.0,1242800.0,930300.0,No,Never,Low,Moderate,1.4244,12.14,-30600.0,23610.0,46.7,0.8107,1
26,Female,Teacher,Salaried,Single,1,45100.0,0.0,0.0,0.0,45100.0,15200.0,12900.0,6200.0,1900.0,1100.0,9800.0,3800.0,9200.0,1000.0,9600.0,2700.0,73400.0,Home Loan,2020000.0,14.7,24,97660.0,0.0,0.0,5700.0,0.0,5700.0,646,103100.0,177500.0,578000.0,No,Occasionally,Moderate,Moderate,2.2918,3.55,-34000.0,14600.0,22.8,0.9999,1
64,Male,Software Engineer,Salaried,Single,4,187200.0,14600.0,0.0,0.0,201800.0,62800.0,19700.0,8400.0,4000.0,1500.0,7800.0,6900.0,7000.0,1500.0,3100.0,7200.0,129900.0,Education Loan,1248000.0,12.2,12,111000.0,0.0,27300.0,0.0,0.0,27300.0,560,1966700.0,2377800.0,2044400.0,Yes,Never,Low,Moderate,0.6853,27.64,44600.0,63510.0,57.4,0.0261,0
63,Male,Sales Executive,Salaried,Married,2,36200.0,0.0,77000.0,0.0,42616.666666666664,13100.0,11400.0,4100.0,4500.0,900.0,7400.0,8800.0,1100.0,2400.0,21200.0,6400.0,81300.0,Education Loan,1026000.0,10.9,60,22260.0,11800.0,0.0,0.0,11800.0,23600.0,424,56400.0,69700.0,333000.0,No,Occasionally,Low,Low,1.0761,1.2,-62283.33,0.0,13.0,0.9998,1
41,Male,Accountant,Salaried,Divorced,0,117300.0,0.0,344000.0,0.0,145966.66666666666,50100.0,9300.0,2600.0,2900.0,2000.0,11100.0,0.0,5100.0,5600.0,23500.0,5200.0,117400.0,Home Loan,7663000.0,12.1,36,254890.0,0.0,24500.0,0.0,10500.0,35000.0,565,990800.0,919000.0,2065800.0,No,Occasionally,Moderate,High,1.986,12.53,-6433.33,30680.0,39.5,0.9989,1
43,Female,Sales Executive,Self-Employed,Single,0,47500.0,0.0,0.0,0.0,47500.0,10200.0,8100.0,4500.0,2200.0,1200.0,2900.0,0.0,13200.0,4700.0,19700.0,5900.0,72600.0,Vehicle Loan,1944000.0,17.3,120,34160.0,9800.0,0.0,0.0,0.0,9800.0,854,437400.0,796300.0,1049600.0,No,Never,Moderate,Moderate,0.9255,14.97,-34900.0,11580.0,50.4,0.2207,0
63,Male,Teacher,Business,Single,0,21400.0,7300.0,31000.0,26100.0,57383.33333333333,7100.0,9400.0,9900.0,4400.0,600.0,7800.0,0.0,7000.0,3000.0,20500.0,3900.0,73600.0,Vehicle Loan,948000.0,13.8,360,11080.0,0.0,0.0,0.0,12800.0,12800.0,742,497300.0,552800.0,633500.0,No,Never,Low,Moderate,0.4161,12.15,-29016.67,13020.0,58.2,0.1752,0
36,Male,Business Owner,Salaried,Married,2,62400.0,4400.0,139000.0,0.0,78383.33333333333,22800.0,15000.0,9200.0,4100.0,2300.0,1500.0,11900.0,6900.0,2200.0,22000.0,3600.0,101500.0,Home Loan,2403000.0,15.2,12,217120.0,12100.0,0.0,0.0,0.0,12100.0,694,718900.0,1060600.0,533300.0,No,Occasionally,High,Low,2.9243,15.66,-35216.67,23170.0,36.9,0.9999,1
35,Female,Business Owner,Salaried,Married,0,57400.0,2600.0,0.0,0.0,60000.0,11700.0,6400.0,5200.0,1400.0,2400.0,2500.0,0.0,7900.0,11300.0,14000.0,2100.0,64900.0,Personal Loan,590000.0,9.9,48,14940.0,0.0,6700.0,0.0,8700.0,15400.0,507,590800.0,980200.0,1188000.0,No,Never,Low,High,0.5057,19.56,-20300.0,11600.0,51.4,0.2651,0
45,Male,Doctor,Salaried,Single,0,29000.0,0.0,0.0,0.0,29000.0,4300.0,9500.0,9000.0,4300.0,1700.0,5800.0,0.0,5000.0,11000.0,17700.0,6600.0,74900.0,Business Loan,976000.0,8.5,48,24060.0,0.0,0.0,0.0,5800.0,5800.0,800,112900.0,321200.0,703400.0,No,Occasionally,Low,Moderate,1.0297,5.38,-51700.0,7250.0,41.4,0.7375,1
56,Male,Doctor,Business,Married,3,30900.0,0.0,0.0,49900.0,80800.0,17800.0,15400.0,2300.0,3400.0,2100.0,10000.0,8700.0,7900.0,9500.0,8600.0,3700.0,89400.0,Home Loan,4408000.0,8.4,180,43150.0,0.0,0.0,5900.0,11100.0,17000.0,540,293800.0,980200.0,52900.0,No,Never,Moderate,Low,0.7444,11.97,-25600.0,19360.0,48.1,0.8918,1
31,Female,Accountant,Self-Employed,Married,0,48400.0,14700.0,0.0,0.0,63100.0,20900.0,8000.0,4500.0,4800.0,700.0,9100.0,0.0,6300.0,3800.0,7700.0,5800.0,71600.0,Vehicle Loan,450000.0,12.5,24,21290.0,0.0,0.0,0.0,9100.0,9100.0,778,104000.0,981900.0,1197200.0,No,Occasionally,Low,Low,0.4816,13.46,-17600.0,19300.0,64.5,0.038,0
35,Male,Accountant,Salaried,Married,0,58400.0,8700.0,0.0,0.0,67100.0,9600.0,18000.0,7800.0,2000.0,1000.0,11700.0,0.0,13700.0,4600.0,16000.0,3100.0,87500.0,Personal Loan,2601000.0,15.0,240,34250.0,11600.0,5800.0,0.0,0.0,17400.0,637,162000.0,220700.0,1813600.0,No,Occasionally,High,Low,0.7697,3.65,-37800.0,12800.0,40.2,0.8928,1
24,Male,Accountant,Self-Employed,Married,0,14300.0,24600.0,35000.0,0.0,41816.666666666664,13100.0,5000.0,3800.0,2300.0,1200.0,1500.0,0.0,8900.0,8300.0,18900.0,6600.0,69600.0,Education Loan,745000.0,15.6,120,12290.0,0.0,0.0,2800.0,0.0,2800.0,519,280300.0,98700.0,110900.0,No,Never,Moderate,Moderate,0.3609,5.23,-30583.33,16020.0,50.4,0.9289,1
41,Male,Manager,Self-Employed,Divorced,0,83000.0,8700.0,135000.0,0.0,102950.0,21100.0,13000.0,3600.0,3700.0,2400.0,5200.0,0.0,12700.0,4200.0,11100.0,1700.0,78700.0,Education Loan,6123000.0,15.1,48,170720.0,0.0,0.0,0.0,9500.0,9500.0,597,375300.0,1319500.0,2777400.0,No,Occasionally,Moderate,Moderate,1.7506,19.22,14750.0,36830.0,40.1,0.9488,1
33,Male,Doctor,Salaried,Married,1,38300.0,0.0,113000.0,0.0,47716.666666666664,6400.0,8400.0,8900.0,3400.0,1500.0,2700.0,14000.0,10600.0,6800.0,11200.0,5400.0,79300.0,Education Loan,409000.0,17.1,36,14600.0,0.0,2600.0,0.0,0.0,2600.0,326,178500.0,931700.0,168600.0,No,Never,Low,Low,0.3605,13.56,-34183.33,18870.0,45.3,0.9142,1
42,Male,Manager,Salaried,Single,3,25200.0,4400.0,0.0,0.0,29600.0,9200.0,21800.0,6900.0,2900.0,500.0,1400.0,3900.0,4000.0,8200.0,23900.0,6700.0,89400.0,Business Loan,1153000.0,8.0,180,11020.0,0.0,0.0,0.0,0.0,0.0,687,196400.0,392200.0,885200.0,Yes,Never,Moderate,Moderate,0.3723,6.58,-59800.0,13320.0,55.6,0.6744,1
39,Male,Sales Executive,Business,Single,3,78500.0,8000.0,57000.0,113700.0,204950.0,70200.0,22800.0,9900.0,4700.0,1300.0,3900.0,8300.0,13100.0,6700.0,13900.0,5600.0,160400.0,Vehicle Loan,3915000.0,16.5,360,54230.0,48800.0,22700.0,0.0,0.0,71500.0,415,306200.0,2950600.0,3146500.0,No,Occasionally,Moderate,Low,0.6135,14.04,-26950.0,20730.0,41.5,0.8363,1
54,Male,Teacher,Self-Employed,Married,1,48400.0,3100.0,76000.0,0.0,57833.333333333336,10000.0,11600.0,3100.0,3800.0,500.0,3700.0,18100.0,2200.0,5500.0,24700.0,5900.0,89100.0,Personal Loan,3096000.0,14.4,24,149230.0,0.0,0.0,0.0,13300.0,13300.0,700,59700.0,781500.0,1266500.0,No,Never,Moderate,High,2.8103,8.21,-44566.67,12720.0,36.2,1.0,1
34,Male,Analyst,Salaried,Single,1,90000.0,0.0,167000.0,0.0,103916.66666666667,18300.0,17500.0,4800.0,4600.0,1000.0,5600.0,13100.0,7300.0,4800.0,21800.0,4700.0,103500.0,Vehicle Loan,1216000.0,9.3,240,11180.0,0.0,0.0,12400.0,8700.0,21100.0,749,844500.0,1299800.0,195700.0,Yes,Never,Low,Moderate,0.3106,17.21,-20683.33,25660.0,70.1,0.0249,0
24,Female,Doctor,Salaried,Married,1,61000.0,0.0,0.0,0.0,61000.0,12100.0,9500.0,4500.0,1800.0,1400.0,2500.0,7900.0,4300.0,9600.0,16700.0,4900.0,75200.0,Business Loan,1745000.0,14.7,24,84360.0,0.0,0.0,7000.0,0.0,7000.0,585,488200.0,290000.0,187500.0,No,Occasionally,Moderate,Moderate,1.4977,9.47,-21200.0,20450.0,33.7,0.9966,1
47,Male,Analyst,Salaried,Married,0,49000.0,0.0,54000.0,0.0,53500.0,16200.0,6000.0,9000.0,4600.0,1100.0,6400.0,0.0,8500.0,9100.0,2200.0,1500.0,64600.0,Business Loan,813000.0,12.9,120,12090.0,10300.0,0.0,0.0,0.0,10300.0,460,222500.0,907600.0,1546100.0,No,Occasionally,Moderate,Moderate,0.4185,15.09,-21400.0,13780.0,47.9,0.6307,1
49,Male,Business Owner,Salaried,Married,0,45400.0,0.0,99000.0,0.0,53650.0,5500.0,8400.0,4000.0,3300.0,600.0,11100.0,0.0,5200.0,8700.0,8800.0,2800.0,58400.0,Home Loan,2627000.0,11.3,240,27650.0,9400.0,9200.0,0.0,0.0,18600.0,864,329100.0,641200.0,1591100.0,No,Never,Low,Low,0.8621,12.6,-23350.0,5540.0,57.9,0.1357,0
48,Female,Doctor,Self-Employed,Divorced,3,62400.0,0.0,90000.0,0.0,69900.0,10900.0,14800.0,4800.0,1200.0,700.0,9200.0,15500.0,11100.0,5100.0,11600.0,6100.0,91000.0,Vehicle Loan,1701000.0,10.1,12,149620.0,0.0,0.0,0.0,0.0,0.0,522,193000.0,1369300.0,581200.0,No,Frequently,Moderate,Moderate,2.1405,17.17,-21100.0,31460.0,28.8,0.9992,1
55,Female,Sales Executive,Salaried,Single,0,39900.0,21300.0,83000.0,0.0,68116.66666666667,18800.0,9600.0,3100.0,2200.0,1600.0,10300.0,0.0,14100.0,9500.0,17000.0,7600.0,93800.0,Education Loan,1040000.0,12.4,180,12750.0,0.0,0.0,0.0,13000.0,13000.0,448,272000.0,157500.0,698700.0,Yes,Occasionally,High,High,0.378,4.02,-38683.33,17650.0,43.2,0.9803,1
28,Male,Doctor,Self-Employed,Married,0,32000.0,0.0,0.0,0.0,32000.0,6400.0,9200.0,8200.0,1100.0,1900.0,9900.0,0.0,10900.0,11500.0,11100.0,4800.0,75000.0,Home Loan,1438000.0,10.0,360,12620.0,8300.0,3100.0,0.0,0.0,11400.0,856,27100.0,213500.0,9600.0,Yes,Never,Low,Moderate,0.7506,2.78,-54400.0,3000.0,48.7,0.6399,1
36,Female,Manager,Business,Married,1,66500.0,0.0,160000.0,55300.0,135133.3333333333,24700.0,11800.0,3900.0,3300.0,1300.0,5300.0,7900.0,6000.0,8600.0,21000.0,6100.0,99900.0,Vehicle Loan,6749000.0,8.4,120,83320.0,0.0,23900.0,0.0,0.0,23900.0,854,418800.0,390200.0,3875700.0,No,Never,Low,High,0.7934,6.53,11333.33,36910.0,48.6,0.284,0
62,Male,Teacher,Salaried,Single,1,45600.0,0.0,0.0,0.0,45600.0,14500.0,15900.0,2500.0,2600.0,2000.0,8800.0,12900.0,9400.0,5500.0,17200.0,5800.0,97100.0,Home Loan,1388000.0,16.4,120,23600.0,0.0,0.0,0.0,0.0,0.0,793,29900.0,790000.0,1255300.0,No,Occasionally,Moderate,Low,0.5175,8.44,-51500.0,20520.0,60.3,0.1632,0
56,Male,Other,Salaried,Married,0,49900.0,0.0,96000.0,0.0,57900.0,19100.0,7400.0,5500.0,5900.0,800.0,9300.0,0.0,13400.0,9800.0,10000.0,8000.0,89200.0,Home Loan,1496000.0,13.7,360,17370.0,0.0,0.0,0.0,0.0,0.0,562,262200.0,957600.0,201400.0,No,Never,Low,Moderate,0.3,13.67,-31300.0,26060.0,54.5,0.4063,0
50,Female,Teacher,Salaried,Single,0,84500.0,11000.0,0.0,0.0,95500.0,32200.0,4300.0,5100.0,5300.0,700.0,3300.0,0.0,4800.0,7700.0,20000.0,6600.0,90000.0,Personal Loan,3798000.0,11.3,24,177550.0,0.0,0.0,0.0,0.0,0.0,468,519300.0,1498200.0,1045900.0,No,Occasionally,Low,Low,1.8592,22.42,5500.0,42980.0,30.0,0.9849,1
38,Male,Teacher,Self-Employed,Married,1,46300.0,0.0,0.0,0.0,46300.0,7800.0,12900.0,3400.0,5100.0,2200.0,10500.0,5800.0,2700.0,10700.0,9000.0,5400.0,75500.0,Home Loan,1890000.0,12.2,48,49960.0,8700.0,0.0,0.0,11600.0,20300.0,645,241000.0,643300.0,1342700.0,No,Never,Low,High,1.5175,9.23,-49500.0,540.0,35.0,0.9865,1
22,Male,Business Owner,Salaried,Married,2,49400.0,0.0,133000.0,0.0,60483.333333333336,19800.0,14300.0,3100.0,3500.0,1200.0,6000.0,5700.0,2800.0,8800.0,3400.0,1800.0,70400.0,Business Loan,2500000.0,16.6,240,35910.0,0.0,0.0,0.0,1400.0,1400.0,540,226000.0,183000.0,228200.0,No,Occasionally,Low,Moderate,0.6169,5.7,-11316.67,25820.0,44.8,0.9503,1
33,Male,Sales Executive,Salaried,Single,0,36300.0,15700.0,49000.0,0.0,56083.333333333336,15900.0,4800.0,9200.0,5000.0,1400.0,1200.0,0.0,7900.0,9500.0,6000.0,3500.0,64400.0,Education Loan,1131000.0,10.9,60,24530.0,0.0,0.0,3300.0,0.0,3300.0,678,138300.0,488700.0,1470100.0,Yes,Occasionally,Low,High,0.4962,9.26,-11616.67,21940.0,57.0,0.4387,0
24,Female,Analyst,Business,Married,1,60800.0,24500.0,0.0,33100.0,118400.0,16400.0,7900.0,2500.0,2300.0,2400.0,8100.0,4800.0,11200.0,8300.0,2100.0,2800.0,68800.0,Personal Loan,6722000.0,11.5,360,66570.0,0.0,0.0,0.0,0.0,0.0,839,570200.0,1703300.0,716400.0,No,Frequently,Low,Moderate,0.5622,33.05,49600.0,53280.0,77.7,0.0001,0
46,Male,Sales Executive,Salaried,Married,1,58400.0,0.0,54000.0,0.0,62900.0,15900.0,13100.0,2800.0,3800.0,1300.0,8400.0,17200.0,10200.0,2000.0,21100.0,7000.0,102800.0,Home Loan,1053000.0,15.5,36,36760.0,0.0,5600.0,3900.0,0.0,9500.0,528,551300.0,494100.0,128900.0,Yes,Never,Low,Moderate,0.7355,9.31,-49400.0,18800.0,39.5,0.9458,1
45,Female,Other,Business,Single,3,76900.0,19800.0,109000.0,72900.0,178683.3333333333,19000.0,13300.0,4000.0,3000.0,500.0,7100.0,16900.0,7400.0,6300.0,16400.0,4100.0,98000.0,Personal Loan,4570000.0,9.6,120,59390.0,0.0,0.0,0.0,1700.0,1700.0,557,1758400.0,2615700.0,762100.0,No,Occasionally,Low,Moderate,0.3419,43.87,78983.33,78710.0,74.9,0.0,0
50,Male,Business Owner,Unemployed,Single,0,36700.0,11300.0,0.0,0.0,48000.0,13300.0,16300.0,9600.0,1900.0,2400.0,3300.0,0.0,11200.0,1600.0,15100.0,4700.0,79400.0,Education Loan,989000.0,14.4,120,15590.0,0.0,0.0,0.0,14100.0,14100.0,741,166600.0,308300.0,1022200.0,No,Frequently,Low,Moderate,0.6185,5.08,-45500.0,7500.0,48.5,0.9082,1
31,Female,Teacher,Salaried,Married,0,39000.0,13400.0,0.0,0.0,52400.0,14800.0,6400.0,2700.0,1400.0,500.0,6300.0,0.0,9900.0,5900.0,17200.0,7800.0,72900.0,Education Loan,2945000.0,12.1,36,97960.0,9900.0,0.0,0.0,0.0,9900.0,755,511300.0,593500.0,215800.0,Yes,Never,Moderate,Moderate,2.0584,13.34,-30400.0,13680.0,42.7,0.9958,1
27,Female,Manager,Salaried,Married,1,72800.0,0.0,97000.0,0.0,80883.33333333333,24000.0,6300.0,8500.0,3800.0,1800.0,5400.0,13700.0,9800.0,8900.0,17000.0,6900.0,106100.0,Personal Loan,4089000.0,12.8,120,60570.0,0.0,0.0,0.0,0.0,0.0,471,374300.0,625700.0,9100.0,No,Never,Moderate,Moderate,0.7489,9.43,-25216.67,36400.0,38.5,0.9788,1
51,Female,Business Owner,Business,Married,2,55600.0,24700.0,0.0,63600.0,143900.0,20600.0,14300.0,9100.0,1500.0,1100.0,11700.0,7700.0,3800.0,5600.0,15000.0,6500.0,96900.0,Vehicle Loan,7140000.0,15.8,12,647140.0,0.0,9500.0,0.0,0.0,9500.0,719,910300.0,2663400.0,3348700.0,No,Never,Low,Moderate,4.5632,33.59,37500.0,55260.0,47.6,1.0,1
64,Female,Accountant,Business,Divorced,0,31200.0,0.0,0.0,16100.0,47300.0,12200.0,17800.0,5000.0,4600.0,1400.0,10100.0,0.0,5400.0,1000.0,21400.0,2000.0,80900.0,Education Loan,249000.0,17.9,60,6310.0,0.0,4900.0,5600.0,0.0,10500.0,469,384800.0,444900.0,930200.0,No,Never,Low,Moderate,0.3554,9.08,-44100.0,10780.0,48.9,0.907,1
30,Female,Doctor,Salaried,Married,1,94200.0,0.0,0.0,0.0,94200.0,13600.0,14900.0,4400.0,5600.0,1600.0,9400.0,7300.0,5800.0,5100.0,12100.0,1200.0,81000.0,Business Loan,4025000.0,16.2,24,197460.0,0.0,0.0,0.0,0.0,0.0,746,368700.0,607300.0,2481700.0,No,Never,High,High,2.0962,12.05,13200.0,42390.0,48.7,0.9927,1
59,Male,Sales Executive,Salaried,Married,0,21000.0,0.0,0.0,0.0,21000.0,7100.0,9000.0,7400.0,1800.0,1300.0,3000.0,0.0,12300.0,1700.0,20500.0,1900.0,66000.0,Business Loan,371000.0,9.2,240,3390.0,0.0,0.0,0.0,0.0,0.0,570,52100.0,43700.0,363900.0,No,Frequently,Moderate,High,0.1614,1.45,-45000.0,9450.0,50.6,0.8335,1
33,Male,Business Owner,Salaried,Married,0,72600.0,0.0,142000.0,0.0,84433.33333333333,22700.0,4200.0,7600.0,3400.0,2000.0,4600.0,0.0,11900.0,9600.0,20100.0,6200.0,92300.0,Home Loan,4916000.0,9.9,180,52530.0,0.0,8100.0,0.0,6600.0,14700.0,390,261300.0,317800.0,115400.0,No,Occasionally,Moderate,Moderate,0.7962,5.41,-22566.67,23300.0,33.5,0.9966,1
51,Male,Accountant,Unemployed,Married,1,26000.0,24600.0,0.0,0.0,50600.0,6300.0,12800.0,8200.0,4700.0,2400.0,5200.0,7700.0,4500.0,9600.0,6600.0,3900.0,71900.0,Vehicle Loan,1730000.0,11.8,180,20540.0,12200.0,0.0,3400.0,9700.0,25300.0,557,428400.0,593700.0,32800.0,No,Never,Low,Moderate,0.9059,10.52,-46600.0,0.0,41.8,0.9886,1
27,Female,Analyst,Salaried,Single,0,125900.0,0.0,0.0,0.0,125900.0,18500.0,6900.0,8600.0,2400.0,700.0,6400.0,0.0,1800.0,9900.0,12400.0,1800.0,69400.0,Vehicle Loan,4540000.0,15.1,48,126580.0,0.0,0.0,0.0,7500.0,7500.0,435,1180600.0,1803100.0,2966100.0,Yes,Never,Moderate,High,1.065,38.8,49000.0,49160.0,45.0,0.043,0
62,Female,Other,Salaried,Single,2,22600.0,0.0,0.0,0.0,22600.0,6000.0,17100.0,4100.0,5600.0,2100.0,1300.0,18400.0,11700.0,1300.0,21200.0,6200.0,95000.0,Home Loan,556000.0,12.8,24,26380.0,0.0,0.0,0.0,0.0,0.0,721,38900.0,432400.0,603400.0,No,Occasionally,Moderate,Low,1.1673,4.96,-72400.0,10170.0,29.5,0.9812,1
62,Male,Other,Self-Employed,Married,2,87200.0,0.0,0.0,0.0,87200.0,19100.0,16200.0,7500.0,5400.0,800.0,7500.0,15800.0,6700.0,1400.0,21100.0,2400.0,103900.0,Education Loan,3010000.0,17.0,36,107310.0,0.0,17300.0,8800.0,4700.0,30800.0,566,618900.0,1076000.0,2093600.0,No,Occasionally,Low,Low,1.5838,12.58,-47500.0,8440.0,32.0,0.9945,1
56,Male,Teacher,Salaried,Single,1,47100.0,0.0,0.0,0.0,47100.0,13400.0,9700.0,3100.0,1500.0,700.0,4900.0,11000.0,4100.0,10900.0,2600.0,5100.0,67000.0,Personal Loan,2178000.0,8.0,48,53170.0,0.0,0.0,5900.0,3400.0,9300.0,705,39200.0,656300.0,528500.0,No,Never,Moderate,Moderate,1.3263,9.12,-29200.0,11900.0,34.0,0.9504,1
40,Male,Teacher,Salaried,Married,1,40800.0,23100.0,74000.0,0.0,70066.66666666667,11900.0,7000.0,6100.0,1100.0,2400.0,7200.0,19000.0,2600.0,2400.0,7100.0,6200.0,73000.0,Vehicle Loan,2516000.0,10.2,36,81420.0,0.0,0.0,0.0,0.0,0.0,339,617400.0,895200.0,1391700.0,No,Frequently,Moderate,Moderate,1.162,20.72,-2933.33,31530.0,27.6,0.9814,1
24,Female,Business Owner,Salaried,Married,1,53800.0,0.0,124000.0,0.0,64133.333333333336,17000.0,16600.0,6900.0,5900.0,1500.0,1100.0,8000.0,1200.0,8400.0,11700.0,5300.0,83600.0,Vehicle Loan,2583000.0,9.8,36,83100.0,17800.0,9500.0,0.0,9400.0,36700.0,608,554100.0,1163800.0,149700.0,No,Never,High,Moderate,1.868,14.28,-56166.67,0.0,32.4,0.9982,1
27,Male,Business Owner,Business,Single,0,67200.0,23700.0,0.0,34900.0,125800.0,18100.0,12200.0,3300.0,5800.0,800.0,4500.0,0.0,7000.0,9700.0,3100.0,8000.0,72500.0,Education Loan,3898000.0,15.3,12,352380.0,0.0,0.0,18500.0,0.0,18500.0,801,988600.0,848700.0,2710600.0,No,Never,Low,Low,2.9482,20.19,34800.0,38110.0,53.4,0.9879,1
21,Female,Doctor,Salaried,Married,3,31200.0,18800.0,0.0,0.0,50000.0,11800.0,21800.0,2600.0,3100.0,1600.0,9500.0,8200.0,5800.0,5900.0,8000.0,4000.0,82300.0,Personal Loan,2220000.0,12.4,12,197660.0,7900.0,8700.0,0.0,6900.0,23500.0,318,416600.0,623100.0,374400.0,Yes,Never,High,Low,4.4232,9.83,-55800.0,0.0,20.4,1.0,1
64,Other,Software Engineer,Self-Employed,Married,4,32600.0,14800.0,0.0,0.0,47400.0,16100.0,15600.0,3600.0,1300.0,1000.0,6500.0,8300.0,10800.0,7000.0,7900.0,3200.0,81300.0,Business Loan,2582000.0,7.7,240,21120.0,0.0,0.0,0.0,0.0,0.0,691,295800.0,911800.0,1328600.0,No,Never,High,High,0.4456,14.85,-33900.0,21330.0,62.2,0.1424,0
62,Male,Analyst,Self-Employed,Married,0,67800.0,15600.0,0.0,0.0,83400.0,21400.0,13100.0,5400.0,4100.0,1400.0,9700.0,0.0,14700.0,3500.0,6900.0,2400.0,82600.0,Vehicle Loan,651000.0,15.6,240,8860.0,0.0,7100.0,0.0,0.0,7100.0,817,158400.0,94700.0,844900.0,Yes,Occasionally,Low,Moderate,0.1914,2.82,-6300.0,30430.0,62.8,0.0938,0
33,Male,Teacher,Salaried,Single,0,20900.0,0.0,45000.0,0.0,24650.0,2800.0,5700.0,9100.0,2500.0,1700.0,8700.0,0.0,3900.0,11200.0,11100.0,4500.0,61200.0,Education Loan,269000.0,11.3,12,23810.0,0.0,4200.0,0.0,0.0,4200.0,345,226500.0,151600.0,250900.0,No,Never,Low,High,1.1363,5.78,-40750.0,6890.0,18.5,0.9997,1
42,Male,Software Engineer,Salaried,Single,0,36600.0,18300.0,0.0,0.0,54900.0,19100.0,8100.0,6300.0,5700.0,2200.0,10400.0,0.0,4400.0,4300.0,20700.0,7000.0,88200.0,Vehicle Loan,2345000.0,10.2,48,59700.0,0.0,0.0,7500.0,0.0,7500.0,722,101000.0,846400.0,471600.0,No,Never,Low,Moderate,1.224,9.9,-40800.0,17200.0,34.7,0.9194,1
41,Male,Software Engineer,Salaried,Married,2,224200.0,11600.0,0.0,0.0,235800.0,32800.0,17200.0,8000.0,5000.0,500.0,1100.0,4400.0,5700.0,3400.0,7600.0,7600.0,93300.0,Business Loan,6077000.0,9.4,24,278740.0,0.0,0.0,0.0,14800.0,14800.0,869,622400.0,2341100.0,4481500.0,No,Never,Low,Low,1.2449,27.41,127700.0,91310.0,63.6,0.002,0
42,Male,Doctor,Salaried,Married,2,30200.0,17400.0,68000.0,0.0,53266.666666666664,14900.0,19600.0,3400.0,4200.0,900.0,3900.0,9100.0,7500.0,6800.0,15400.0,7800.0,93500.0,Home Loan,1091000.0,17.4,12,99710.0,0.0,0.0,0.0,0.0,0.0,682,245600.0,223700.0,154800.0,No,Occasionally,Moderate,High,1.8719,5.02,-40233.33,23970.0,29.1,0.9976,1
48,Male,Manager,Self-Employed,Single,2,87000.0,4800.0,0.0,0.0,91800.0,21400.0,12500.0,2800.0,2400.0,700.0,7000.0,15900.0,10800.0,3100.0,14800.0,4700.0,96100.0,Education Loan,1361000.0,17.4,24,67550.0,0.0,0.0,0.0,12400.0,12400.0,367,480200.0,1088900.0,147300.0,No,Frequently,Low,Moderate,0.8709,14.46,-16700.0,28910.0,33.4,0.9773,1
29,Female,Manager,Self-Employed,Single,2,36600.0,8100.0,27000.0,0.0,46950.0,8200.0,19200.0,3900.0,4500.0,700.0,11400.0,4700.0,5900.0,8600.0,20800.0,5200.0,93100.0,Personal Loan,1713000.0,8.3,12,149250.0,0.0,5000.0,0.0,3400.0,8400.0,758,66400.0,506400.0,980500.0,Yes,Never,High,Moderate,3.3578,5.64,-54550.0,12730.0,29.5,1.0,1
46,Male,Teacher,Salaried,Married,1,63200.0,21200.0,123000.0,0.0,94650.0,13700.0,15500.0,4500.0,2400.0,2400.0,8500.0,14400.0,2500.0,6700.0,11100.0,5100.0,86800.0,Home Loan,2282000.0,9.9,60,48370.0,0.0,5300.0,0.0,12300.0,17600.0,493,732200.0,911300.0,2685100.0,No,Occasionally,High,High,0.697,15.74,-9750.0,24990.0,43.1,0.5586,1
29,Male,Accountant,Salaried,Married,2,68000.0,22800.0,0.0,0.0,90800.0,13100.0,12900.0,6400.0,1200.0,2400.0,6000.0,18100.0,11200.0,2600.0,7100.0,4300.0,85300.0,Personal Loan,2991000.0,14.3,120,46980.0,0.0,0.0,13100.0,12900.0,26000.0,505,163800.0,680400.0,2025900.0,Yes,Never,Low,High,0.8037,7.58,-20500.0,14860.0,36.7,0.9697,1
35,Female,Doctor,Salaried,Divorced,2,86200.0,0.0,97000.0,0.0,94283.33333333333,29700.0,20300.0,9000.0,3500.0,2000.0,2400.0,6000.0,12100.0,1700.0,22500.0,2100.0,111300.0,Business Loan,5442000.0,14.5,240,69660.0,17800.0,10600.0,0.0,1100.0,29500.0,873,633600.0,188400.0,706700.0,No,Never,Moderate,Moderate,1.0517,5.84,-46516.67,12930.0,45.3,0.7264,1
30,Female,Doctor,Self-Employed,Married,1,44400.0,0.0,73000.0,0.0,50483.333333333336,16100.0,13100.0,5400.0,3400.0,1800.0,6400.0,17700.0,4500.0,2500.0,21200.0,1500.0,93600.0,Personal Loan,2358000.0,11.9,240,25800.0,12400.0,0.0,0.0,0.0,12400.0,863,242000.0,629900.0,548500.0,No,Never,Low,Low,0.7567,8.23,-55516.67,10320.0,50.3,0.225,0
44,Male,Sales Executive,Salaried,Divorced,1,132500.0,0.0,0.0,0.0,132500.0,28700.0,15100.0,6200.0,4800.0,2200.0,5900.0,3900.0,2900.0,2500.0,16300.0,4100.0,92600.0,Vehicle Loan,6463000.0,13.5,48,174990.0,0.0,0.0,0.0,1800.0,1800.0,862,1087000.0,1434700.0,808400.0,No,Frequently,Moderate,Low,1.3343,26.71,38100.0,57820.0,52.7,0.0093,0
62,Female,Software Engineer,Salaried,Single,2,36500.0,0.0,109000.0,0.0,45583.333333333336,5700.0,14900.0,2000.0,5300.0,600.0,9600.0,14300.0,8400.0,4400.0,4100.0,2300.0,71600.0,Business Loan,539000.0,14.9,36,18660.0,9900.0,0.0,0.0,0.0,9900.0,764,150800.0,552600.0,935500.0,No,Occasionally,Low,Low,0.6265,8.63,-35916.67,10610.0,55.7,0.2783,0
28,Male,Sales Executive,Salaried,Married,1,55100.0,11500.0,50000.0,0.0,70766.66666666667,22700.0,12300.0,2300.0,2800.0,700.0,5500.0,16400.0,3900.0,10200.0,2400.0,7200.0,86400.0,Home Loan,1619000.0,17.5,60,40670.0,0.0,0.0,0.0,0.0,0.0,408,597800.0,74000.0,503900.0,No,Occasionally,Moderate,Moderate,0.5747,7.78,-15633.33,31850.0,38.1,0.9798,1
44,Female,Software Engineer,Salaried,Single,2,55400.0,15800.0,136000.0,0.0,82533.33333333333,18300.0,19900.0,2700.0,3200.0,1100.0,4500.0,10600.0,6200.0,1600.0,6200.0,6300.0,80600.0,Vehicle Loan,895000.0,15.1,240,11850.0,0.0,0.0,0.0,0.0,0.0,321,239100.0,212200.0,1414500.0,No,Never,High,High,0.1436,5.6,1933.33,37140.0,44.3,0.9783,1
36,Female,Manager,Salaried,Married,2,28000.0,11900.0,72000.0,0.0,45900.0,9600.0,12100.0,7600.0,3400.0,2200.0,2000.0,6500.0,11900.0,2400.0,6500.0,5300.0,69500.0,Vehicle Loan,2675000.0,8.7,60,55140.0,0.0,0.0,0.0,8800.0,8800.0,758,273400.0,192100.0,1155900.0,No,Never,Low,Low,1.393,5.95,-32400.0,11860.0,32.6,0.9799,1
46,Female,Teacher,Salaried,Married,2,42500.0,12700.0,127000.0,0.0,65783.33333333333,13300.0,8500.0,5900.0,2600.0,1400.0,1500.0,18700.0,4100.0,4300.0,5100.0,1300.0,66700.0,Business Loan,2797000.0,15.0,180,39150.0,14300.0,0.0,0.0,0.0,14300.0,427,336700.0,626300.0,1019100.0,No,Occasionally,High,Low,0.8125,11.89,-15216.67,15300.0,35.4,0.9741,1
47,Male,Analyst,Salaried,Single,2,53100.0,0.0,0.0,0.0,53100.0,10200.0,20300.0,3500.0,4700.0,1500.0,5800.0,3300.0,12300.0,7100.0,8000.0,5400.0,82100.0,Personal Loan,322000.0,8.2,48,7890.0,0.0,0.0,0.0,0.0,0.0,517,204400.0,868200.0,945400.0,No,Never,High,Moderate,0.1486,13.06,-29000.0,23900.0,68.4,0.4037,0
57,Female,Manager,Self-Employed,Married,1,39500.0,5700.0,106000.0,0.0,54033.333333333336,12500.0,17600.0,6700.0,3600.0,1000.0,4800.0,12400.0,10400.0,9400.0,9800.0,5300.0,93500.0,Personal Loan,1683000.0,12.8,24,79850.0,0.0,0.0,6200.0,14900.0,21100.0,663,33100.0,306400.0,1569300.0,No,Never,Low,High,1.8683,2.96,-60566.67,3220.0,22.7,0.9995,1
24,Male,Doctor,Salaried,Married,2,166100.0,0.0,0.0,0.0,166100.0,41700.0,13100.0,6400.0,5600.0,1800.0,7100.0,9300.0,4100.0,11100.0,19400.0,4100.0,123700.0,Home Loan,3238000.0,13.0,360,35820.0,0.0,0.0,0.0,0.0,0.0,596,710800.0,2717100.0,1590600.0,No,Never,Low,Moderate,0.2157,27.71,42400.0,74740.0,73.9,0.0024,0
44,Male,Analyst,Salaried,Single,1,32200.0,0.0,0.0,0.0,32200.0,7000.0,8600.0,2700.0,4300.0,2300.0,8800.0,10800.0,8400.0,5500.0,18300.0,5600.0,82300.0,Business Loan,1117000.0,15.7,24,54530.0,8800.0,0.0,0.0,0.0,8800.0,697,52300.0,176100.0,770300.0,No,Occasionally,Low,Moderate,1.9668,2.51,-58900.0,5690.0,27.4,0.9996,1
39,Male,Business Owner,Salaried,Married,0,88400.0,0.0,150000.0,0.0,100900.0,32700.0,13500.0,7100.0,2100.0,1200.0,1400.0,0.0,9600.0,2200.0,4400.0,7000.0,81200.0,Home Loan,1496000.0,7.6,24,67390.0,21300.0,12400.0,0.0,0.0,33700.0,437,266300.0,1536900.0,2079000.0,No,Never,Low,Moderate,1.0019,15.69,-14000.0,11700.0,35.8,0.9765,1
56,Male,Analyst,Salaried,Single,0,75200.0,5400.0,49000.0,0.0,84683.33333333333,15200.0,5100.0,8100.0,1800.0,1700.0,6500.0,0.0,3800.0,3300.0,24500.0,6300.0,76300.0,Education Loan,688000.0,16.7,240,9930.0,23800.0,13200.0,0.0,0.0,37000.0,773,596100.0,1491300.0,287500.0,No,Never,Moderate,High,0.5542,18.42,-28616.67,1110.0,57.0,0.0462,0
59,Male,Analyst,Salaried,Married,1,48700.0,0.0,0.0,0.0,48700.0,11900.0,11900.0,4300.0,2900.0,1200.0,10500.0,6500.0,3000.0,4200.0,19300.0,4300.0,80000.0,Business Loan,1109000.0,14.5,120,17550.0,0.0,9100.0,6100.0,0.0,15200.0,321,288700.0,804200.0,1446000.0,No,Never,Low,High,0.6725,11.48,-46500.0,6720.0,38.8,0.9906,1
30,Female,Manager,Salaried,Married,1,31800.0,2300.0,62000.0,0.0,39266.666666666664,6900.0,7200.0,7500.0,2700.0,2100.0,6000.0,14600.0,8400.0,9600.0,5800.0,2800.0,73600.0,Education Loan,835000.0,7.8,60,16850.0,0.0,0.0,0.0,0.0,0.0,400,216300.0,590100.0,812300.0,No,Occasionally,Low,High,0.4291,10.96,-34333.33,17670.0,42.4,0.9595,1
45,Female,Doctor,Salaried,Single,4,33400.0,0.0,0.0,0.0,33400.0,9600.0,20400.0,3600.0,3000.0,1400.0,6700.0,3300.0,10700.0,8600.0,4900.0,4300.0,76500.0,Home Loan,1484000.0,9.2,36,47330.0,0.0,3000.0,0.0,10100.0,13100.0,506,195700.0,57800.0,14000.0,No,Never,Low,Moderate,1.8093,2.83,-56200.0,1930.0,19.3,0.9999,1
38,Male,Analyst,Salaried,Divorced,1,37800.0,0.0,0.0,0.0,37800.0,4700.0,6400.0,8100.0,1900.0,1200.0,6400.0,3400.0,7500.0,3300.0,4000.0,7600.0,54500.0,Education Loan,1176000.0,7.9,180,11170.0,0.0,0.0,0.0,13800.0,13800.0,413,62000.0,274900.0,819100.0,No,Occasionally,Moderate,Moderate,0.6606,4.93,-30500.0,3210.0,33.2,0.9967,1
39,Male,Manager,Salaried,Single,1,20100.0,0.0,0.0,0.0,20100.0,3000.0,14800.0,9300.0,5900.0,1300.0,5300.0,11100.0,2000.0,10200.0,18800.0,6700.0,88400.0,Education Loan,423000.0,15.5,240,5730.0,0.0,0.0,0.0,0.0,0.0,603,41500.0,95100.0,80700.0,No,Never,Low,Moderate,0.2851,1.55,-68300.0,9040.0,50.5,0.8182,1
56,Male,Manager,Salaried,Married,0,29700.0,0.0,0.0,0.0,29700.0,8900.0,13400.0,5500.0,1700.0,700.0,2200.0,0.0,14000.0,10500.0,7400.0,1200.0,65500.0,Vehicle Loan,1080000.0,9.3,360,8920.0,0.0,0.0,0.0,0.0,0.0,672,168000.0,297500.0,261300.0,Yes,Occasionally,High,Moderate,0.3003,7.11,-35800.0,13360.0,58.3,0.5024,1
30,Male,Analyst,Business,Married,0,23400.0,15100.0,0.0,12700.0,51200.0,7500.0,10800.0,4000.0,4300.0,2200.0,2400.0,0.0,10700.0,10700.0,3700.0,6500.0,62800.0,Vehicle Loan,457000.0,8.0,24,20670.0,16000.0,0.0,4900.0,7000.0,27900.0,519,223500.0,395900.0,535100.0,No,Frequently,Moderate,Moderate,0.9486,6.83,-39500.0,0.0,31.1,0.9922,1
53,Male,Software Engineer,Salaried,Single,2,96100.0,0.0,206000.0,0.0,113266.66666666667,29000.0,10500.0,5200.0,1100.0,2400.0,3000.0,12400.0,9700.0,4000.0,11700.0,2200.0,91200.0,Home Loan,4693000.0,8.9,240,41920.0,0.0,0.0,0.0,0.0,0.0,646,555100.0,1442800.0,1052600.0,No,Occasionally,Low,Low,0.3701,21.91,22066.67,50970.0,68.2,0.0109,0
25,Female,Doctor,Salaried,Single,0,66800.0,15700.0,0.0,0.0,82500.0,28300.0,5400.0,4000.0,3000.0,1500.0,9700.0,0.0,10000.0,2500.0,18300.0,5000.0,87700.0,Home Loan,1081000.0,13.4,60,24820.0,0.0,0.0,0.0,12300.0,12300.0,764,730300.0,969300.0,1842500.0,No,Never,Low,Moderate,0.4499,17.0,-17500.0,24820.0,58.6,0.0122,0
55,Male,Other,Salaried,Married,2,72600.0,25000.0,0.0,0.0,97600.0,22500.0,12400.0,2000.0,2500.0,900.0,4000.0,8900.0,6600.0,2100.0,9000.0,6600.0,77500.0,Personal Loan,1989000.0,12.7,12,177370.0,0.0,0.0,0.0,0.0,0.0,708,220500.0,896600.0,2205600.0,Yes,Never,Low,Low,1.8173,14.41,20100.0,43920.0,43.9,0.961,1
64,Male,Analyst,Salaried,Married,2,65800.0,23700.0,152000.0,0.0,102166.66666666667,15000.0,14500.0,7200.0,2900.0,1800.0,11400.0,14100.0,14800.0,5400.0,13100.0,4900.0,105100.0,Education Loan,2096000.0,10.1,180,22650.0,0.0,0.0,0.0,8200.0,8200.0,559,935000.0,1591800.0,1619800.0,No,Frequently,Low,Low,0.302,22.3,-11133.33,37780.0,63.5,0.0334,0
54,Male,Sales Executive,Salaried,Single,1,53300.0,0.0,64000.0,0.0,58633.333333333336,10600.0,15000.0,2300.0,3500.0,1400.0,9900.0,19300.0,2900.0,5700.0,6400.0,3800.0,80800.0,Personal Loan,1795000.0,17.4,180,28140.0,0.0,0.0,0.0,0.0,0.0,436,507000.0,75100.0,997400.0,Yes,Occasionally,Low,Moderate,0.4799,7.2,-22166.67,26380.0,43.2,0.9588,1
53,Female,Sales Executive,Salaried,Married,3,101800.0,20300.0,0.0,0.0,122100.0,37300.0,10000.0,3700.0,4000.0,1000.0,8500.0,11300.0,11300.0,10600.0,11900.0,3200.0,112800.0,Personal Loan,7011000.0,16.5,36,248220.0,39800.0,0.0,0.0,13300.0,53100.0,847,1107100.0,2130600.0,1148700.0,Yes,Never,Moderate,Moderate,2.4678,19.52,-43800.0,1840.0,45.9,0.988,1
41,Female,Business Owner,Self-Employed,Single,1,36100.0,0.0,0.0,0.0,36100.0,6800.0,16000.0,7800.0,3900.0,600.0,8900.0,16400.0,6900.0,3900.0,10300.0,3100.0,84600.0,Business Loan,825000.0,10.8,36,26930.0,9800.0,0.0,0.0,5000.0,14800.0,448,238000.0,38100.0,25100.0,No,Occasionally,Low,Moderate,1.156,2.78,-63300.0,1440.0,15.4,0.9997,1
37,Female,Doctor,Salaried,Single,0,51700.0,0.0,0.0,0.0,51700.0,14500.0,14000.0,7300.0,4200.0,2300.0,1500.0,0.0,13300.0,7900.0,12000.0,6900.0,83900.0,Personal Loan,1058000.0,12.5,48,28120.0,0.0,8000.0,0.0,0.0,8000.0,655,450200.0,495700.0,545500.0,No,Frequently,Moderate,Moderate,0.6986,10.29,-40200.0,15260.0,51.5,0.7029,1
42,Female,Manager,Salaried,Married,3,71200.0,0.0,180000.0,0.0,86200.0,25400.0,16200.0,2600.0,5200.0,2100.0,7300.0,16000.0,11000.0,9700.0,12700.0,6800.0,115000.0,Personal Loan,1231000.0,12.9,60,27950.0,0.0,13400.0,0.0,0.0,13400.0,623,854800.0,1529700.0,24400.0,No,Never,Moderate,Moderate,0.4797,18.57,-42200.0,25390.0,55.4,0.1341,0
57,Male,Teacher,Self-Employed,Single,3,25300.0,9400.0,17000.0,0.0,36116.666666666664,8100.0,14800.0,7300.0,5400.0,2200.0,11400.0,14000.0,8900.0,4000.0,4100.0,6800.0,87000.0,Education Loan,959000.0,15.4,60,23020.0,12100.0,7000.0,0.0,0.0,19100.0,802,179800.0,323000.0,937000.0,No,Occasionally,Moderate,High,1.1662,4.74,-69983.33,0.0,29.7,0.9023,1
35,Male,Accountant,Business,Married,0,230600.0,0.0,188000.0,201500.0,447766.6666666666,132500.0,15800.0,9400.0,4700.0,1400.0,1400.0,0.0,14100.0,3900.0,4100.0,3000.0,190300.0,Personal Loan,6722000.0,12.0,60,149530.0,0.0,0.0,0.0,4600.0,4600.0,539,3889800.0,6876700.0,8607500.0,No,Never,High,High,0.3442,55.24,252866.67,196900.0,76.6,0.0,0
55,Female,Doctor,Salaried,Married,0,49700.0,0.0,0.0,0.0,49700.0,8900.0,15000.0,2600.0,1400.0,2000.0,4200.0,0.0,13800.0,8400.0,8000.0,6600.0,70900.0,Education Loan,625000.0,13.2,120,9410.0,12700.0,8600.0,3600.0,12300.0,37200.0,471,451500.0,430200.0,1460100.0,Yes,Never,High,Low,0.9378,8.16,-58400.0,0.0,35.3,0.9962,1
48,Male,Doctor,Salaried,Divorced,0,52600.0,0.0,157000.0,0.0,65683.33333333333,15000.0,17800.0,5300.0,5800.0,1700.0,1600.0,0.0,1700.0,9000.0,4700.0,1300.0,63900.0,Education Loan,3426000.0,11.8,12,304080.0,20300.0,0.0,0.0,0.0,20300.0,354,226100.0,1127600.0,360400.0,Yes,Occasionally,Moderate,Moderate,4.9385,16.08,-18516.67,9260.0,17.4,1.0,1
27,Female,Analyst,Salaried,Married,0,91900.0,0.0,0.0,0.0,91900.0,25000.0,9200.0,7800.0,5700.0,1200.0,7300.0,0.0,3700.0,11600.0,7800.0,2400.0,81700.0,Personal Loan,726000.0,15.5,180,10410.0,28500.0,0.0,0.0,9600.0,38100.0,689,432500.0,1836700.0,1813600.0,No,Never,Moderate,Moderate,0.5279,18.94,-27900.0,3260.0,59.7,0.0272,0
52,Male,Analyst,Salaried,Divorced,4,77500.0,0.0,0.0,0.0,77500.0,11000.0,24700.0,7300.0,4600.0,2200.0,2300.0,4400.0,10500.0,10300.0,2600.0,4600.0,84500.0,Education Loan,3417000.0,13.3,48,92180.0,0.0,0.0,0.0,14500.0,14500.0,682,461100.0,1400200.0,436900.0,No,Frequently,Moderate,Moderate,1.3765,18.8,-21500.0,20380.0,37.6,0.6867,1
31,Male,Manager,Salaried,Married,1,50000.0,9100.0,0.0,0.0,59100.0,10000.0,7200.0,3800.0,3600.0,2500.0,6300.0,15300.0,13900.0,10000.0,10100.0,3800.0,86500.0,Home Loan,954000.0,16.2,60,23300.0,0.0,0.0,0.0,0.0,0.0,734,225600.0,121700.0,1132900.0,Yes,Occasionally,Moderate,Moderate,0.3942,4.02,-27400.0,26600.0,61.2,0.5107,1
30,Female,Business Owner,Salaried,Married,1,52300.0,0.0,76000.0,0.0,58633.333333333336,15400.0,11800.0,3300.0,2300.0,2300.0,8900.0,17300.0,7000.0,8600.0,6900.0,1800.0,85600.0,Home Loan,331000.0,8.1,240,2790.0,0.0,9000.0,0.0,12400.0,21400.0,633,208800.0,223800.0,865000.0,No,Frequently,Low,Moderate,0.4126,4.04,-48366.67,4980.0,55.6,0.8188,1
29,Female,Analyst,Self-Employed,Divorced,3,23100.0,25000.0,48000.0,0.0,52100.0,13700.0,16500.0,8300.0,4800.0,2100.0,2800.0,9900.0,1500.0,2300.0,22500.0,1300.0,85700.0,Education Loan,2539000.0,17.0,240,37240.0,0.0,8200.0,0.0,0.0,8200.0,628,214500.0,588500.0,1038900.0,No,Never,High,Moderate,0.8722,8.55,-41800.0,15240.0,35.1,0.9192,1
34,Female,Accountant,Salaried,Married,1,37100.0,19900.0,91000.0,0.0,64583.333333333336,14400.0,12200.0,9600.0,5400.0,2000.0,9300.0,9100.0,10000.0,9900.0,21700.0,5300.0,108900.0,Home Loan,2817000.0,16.1,60,68650.0,20600.0,11700.0,0.0,0.0,32300.0,398,292400.0,1244500.0,1405300.0,No,Never,Moderate,Moderate,1.5631,10.88,-76616.67,0.0,28.1,0.9998,1
33,Male,Accountant,Salaried,Single,0,63500.0,24400.0,94000.0,0.0,95733.33333333333,28600.0,12800.0,8100.0,4300.0,1800.0,1700.0,0.0,3700.0,11300.0,8900.0,3200.0,84400.0,Business Loan,2239000.0,16.1,36,78830.0,30000.0,0.0,0.0,1800.0,31800.0,422,277300.0,834800.0,1501600.0,No,Never,Low,Low,1.1556,9.57,-20466.67,11280.0,23.5,0.9893,1
45,Male,Business Owner,Salaried,Married,3,61200.0,0.0,0.0,0.0,61200.0,13500.0,12400.0,9700.0,4100.0,2200.0,2600.0,4300.0,8700.0,5300.0,12900.0,1100.0,76800.0,Vehicle Loan,573000.0,9.0,240,5160.0,0.0,0.0,0.0,0.0,0.0,374,305800.0,383300.0,906500.0,No,Never,Low,Moderate,0.0843,8.97,-15600.0,27540.0,53.5,0.867,1
22,Male,Software Engineer,Self-Employed,Married,2,90300.0,11300.0,0.0,0.0,101600.0,32500.0,20100.0,6800.0,2000.0,1500.0,4100.0,8000.0,6400.0,4500.0,24000.0,4000.0,113900.0,Home Loan,2523000.0,10.3,24,116770.0,0.0,0.0,0.0,0.0,0.0,512,802400.0,1964400.0,212500.0,No,Occasionally,Low,Moderate,1.1493,24.29,-12300.0,45720.0,29.9,0.7052,1
55,Male,Software Engineer,Salaried,Married,2,46200.0,0.0,112000.0,0.0,55533.333333333336,15800.0,15700.0,9400.0,2800.0,900.0,9800.0,9200.0,8800.0,6700.0,14100.0,3100.0,96300.0,Personal Loan,832000.0,17.8,360,12400.0,0.0,0.0,0.0,7600.0,7600.0,427,357200.0,803400.0,606000.0,No,Never,Low,Low,0.3601,11.17,-48366.67,17390.0,48.6,0.8047,1
27,Male,Doctor,Salaried,Married,1,24500.0,0.0,60000.0,0.0,29500.0,5300.0,18700.0,7500.0,4600.0,2000.0,10400.0,11800.0,14100.0,11500.0,21500.0,5000.0,112400.0,Home Loan,1660000.0,17.5,120,29380.0,0.0,0.0,0.0,0.0,0.0,594,121200.0,461300.0,267200.0,No,Occasionally,Moderate,Low,0.9959,5.18,-82900.0,13280.0,35.0,0.9805,1
41,Male,Analyst,Salaried,Married,2,83100.0,11600.0,89000.0,0.0,102116.66666666667,20300.0,8000.0,9300.0,1100.0,2300.0,3400.0,11100.0,7800.0,1600.0,21000.0,7500.0,93400.0,Business Loan,3485000.0,9.9,48,88220.0,0.0,5600.0,0.0,0.0,5600.0,822,202600.0,317000.0,1916500.0,Yes,Occasionally,Low,Low,0.9188,5.25,3116.67,40350.0,37.0,0.4769,1
38,Male,Sales Executive,Salaried,Divorced,0,100500.0,21100.0,0.0,0.0,121600.0,32500.0,12800.0,3300.0,4200.0,1200.0,2100.0,0.0,1500.0,8800.0,23600.0,3200.0,93200.0,Business Loan,7054000.0,12.0,48,185760.0,0.0,0.0,0.0,0.0,0.0,509,1012700.0,728200.0,1006700.0,No,Never,Moderate,Moderate,1.5276,18.68,28400.0,54720.0,37.3,0.959,1
23,Male,Other,Salaried,Single,1,76800.0,12700.0,215000.0,0.0,107416.66666666667,34800.0,11800.0,8500.0,4800.0,2100.0,10300.0,12200.0,9100.0,10000.0,9000.0,8000.0,120600.0,Business Loan,2613000.0,9.1,36,83210.0,0.0,0.0,0.0,0.0,0.0,829,575500.0,1135300.0,748800.0,No,Occasionally,Low,Moderate,0.7746,14.19,-13183.33,48340.0,57.9,0.0459,0
62,Male,Business Owner,Salaried,Married,4,45200.0,8800.0,0.0,0.0,54000.0,7800.0,19100.0,3600.0,2700.0,1000.0,8100.0,18700.0,5600.0,9700.0,3000.0,1600.0,80900.0,Home Loan,1923000.0,10.3,60,41140.0,0.0,0.0,0.0,0.0,0.0,357,525200.0,809600.0,1374900.0,No,Never,High,Moderate,0.7619,16.5,-26900.0,24300.0,30.7,0.9714,1
59,Male,Doctor,Salaried,Single,0,82600.0,0.0,193000.0,0.0,98683.33333333333,22600.0,14400.0,2200.0,1400.0,2400.0,2700.0,0.0,11900.0,7200.0,4400.0,1600.0,70800.0,Vehicle Loan,1525000.0,9.4,120,19650.0,27700.0,0.0,0.0,2300.0,30000.0,450,286200.0,749800.0,2452600.0,No,Never,Moderate,Moderate,0.5031,10.28,-2116.67,14410.0,45.6,0.8057,1
61,Male,Sales Executive,Salaried,Married,2,272200.0,21700.0,0.0,0.0,293900.0,38100.0,11200.0,6100.0,5100.0,1900.0,7100.0,14600.0,7600.0,11100.0,15100.0,6000.0,123900.0,Personal Loan,14537000.0,8.3,36,457550.0,0.0,0.0,0.0,0.0,0.0,772,637000.0,1434600.0,2896800.0,No,Occasionally,Moderate,Moderate,1.5568,16.72,170000.0,132260.0,57.2,0.3546,0
31,Male,Analyst,Salaried,Married,1,51900.0,0.0,135000.0,0.0,63150.0,10700.0,8900.0,4500.0,1700.0,1600.0,10600.0,13600.0,11400.0,2500.0,14200.0,6200.0,85900.0,Vehicle Loan,459000.0,13.6,360,5290.0,0.0,0.0,0.0,9400.0,9400.0,538,36400.0,587700.0,162400.0,Yes,Occasionally,Low,Low,0.2326,6.55,-32150.0,19020.0,54.1,0.7831,1
59,Male,Sales Executive,Self-Employed,Single,0,25400.0,0.0,0.0,0.0,25400.0,6900.0,13800.0,2300.0,2900.0,2100.0,1800.0,0.0,13700.0,3700.0,8900.0,4000.0,60100.0,Home Loan,1099000.0,10.0,240,10610.0,4600.0,0.0,0.0,0.0,4600.0,638,32600.0,230200.0,379200.0,No,Occasionally,Low,Moderate,0.5988,4.06,-39300.0,6830.0,43.5,0.8607,1
44,Female,Sales Executive,Salaried,Single,2,36600.0,3400.0,46000.0,0.0,43833.333333333336,5200.0,15300.0,9800.0,4500.0,2100.0,1900.0,14000.0,6100.0,4400.0,7700.0,3000.0,74000.0,Vehicle Loan,1163000.0,17.9,120,20880.0,0.0,0.0,0.0,0.0,0.0,742,182400.0,770900.0,593400.0,No,Occasionally,Moderate,Moderate,0.4763,12.88,-30166.67,19720.0,64.1,0.1285,0
39,Male,Business Owner,Salaried,Married,0,67000.0,14200.0,46000.0,0.0,85033.33333333333,22600.0,7300.0,7300.0,5100.0,2300.0,4000.0,0.0,14900.0,1100.0,18300.0,6600.0,89500.0,Education Loan,3130000.0,12.9,60,71060.0,26700.0,0.0,0.0,0.0,26700.0,326,202700.0,1593700.0,2219000.0,No,Occasionally,Low,Low,1.1497,15.46,-31166.67,11560.0,17.0,0.9976,1
24,Male,Doctor,Salaried,Single,2,22000.0,0.0,0.0,0.0,22000.0,7200.0,14800.0,9200.0,5300.0,2300.0,8200.0,16100.0,3100.0,5100.0,9800.0,7700.0,88800.0,Personal Loan,827000.0,11.3,36,27190.0,0.0,3900.0,2800.0,0.0,6700.0,763,18900.0,92600.0,361000.0,Yes,Never,High,Moderate,1.5405,1.17,-73500.0,3200.0,28.2,0.9972,1
46,Male,Manager,Salaried,Single,0,53400.0,0.0,0.0,0.0,53400.0,18300.0,10400.0,10000.0,3700.0,600.0,3000.0,0.0,10000.0,2800.0,15900.0,7900.0,82600.0,Education Loan,2355000.0,17.1,36,84080.0,0.0,0.0,0.0,11000.0,11000.0,405,141000.0,337000.0,1510300.0,No,Frequently,Moderate,Moderate,1.7805,5.11,-40200.0,13030.0,14.8,1.0,1
58,Female,Accountant,Business,Married,3,59300.0,0.0,91000.0,48100.0,114983.33333333333,17700.0,19700.0,5100.0,3400.0,700.0,10000.0,13100.0,1500.0,9000.0,18400.0,5400.0,104000.0,Education Loan,1867000.0,14.0,240,23220.0,0.0,0.0,0.0,0.0,0.0,738,853500.0,1832200.0,1667300.0,No,Frequently,Low,Moderate,0.2019,25.82,10983.33,51740.0,77.5,0.0008,0
62,Female,Doctor,Salaried,Single,0,105600.0,0.0,0.0,0.0,105600.0,30300.0,4000.0,4000.0,5200.0,2200.0,9300.0,0.0,4000.0,5600.0,11900.0,6200.0,82700.0,Vehicle Loan,3614000.0,8.8,120,45390.0,0.0,6800.0,0.0,0.0,6800.0,374,790800.0,597300.0,2114000.0,No,Never,Low,Moderate,0.4942,15.51,16100.0,40720.0,50.3,0.7051,1
52,Female,Other,Salaried,Married,0,94400.0,19100.0,0.0,0.0,113500.0,37600.0,12200.0,3500.0,3800.0,2400.0,7200.0,0.0,9900.0,8700.0,6400.0,6800.0,98500.0,Education Loan,3233000.0,12.7,120,47700.0,32000.0,0.0,0.0,5800.0,37800.0,679,218100.0,684200.0,1633400.0,No,Frequently,Moderate,Low,0.7533,6.62,-22800.0,13280.0,41.2,0.741,1
59,Female,Sales Executive,Salaried,Divorced,0,75500.0,22600.0,105000.0,0.0,106850.0,13100.0,12500.0,6100.0,3900.0,1100.0,2300.0,0.0,1600.0,4200.0,21800.0,6600.0,73200.0,Personal Loan,2193000.0,12.1,48,57860.0,0.0,0.0,0.0,4100.0,4100.0,752,1004000.0,1480500.0,1029300.0,No,Occasionally,Moderate,Moderate,0.5799,32.14,29550.0,43980.0,68.0,0.0005,0
56,Male,Manager,Business,Single,3,16600.0,5200.0,41000.0,14100.0,39316.66666666667,8000.0,20400.0,6800.0,3200.0,500.0,11900.0,8000.0,2400.0,2500.0,4200.0,8000.0,75900.0,Education Loan,1269000.0,15.5,36,44300.0,0.0,4600.0,0.0,0.0,4600.0,487,79100.0,420900.0,32400.0,Yes,Occasionally,High,Low,1.2437,6.21,-41183.33,13090.0,23.5,0.9987,1
60,Female,Business Owner,Self-Employed,Single,2,77700.0,18700.0,0.0,0.0,96400.0,31800.0,20400.0,5800.0,2900.0,1100.0,6400.0,7800.0,5100.0,2500.0,21100.0,6700.0,111600.0,Home Loan,5530000.0,14.8,120,88540.0,0.0,0.0,0.0,0.0,0.0,320,130000.0,1385100.0,2294300.0,Yes,Never,Moderate,Low,0.9185,13.58,-15200.0,43380.0,32.7,0.9924,1
57,Female,Teacher,Salaried,Married,2,69800.0,0.0,92000.0,0.0,77466.66666666667,11700.0,14200.0,5100.0,3400.0,1300.0,6000.0,15300.0,9100.0,3200.0,21200.0,5600.0,96100.0,Personal Loan,4430000.0,11.4,12,392360.0,0.0,0.0,6300.0,0.0,6300.0,467,158600.0,184300.0,2098900.0,Yes,Never,Low,Low,5.1462,3.35,-24933.33,28560.0,17.3,1.0,1
53,Male,Accountant,Salaried,Married,1,55700.0,0.0,120000.0,0.0,65700.0,21900.0,10800.0,3300.0,2800.0,2000.0,12000.0,18700.0,1200.0,2300.0,15100.0,3600.0,93700.0,Home Loan,1336000.0,12.4,60,29990.0,0.0,0.0,9700.0,0.0,9700.0,615,120600.0,695100.0,1445900.0,No,Occasionally,Low,Low,0.6041,7.89,-37700.0,19860.0,44.1,0.759,1
56,Male,Teacher,Salaried,Married,1,20600.0,0.0,50000.0,0.0,24766.666666666668,5700.0,7400.0,5500.0,2700.0,600.0,10500.0,6900.0,7800.0,3400.0,16500.0,5200.0,72200.0,Home Loan,1328000.0,12.9,180,16720.0,0.0,0.0,3100.0,0.0,3100.0,375,161000.0,341400.0,202400.0,No,Never,Moderate,Low,0.8003,6.67,-50533.33,8040.0,26.2,0.9984,1
23,Male,Analyst,Salaried,Married,0,33200.0,16000.0,66000.0,0.0,54700.0,6800.0,8700.0,2700.0,6000.0,900.0,6000.0,0.0,9800.0,7400.0,10200.0,7200.0,65700.0,Business Loan,2911000.0,11.9,12,258500.0,0.0,9400.0,0.0,4600.0,14000.0,525,108500.0,547800.0,1340600.0,No,Occasionally,Low,High,4.9817,8.23,-25000.0,10620.0,27.9,1.0,1
29,Female,Teacher,Self-Employed,Married,1,27400.0,13900.0,30000.0,0.0,43800.0,9300.0,7000.0,8900.0,2700.0,2300.0,5600.0,20000.0,6600.0,3800.0,21400.0,3100.0,90700.0,Business Loan,820000.0,8.6,48,20250.0,0.0,0.0,0.0,14900.0,14900.0,554,285800.0,150200.0,805300.0,No,Never,Moderate,High,0.8025,4.13,-61800.0,4810.0,35.5,0.9855,1
28,Female,Sales Executive,Salaried,Single,0,17900.0,23300.0,0.0,0.0,41200.0,7500.0,15200.0,2400.0,2300.0,800.0,2100.0,0.0,1900.0,4800.0,8100.0,1200.0,46300.0,Home Loan,1563000.0,17.0,24,77280.0,0.0,0.0,0.0,0.0,0.0,811,128900.0,146000.0,844100.0,No,Never,Low,Moderate,1.8757,5.94,-5100.0,18540.0,36.0,0.9842,1
53,Female,Sales Executive,Salaried,Single,4,48900.0,0.0,123000.0,0.0,59150.0,10100.0,23300.0,5000.0,2800.0,2000.0,11200.0,18100.0,9600.0,1600.0,14900.0,3300.0,101900.0,Education Loan,3126000.0,14.6,12,281560.0,0.0,10900.0,0.0,7000.0,17900.0,575,169200.0,720000.0,117600.0,No,Never,Moderate,Moderate,5.0627,7.42,-60650.0,8720.0,31.7,1.0,1
26,Male,Sales Executive,Self-Employed,Single,2,32900.0,0.0,0.0,0.0,32900.0,7700.0,13800.0,2800.0,4000.0,1200.0,10300.0,5400.0,9500.0,10800.0,2000.0,7700.0,75200.0,Home Loan,1096000.0,12.4,12,97580.0,0.0,0.0,0.0,0.0,0.0,485,296900.0,122900.0,574300.0,No,Frequently,High,Moderate,2.966,5.58,-42300.0,14800.0,18.6,1.0,1
61,Male,Sales Executive,Self-Employed,Single,1,182200.0,13700.0,0.0,0.0,195900.0,43300.0,9600.0,8200.0,5600.0,1800.0,4400.0,16600.0,8100.0,2500.0,23600.0,6600.0,130300.0,Home Loan,4964000.0,13.5,180,64450.0,36900.0,0.0,0.0,1600.0,38500.0,718,496800.0,1326500.0,3297900.0,No,Never,High,Moderate,0.5255,10.8,27100.0,49660.0,68.8,0.0661,0
59,Male,Doctor,Salaried,Married,0,45100.0,0.0,31000.0,0.0,47683.333333333336,10500.0,5700.0,4500.0,4900.0,600.0,9300.0,0.0,10700.0,4800.0,23800.0,2300.0,77100.0,Business Loan,1945000.0,9.7,120,25380.0,8200.0,6500.0,0.0,10400.0,25100.0,722,415500.0,447400.0,946500.0,No,Occasionally,Moderate,High,1.0587,8.44,-54516.67,0.0,39.5,0.8122,1
24,Male,Teacher,Self-Employed,Married,2,93600.0,12800.0,0.0,0.0,106400.0,13000.0,19900.0,2900.0,5200.0,1100.0,9400.0,5600.0,3900.0,5200.0,18300.0,1100.0,85600.0,Vehicle Loan,1541000.0,13.1,180,19600.0,0.0,13000.0,0.0,0.0,13000.0,407,360000.0,1305800.0,2463000.0,No,Occasionally,Moderate,Moderate,0.3064,16.89,7800.0,34880.0,54.0,0.5105,1
33,Female,Other,Salaried,Single,0,22400.0,0.0,57000.0,0.0,27150.0,8200.0,16300.0,6300.0,5300.0,1300.0,3500.0,0.0,10500.0,9500.0,11700.0,5700.0,78300.0,Vehicle Loan,377000.0,15.3,12,34080.0,0.0,4400.0,0.0,0.0,4400.0,830,269200.0,164000.0,329600.0,No,Occasionally,High,Moderate,1.4173,5.24,-55550.0,7820.0,34.6,0.9483,1
22,Female,Teacher,Business,Married,0,37600.0,0.0,55000.0,69500.0,111683.33333333334,24600.0,7700.0,9300.0,5600.0,2200.0,7800.0,0.0,3300.0,6300.0,6100.0,5100.0,78000.0,Vehicle Loan,5673000.0,13.1,36,191420.0,0.0,0.0,0.0,1000.0,1000.0,733,1096600.0,971600.0,519200.0,No,Occasionally,High,Moderate,1.7229,26.18,32683.33,49260.0,47.3,0.2344,0
25,Male,Doctor,Self-Employed,Single,0,51500.0,17900.0,0.0,0.0,69400.0,21200.0,12700.0,9300.0,2200.0,1600.0,3800.0,0.0,6500.0,5200.0,13300.0,1600.0,77400.0,Home Loan,507000.0,12.5,180,6250.0,16200.0,0.0,0.0,6000.0,22200.0,336,580300.0,554400.0,1923500.0,No,Frequently,Low,Moderate,0.4099,11.39,-30200.0,9030.0,42.7,0.9638,1
64,Female,Other,Salaried,Married,1,31100.0,0.0,0.0,0.0,31100.0,9500.0,9600.0,4000.0,3300.0,600.0,9700.0,19600.0,1900.0,8700.0,20200.0,7800.0,94900.0,Home Loan,1530000.0,12.4,360,16210.0,6600.0,0.0,0.0,0.0,6600.0,399,272000.0,88500.0,724500.0,No,Occasionally,Low,High,0.7334,3.55,-70400.0,7400.0,28.5,0.9974,1
47,Male,Other,Self-Employed,Married,2,39700.0,4200.0,102000.0,0.0,52400.0,9400.0,11200.0,7800.0,2900.0,2100.0,2700.0,9200.0,12500.0,7600.0,15900.0,5300.0,86600.0,Education Loan,1099000.0,15.5,120,18070.0,18200.0,0.0,7600.0,0.0,25800.0,732,436000.0,852600.0,849500.0,No,Occasionally,High,Moderate,0.8372,11.46,-60000.0,0.0,51.7,0.4443,0
52,Female,Accountant,Business,Married,0,44000.0,12800.0,27000.0,47500.0,106550.0,10800.0,4300.0,2200.0,2900.0,600.0,8400.0,0.0,8500.0,1900.0,14100.0,5600.0,59300.0,Business Loan,3364000.0,15.4,240,45290.0,0.0,0.0,5700.0,0.0,5700.0,875,690600.0,1609500.0,1133300.0,No,Frequently,Low,Moderate,0.4786,35.39,41550.0,42250.0,80.2,0.0,0
41,Male,Other,Salaried,Married,0,43600.0,0.0,87000.0,0.0,50850.0,16700.0,12100.0,3100.0,4300.0,2400.0,4600.0,0.0,14600.0,4400.0,21500.0,7000.0,90700.0,Home Loan,1774000.0,15.4,360,23000.0,0.0,9000.0,0.0,0.0,9000.0,532,416200.0,808400.0,1501000.0,No,Never,Low,Low,0.6293,12.28,-48850.0,13880.0,54.5,0.7909,1
28,Male,Teacher,Salaried,Single,1,123900.0,17700.0,261000.0,0.0,163350.0,47400.0,8100.0,6000.0,3000.0,900.0,1400.0,9600.0,14200.0,11800.0,9200.0,3400.0,115000.0,Personal Loan,7708000.0,10.1,180,83300.0,0.0,0.0,0.0,0.0,0.0,410,1056700.0,620600.0,458000.0,Yes,Never,Low,Moderate,0.5099,14.59,48350.0,73510.0,58.3,0.7842,1
58,Male,Sales Executive,Self-Employed,Married,2,59200.0,0.0,0.0,0.0,59200.0,7500.0,8200.0,3800.0,4100.0,1500.0,2400.0,14600.0,15000.0,6300.0,21800.0,4900.0,90100.0,Personal Loan,3174000.0,14.0,360,37610.0,0.0,0.0,0.0,6000.0,6000.0,792,503200.0,641300.0,1659900.0,No,Occasionally,High,Moderate,0.7367,11.91,-36900.0,20640.0,53.6,0.191,0
28,Male,Sales Executive,Salaried,Married,0,62300.0,0.0,0.0,0.0,62300.0,17200.0,5500.0,8400.0,2900.0,600.0,8200.0,0.0,2400.0,5700.0,12100.0,5000.0,68000.0,Business Loan,3067000.0,15.7,48,86450.0,0.0,0.0,0.0,0.0,0.0,612,584900.0,453200.0,755400.0,No,Never,Low,Moderate,1.3876,15.27,-5700.0,28040.0,30.3,0.9514,1
23,Male,Analyst,Salaried,Married,0,64200.0,5400.0,133000.0,0.0,80683.33333333333,8500.0,8400.0,9400.0,2600.0,1600.0,3600.0,0.0,9500.0,2600.0,2100.0,7800.0,56100.0,Personal Loan,2943000.0,13.4,360,33480.0,0.0,0.0,0.0,0.0,0.0,614,617800.0,614900.0,234400.0,No,Occasionally,Moderate,Moderate,0.415,21.97,24583.33,36310.0,68.5,0.0155,0
64,Female,Accountant,Business,Married,3,66600.0,0.0,0.0,99700.0,166300.0,17800.0,19400.0,2000.0,2800.0,1500.0,7900.0,19400.0,6700.0,10200.0,18800.0,1900.0,108400.0,Personal Loan,4015000.0,15.7,360,53020.0,34500.0,0.0,0.0,0.0,34500.0,548,1607200.0,374200.0,1891700.0,No,Occasionally,Low,Moderate,0.5263,13.87,23400.0,40340.0,61.7,0.2522,0
23,Female,Teacher,Self-Employed,Married,4,47000.0,0.0,51000.0,0.0,51250.0,11900.0,14800.0,3900.0,5000.0,1300.0,5600.0,5900.0,8500.0,2500.0,22200.0,6300.0,87900.0,Business Loan,1740000.0,16.5,24,85610.0,10000.0,0.0,0.0,0.0,10000.0,500,243900.0,972300.0,1152600.0,Yes,Occasionally,Low,Moderate,1.8656,12.42,-46650.0,13060.0,34.8,0.9994,1
42,Female,Teacher,Salaried,Married,4,41800.0,23200.0,0.0,0.0,65000.0,8100.0,24400.0,5500.0,4000.0,600.0,8600.0,9600.0,5300.0,2200.0,13100.0,5000.0,86400.0,Home Loan,432000.0,9.3,360,3570.0,0.0,0.0,0.0,14000.0,14000.0,781,603900.0,1225500.0,828300.0,No,Frequently,Low,Moderate,0.2703,18.22,-35400.0,15250.0,70.9,0.0078,0
26,Male,Business Owner,Salaried,Divorced,2,53300.0,0.0,29000.0,0.0,55716.666666666664,19000.0,12000.0,6500.0,5900.0,2300.0,6400.0,16400.0,1700.0,5800.0,12500.0,6900.0,95400.0,Home Loan,1029000.0,10.7,36,33540.0,11100.0,0.0,0.0,1700.0,12800.0,862,147600.0,488000.0,824100.0,No,Frequently,Moderate,High,0.8317,5.87,-52483.33,12270.0,48.1,0.3747,0
22,Female,Software Engineer,Salaried,Single,0,87400.0,5300.0,182000.0,0.0,107866.66666666667,34900.0,8600.0,9300.0,5200.0,2100.0,4400.0,0.0,10900.0,5800.0,20500.0,6800.0,108500.0,Education Loan,2712000.0,13.8,180,35750.0,17500.0,0.0,0.0,0.0,17500.0,739,86100.0,1859000.0,2664700.0,Yes,Never,Low,Moderate,0.4937,15.44,-18133.33,31040.0,56.3,0.0411,0
43,Male,Teacher,Salaried,Married,0,86100.0,12000.0,186000.0,0.0,113600.0,29800.0,7100.0,9100.0,3400.0,1800.0,2600.0,0.0,14500.0,11800.0,22300.0,1100.0,103500.0,Home Loan,2566000.0,10.5,36,83400.0,0.0,0.0,6400.0,0.0,6400.0,322,195000.0,826100.0,2097700.0,No,Never,High,Moderate,0.7905,9.29,3700.0,44720.0,24.7,0.9946,1
64,Male,Manager,Salaried,Married,0,43500.0,0.0,48000.0,0.0,47500.0,5500.0,7600.0,7100.0,2200.0,1600.0,4800.0,0.0,8500.0,2400.0,24400.0,2800.0,66900.0,Personal Loan,486000.0,17.4,60,12180.0,0.0,3300.0,0.0,10100.0,13400.0,477,96100.0,552400.0,952000.0,No,Occasionally,Moderate,Moderate,0.5385,8.08,-32800.0,7980.0,44.1,0.9591,1
22,Female,Teacher,Self-Employed,Married,0,72000.0,0.0,144000.0,0.0,84000.0,15200.0,5000.0,4100.0,4400.0,1900.0,8000.0,0.0,5600.0,6300.0,9900.0,2300.0,62700.0,Personal Loan,654000.0,9.5,24,30030.0,20200.0,0.0,0.0,5600.0,25800.0,613,699900.0,1272400.0,388100.0,Yes,Occasionally,Low,High,0.6646,22.29,-4500.0,12000.0,49.1,0.1353,0
58,Female,Business Owner,Salaried,Single,4,44500.0,0.0,82000.0,0.0,51333.333333333336,9900.0,16100.0,8300.0,4600.0,800.0,9100.0,16100.0,14100.0,3200.0,15700.0,4200.0,102100.0,Education Loan,1444000.0,11.2,36,47410.0,0.0,0.0,0.0,0.0,0.0,324,221200.0,561500.0,388800.0,No,Never,Low,Moderate,0.9236,7.67,-50766.67,23100.0,23.6,0.9985,1
37,Male,Other,Salaried,Married,2,49900.0,0.0,57000.0,0.0,54650.0,12000.0,20000.0,3600.0,3300.0,2400.0,2800.0,18000.0,6100.0,8700.0,20900.0,7300.0,105100.0,Business Loan,498000.0,17.9,48,14600.0,8900.0,0.0,0.0,0.0,8900.0,585,148400.0,224700.0,674300.0,No,Never,Moderate,High,0.43,3.27,-59350.0,15690.0,46.5,0.8297,1
55,Male,Doctor,Salaried,Single,2,38700.0,23900.0,64000.0,0.0,67933.33333333333,9700.0,17600.0,9700.0,2100.0,1100.0,8300.0,3300.0,13800.0,5300.0,14200.0,1000.0,86100.0,Personal Loan,1409000.0,9.5,120,18230.0,0.0,0.0,0.0,14300.0,14300.0,438,558200.0,557200.0,223800.0,No,Never,High,Low,0.4789,11.11,-32466.67,16270.0,43.5,0.9003,1
54,Other,Doctor,Unemployed,Married,0,44800.0,3400.0,124000.0,0.0,58533.333333333336,14300.0,16300.0,2000.0,3800.0,1800.0,3000.0,0.0,13000.0,8100.0,12600.0,4400.0,79300.0,Home Loan,1821000.0,12.2,120,26340.0,0.0,0.0,5700.0,0.0,5700.0,776,141700.0,903200.0,490100.0,No,Frequently,Moderate,Moderate,0.5474,12.29,-26466.67,20640.0,64.9,0.4696,1
43,Male,Manager,Salaried,Married,3,95900.0,0.0,150000.0,0.0,108400.0,22600.0,11500.0,6600.0,2300.0,1700.0,3400.0,8900.0,8400.0,4700.0,15200.0,7200.0,92500.0,Home Loan,1794000.0,10.8,36,58560.0,0.0,14600.0,0.0,0.0,14600.0,778,134400.0,1716700.0,2710500.0,No,Never,Moderate,Moderate,0.6749,17.28,1300.0,34180.0,62.9,0.0192,0
50,Male,Manager,Salaried,Married,2,51300.0,21700.0,0.0,0.0,73000.0,24600.0,14400.0,2700.0,5700.0,1800.0,6800.0,3900.0,10500.0,7200.0,10200.0,7500.0,95300.0,Home Loan,684000.0,16.0,36,24050.0,0.0,0.0,0.0,0.0,0.0,337,359800.0,541700.0,48500.0,No,Never,High,Low,0.3295,9.46,-22300.0,32850.0,47.9,0.98,1
28,Male,Analyst,Salaried,Married,0,52500.0,17200.0,0.0,0.0,69700.0,23300.0,7200.0,5300.0,4100.0,2300.0,4200.0,0.0,10800.0,6200.0,6400.0,5600.0,75400.0,Personal Loan,2005000.0,10.7,360,18640.0,16100.0,0.0,0.0,0.0,16100.0,678,80800.0,785500.0,106500.0,No,Occasionally,Low,High,0.4984,9.47,-21800.0,15260.0,53.9,0.3204,0
42,Male,Doctor,Salaried,Single,3,23800.0,0.0,0.0,0.0,23800.0,5700.0,20100.0,7100.0,2500.0,1100.0,8300.0,13900.0,10000.0,5100.0,3500.0,6800.0,84100.0,Vehicle Loan,706000.0,9.2,24,32320.0,0.0,0.0,0.0,3300.0,3300.0,346,75000.0,117500.0,490600.0,No,Never,Moderate,Moderate,1.4966,2.2,-63600.0,7410.0,10.0,1.0,1
64,Male,Other,Salaried,Single,0,42000.0,3700.0,0.0,0.0,45700.0,11900.0,17600.0,7500.0,2100.0,2000.0,11500.0,0.0,3300.0,6900.0,16000.0,3300.0,82100.0,Personal Loan,2530000.0,17.3,48,73400.0,0.0,0.0,5700.0,7600.0,13300.0,687,326900.0,263700.0,529400.0,No,Never,Moderate,Moderate,1.8972,6.19,-49700.0,7260.0,29.1,0.9989,1
56,Male,Doctor,Salaried,Married,0,43400.0,3000.0,0.0,0.0,46400.0,6200.0,15400.0,8300.0,4600.0,1700.0,2600.0,0.0,10700.0,5200.0,10700.0,3000.0,68400.0,Personal Loan,558000.0,10.8,60,12080.0,15200.0,0.0,0.0,0.0,15200.0,719,188300.0,174100.0,1076100.0,No,Never,Moderate,Moderate,0.5879,4.33,-37200.0,5680.0,48.3,0.5477,1
25,Female,Software Engineer,Salaried,Single,2,32400.0,0.0,0.0,0.0,32400.0,5000.0,8500.0,6700.0,4500.0,700.0,7300.0,17600.0,1000.0,9900.0,22300.0,1300.0,84800.0,Vehicle Loan,1258000.0,15.3,240,16840.0,10100.0,0.0,0.0,4300.0,14400.0,414,43100.0,302000.0,905800.0,No,Never,High,Moderate,0.9642,3.48,-66800.0,180.0,25.5,0.9988,1
33,Male,Doctor,Salaried,Married,2,49600.0,0.0,53000.0,0.0,54016.666666666664,17600.0,12400.0,4000.0,4000.0,1300.0,11200.0,5100.0,10900.0,6400.0,7100.0,4500.0,84500.0,Vehicle Loan,1220000.0,10.6,240,12260.0,13700.0,0.0,0.0,0.0,13700.0,879,233800.0,792800.0,432200.0,No,Frequently,Moderate,Moderate,0.4806,10.45,-44183.33,10610.0,66.2,0.0484,0
49,Female,Sales Executive,Salaried,Single,0,39600.0,14600.0,94000.0,0.0,62033.333333333336,17000.0,4400.0,9100.0,4100.0,2200.0,2900.0,0.0,8800.0,10900.0,9100.0,4200.0,72700.0,Home Loan,732000.0,9.4,120,9430.0,0.0,0.0,0.0,0.0,0.0,527,333400.0,1098300.0,68800.0,Yes,Never,Low,High,0.152,19.69,-10666.67,27920.0,65.9,0.0666,0
51,Other,Analyst,Salaried,Married,0,51000.0,0.0,0.0,0.0,51000.0,7500.0,4600.0,8500.0,4000.0,1100.0,5000.0,0.0,4600.0,3500.0,24300.0,3600.0,66700.0,Home Loan,1358000.0,15.9,24,66430.0,12000.0,0.0,0.0,0.0,12000.0,866,146700.0,578800.0,697600.0,No,Never,High,High,1.5378,9.22,-27700.0,10950.0,42.8,0.8692,1
36,Female,Business Owner,Salaried,Married,4,52100.0,0.0,0.0,0.0,52100.0,12600.0,13100.0,3300.0,2800.0,1500.0,2400.0,18100.0,12300.0,2200.0,14800.0,1800.0,84900.0,Home Loan,1487000.0,8.1,12,129420.0,0.0,0.0,0.0,10800.0,10800.0,772,110600.0,697500.0,1507100.0,Yes,Frequently,Low,Moderate,2.6914,8.44,-43600.0,12640.0,39.4,0.9999,1
62,Male,Manager,Salaried,Single,2,30400.0,12300.0,48000.0,0.0,46700.0,15600.0,11900.0,8600.0,5700.0,1500.0,8100.0,7000.0,6700.0,5200.0,10000.0,2600.0,82900.0,Personal Loan,1167000.0,11.0,180,13260.0,0.0,3700.0,0.0,0.0,3700.0,858,361300.0,283500.0,764100.0,No,Never,Moderate,Moderate,0.3632,7.45,-39900.0,17320.0,63.7,0.0687,0
50,Male,Software Engineer,Salaried,Single,2,40200.0,18000.0,53000.0,0.0,62616.666666666664,11700.0,12300.0,9800.0,3400.0,1700.0,8400.0,13600.0,7800.0,3000.0,21800.0,2400.0,95900.0,Business Loan,2950000.0,15.7,12,267240.0,0.0,0.0,3800.0,13600.0,17400.0,647,71700.0,303000.0,709000.0,No,Never,Low,Moderate,4.5458,3.31,-50683.33,10780.0,21.3,1.0,1
36,Female,Manager,Salaried,Married,0,51000.0,0.0,100000.0,0.0,59333.333333333336,8700.0,9600.0,7100.0,1100.0,2300.0,8300.0,0.0,1400.0,5300.0,19100.0,7600.0,70500.0,Education Loan,3035000.0,12.9,36,102120.0,0.0,0.0,0.0,0.0,0.0,805,569000.0,505400.0,982600.0,Yes,Occasionally,Moderate,Moderate,1.7211,15.24,-11166.67,26700.0,46.0,0.8396,1
32,Female,Analyst,Salaried,Married,0,88600.0,0.0,119000.0,0.0,98516.66666666667,33100.0,9700.0,4300.0,2700.0,800.0,7000.0,0.0,6600.0,3300.0,15200.0,7800.0,90500.0,Business Loan,1298000.0,14.7,360,16100.0,0.0,0.0,7700.0,4000.0,11700.0,705,56400.0,1144700.0,488700.0,Yes,Occasionally,Low,Moderate,0.2822,11.75,-3683.33,32630.0,71.8,0.0467,0
37,Male,Teacher,Salaried,Married,0,55700.0,0.0,83000.0,0.0,62616.666666666664,13500.0,14800.0,6900.0,1700.0,1500.0,9200.0,0.0,3300.0,10600.0,22400.0,1000.0,84900.0,Vehicle Loan,891000.0,8.2,120,10900.0,0.0,0.0,5300.0,7800.0,13100.0,314,418700.0,102500.0,1411400.0,No,Occasionally,Low,Low,0.3833,5.32,-35383.33,15080.0,39.0,0.9959,1
36,Female,Software Engineer,Salaried,Married,0,35200.0,0.0,0.0,0.0,35200.0,7200.0,6000.0,4700.0,2800.0,1300.0,1400.0,0.0,4900.0,7200.0,4200.0,2200.0,41900.0,Personal Loan,991000.0,15.4,240,13340.0,0.0,0.0,0.0,13900.0,13900.0,320,62300.0,96800.0,718600.0,No,Never,Low,Moderate,0.7739,2.85,-20600.0,1940.0,21.9,0.9996,1
32,Male,Accountant,Salaried,Married,0,59800.0,0.0,0.0,0.0,59800.0,10000.0,6200.0,7400.0,4000.0,1100.0,11500.0,0.0,4500.0,6500.0,11100.0,7200.0,69500.0,Personal Loan,1352000.0,9.3,360,11170.0,0.0,0.0,8400.0,0.0,8400.0,832,340700.0,776500.0,1299100.0,No,Never,Moderate,High,0.3273,14.34,-18100.0,18510.0,70.9,0.0106,0
28,Male,Software Engineer,Business,Single,0,115100.0,0.0,296000.0,58100.0,197866.66666666666,63900.0,12800.0,6400.0,1100.0,2300.0,3400.0,0.0,1600.0,9700.0,20600.0,1300.0,123100.0,Education Loan,9908000.0,16.0,180,145520.0,0.0,0.0,10400.0,9600.0,20000.0,852,451000.0,947200.0,1794400.0,No,Occasionally,Low,Low,0.8365,9.77,54766.67,69040.0,62.2,0.0727,0
40,Male,Analyst,Business,Divorced,1,77500.0,0.0,0.0,79300.0,156800.0,48800.0,14000.0,9400.0,5400.0,500.0,2300.0,7900.0,7400.0,2400.0,10900.0,7600.0,116600.0,Business Loan,9380000.0,13.4,240,112580.0,0.0,0.0,0.0,0.0,0.0,823,129500.0,1507400.0,3826800.0,No,Never,High,Low,0.718,14.04,40200.0,70560.0,67.7,0.0103,0
23,Male,Business Owner,Salaried,Single,0,64500.0,0.0,124000.0,0.0,74833.33333333333,15000.0,6200.0,6900.0,4100.0,700.0,11400.0,0.0,8300.0,10400.0,23300.0,3700.0,90000.0,Vehicle Loan,1120000.0,15.3,48,31340.0,14200.0,0.0,0.0,7300.0,21500.0,481,648600.0,1406400.0,2004800.0,No,Occasionally,Low,High,0.7061,18.43,-36666.67,12180.0,43.9,0.6842,1
36,Male,Software Engineer,Salaried,Single,2,70500.0,0.0,149000.0,0.0,82916.66666666667,8900.0,19900.0,3700.0,2500.0,2000.0,10100.0,11300.0,9000.0,6300.0,5500.0,4800.0,84000.0,Education Loan,3892000.0,9.7,60,82120.0,0.0,4700.0,0.0,1400.0,6100.0,825,375400.0,1441900.0,2376900.0,No,Never,Moderate,High,1.064,20.17,-7183.33,31210.0,44.8,0.0383,0
50,Female,Analyst,Salaried,Married,0,100700.0,0.0,191000.0,0.0,116616.66666666667,24700.0,8600.0,7800.0,2600.0,1000.0,9400.0,0.0,7500.0,2500.0,9700.0,6300.0,80100.0,Personal Loan,4478000.0,11.7,180,52880.0,0.0,0.0,0.0,0.0,0.0,447,363200.0,257800.0,2234000.0,No,Never,Moderate,Moderate,0.4535,7.75,36516.67,52480.0,54.9,0.8134,1
43,Female,Other,Salaried,Single,1,83900.0,0.0,0.0,0.0,83900.0,12200.0,11100.0,4400.0,3300.0,1900.0,2200.0,16900.0,13200.0,10000.0,11800.0,2700.0,89700.0,Education Loan,3393000.0,15.9,360,45350.0,0.0,0.0,0.0,0.0,0.0,418,797000.0,177500.0,876400.0,No,Frequently,High,Low,0.5405,10.86,-5800.0,37760.0,44.4,0.9071,1
48,Male,Doctor,Salaried,Single,0,65100.0,0.0,122000.0,0.0,75266.66666666667,10200.0,9900.0,4200.0,2200.0,2200.0,9900.0,0.0,1500.0,6100.0,17800.0,1700.0,65700.0,Home Loan,1471000.0,17.1,240,21690.0,0.0,10000.0,0.0,0.0,10000.0,836,96300.0,283000.0,875000.0,Yes,Occasionally,Low,High,0.421,5.01,-433.33,23870.0,57.5,0.0487,0
60,Male,Other,Self-Employed,Single,1,83600.0,23300.0,65000.0,0.0,112316.66666666667,22300.0,10500.0,5100.0,1000.0,1000.0,7700.0,16400.0,9600.0,7700.0,6500.0,6700.0,94500.0,Business Loan,1162000.0,9.9,180,12420.0,0.0,0.0,0.0,0.0,0.0,493,428000.0,360700.0,1905900.0,No,Never,Moderate,Moderate,0.1106,8.35,17816.67,50540.0,65.5,0.4777,1
25,Male,Analyst,Salaried,Married,0,28500.0,0.0,72000.0,0.0,34500.0,4300.0,11800.0,2100.0,1100.0,900.0,9100.0,0.0,13100.0,10800.0,2200.0,7900.0,63300.0,Vehicle Loan,1203000.0,15.8,48,33970.0,0.0,0.0,0.0,3400.0,3400.0,418,75400.0,200900.0,595600.0,No,Occasionally,Low,Moderate,1.0832,4.14,-32200.0,12120.0,20.7,0.9989,1
40,Male,Sales Executive,Business,Married,4,23100.0,12200.0,0.0,23100.0,58400.0,19800.0,17400.0,9800.0,2800.0,800.0,11800.0,7300.0,1600.0,10800.0,24500.0,5600.0,112200.0,Home Loan,2263000.0,8.6,12,197480.0,11800.0,0.0,0.0,9600.0,21400.0,514,579100.0,471200.0,1388300.0,No,Never,Low,Moderate,3.7479,7.86,-75200.0,4880.0,26.8,1.0,1
60,Female,Teacher,Salaried,Married,2,53000.0,5500.0,135000.0,0.0,69750.0,7800.0,11600.0,6300.0,1600.0,900.0,3100.0,9200.0,7900.0,10800.0,22700.0,6800.0,88700.0,Business Loan,4043000.0,12.0,12,359220.0,17600.0,0.0,0.0,2800.0,20400.0,408,396700.0,179700.0,177700.0,Yes,Frequently,Moderate,Moderate,5.4426,5.28,-39350.0,10990.0,17.0,1.0,1
64,Female,Doctor,Self-Employed,Married,1,50700.0,0.0,49000.0,0.0,54783.333333333336,11000.0,18700.0,8200.0,1100.0,1000.0,6500.0,19500.0,9200.0,5600.0,8900.0,7600.0,97300.0,Home Loan,2308000.0,17.4,60,57860.0,10400.0,0.0,5400.0,0.0,15800.0,862,450100.0,534100.0,931200.0,No,Never,Low,Moderate,1.3446,8.7,-58316.67,8850.0,38.0,0.7343,1
21,Female,Sales Executive,Self-Employed,Married,0,37300.0,12600.0,44000.0,0.0,53566.666666666664,7500.0,8300.0,4100.0,5300.0,2200.0,9300.0,0.0,3700.0,9200.0,13100.0,2600.0,65300.0,Education Loan,1575000.0,17.4,180,24690.0,0.0,0.0,0.0,1500.0,1500.0,756,110000.0,592800.0,560100.0,No,Never,Moderate,High,0.4889,10.52,-13233.33,22600.0,56.5,0.1494,0
50,Female,Business Owner,Salaried,Single,1,74100.0,0.0,92000.0,0.0,81766.66666666667,22300.0,15800.0,8000.0,2400.0,2000.0,5800.0,15200.0,4500.0,3600.0,13200.0,3500.0,96300.0,Vehicle Loan,4879000.0,10.6,240,49040.0,20400.0,0.0,8500.0,0.0,28900.0,450,277400.0,1109600.0,2045700.0,No,Occasionally,Low,Moderate,0.9532,11.08,-43433.33,7900.0,36.7,0.9786,1
41,Male,Manager,Salaried,Divorced,2,19300.0,0.0,34000.0,0.0,22133.333333333332,2600.0,12900.0,6500.0,3500.0,500.0,1600.0,11100.0,12000.0,10100.0,22000.0,2500.0,85300.0,Education Loan,565000.0,9.5,180,5900.0,0.0,0.0,0.0,0.0,0.0,815,141300.0,193000.0,233800.0,Yes,Occasionally,Moderate,Moderate,0.2666,3.92,-63166.67,9960.0,59.0,0.1811,0
40,Male,Accountant,Salaried,Single,0,37500.0,0.0,0.0,0.0,37500.0,8900.0,10100.0,5400.0,1900.0,2200.0,2200.0,0.0,8900.0,4800.0,15700.0,1400.0,61500.0,Education Loan,523000.0,9.1,48,13040.0,12100.0,0.0,2900.0,13200.0,28200.0,854,82200.0,248300.0,526300.0,No,Occasionally,High,Moderate,1.0997,3.68,-52200.0,0.0,34.9,0.7782,1
26,Male,Doctor,Salaried,Single,1,38500.0,0.0,0.0,0.0,38500.0,11300.0,9300.0,9800.0,1200.0,700.0,7600.0,16500.0,5400.0,6100.0,21000.0,6100.0,95000.0,Business Loan,1501000.0,12.5,180,18500.0,11500.0,6300.0,0.0,0.0,17800.0,711,202100.0,509000.0,262900.0,No,Never,Moderate,Low,0.9429,6.3,-74300.0,0.0,42.7,0.9125,1
42,Male,Other,Salaried,Single,2,21600.0,0.0,21000.0,0.0,23350.0,7900.0,18500.0,6000.0,4700.0,1800.0,4100.0,17400.0,11700.0,10800.0,23000.0,2000.0,107900.0,Vehicle Loan,459000.0,8.5,120,5690.0,0.0,4100.0,0.0,9300.0,13400.0,661,218300.0,427600.0,207200.0,No,Occasionally,Moderate,Moderate,0.8176,5.32,-97950.0,0.0,38.2,0.8983,1
38,Female,Teacher,Salaried,Married,2,103500.0,0.0,120000.0,0.0,113500.0,31200.0,18300.0,7300.0,1600.0,800.0,2500.0,4200.0,11500.0,9900.0,15000.0,1600.0,103900.0,Vehicle Loan,6324000.0,11.2,240,66140.0,0.0,0.0,0.0,2500.0,2500.0,736,1059800.0,968500.0,1891900.0,No,Never,High,Moderate,0.6048,19.06,7100.0,48580.0,53.1,0.0213,0
28,Male,Sales Executive,Salaried,Single,2,24800.0,8500.0,0.0,0.0,33300.0,4200.0,8300.0,2100.0,1100.0,600.0,4700.0,7700.0,5800.0,11500.0,8600.0,3500.0,58100.0,Education Loan,950000.0,7.7,360,6770.0,0.0,0.0,2400.0,1700.0,4100.0,562,128900.0,219000.0,425500.0,Yes,Never,Low,Low,0.3264,5.59,-28900.0,10880.0,51.0,0.8466,1
59,Male,Analyst,Business,Single,3,36500.0,18500.0,96000.0,26300.0,89300.0,10900.0,10800.0,4400.0,3900.0,2000.0,3200.0,11600.0,7800.0,5000.0,13500.0,1400.0,74500.0,Vehicle Loan,1181000.0,10.2,12,103940.0,24400.0,5800.0,0.0,0.0,30200.0,656,482500.0,1307100.0,539800.0,Yes,Frequently,Low,Low,1.5021,17.09,-15400.0,9980.0,34.4,0.893,1
52,Female,Doctor,Salaried,Single,3,77200.0,0.0,0.0,0.0,77200.0,21800.0,22900.0,9100.0,1100.0,1400.0,1300.0,8400.0,10300.0,2700.0,21600.0,2300.0,102900.0,Personal Loan,987000.0,17.0,24,48800.0,0.0,0.0,0.0,0.0,0.0,490,184100.0,1364000.0,1097500.0,No,Never,Low,Low,0.6321,15.04,-25700.0,34740.0,44.0,0.8286,1
53,Female,Manager,Unemployed,Single,1,67700.0,0.0,0.0,0.0,67700.0,10400.0,18400.0,8100.0,3200.0,1700.0,2700.0,16300.0,5800.0,11000.0,15400.0,1500.0,94500.0,Vehicle Loan,2757000.0,12.2,240,30740.0,0.0,0.0,7000.0,2300.0,9300.0,539,663200.0,1302300.0,335800.0,No,Never,Moderate,Moderate,0.5914,18.94,-36100.0,21160.0,49.0,0.8831,1
36,Female,Analyst,Salaried,Married,1,28200.0,0.0,17000.0,0.0,29616.666666666668,6300.0,13100.0,6300.0,2400.0,1400.0,10700.0,5000.0,9800.0,6400.0,22600.0,7100.0,91100.0,Education Loan,744000.0,8.3,180,7240.0,6500.0,0.0,3100.0,0.0,9600.0,626,161100.0,153500.0,783400.0,No,Occasionally,Moderate,Low,0.5686,3.12,-71083.33,3730.0,36.5,0.9076,1
32,Male,Sales Executive,Self-Employed,Married,2,69000.0,0.0,0.0,0.0,69000.0,23700.0,14900.0,9200.0,2600.0,600.0,1100.0,16600.0,4500.0,10800.0,22600.0,6500.0,113100.0,Personal Loan,1725000.0,14.3,180,23320.0,21800.0,0.0,0.0,5400.0,27200.0,860,169700.0,465900.0,1913100.0,No,Occasionally,High,Moderate,0.7322,4.53,-71300.0,3850.0,43.5,0.3512,0
58,Male,Teacher,Salaried,Married,2,56700.0,6800.0,0.0,0.0,63500.0,19400.0,19400.0,5900.0,1000.0,2000.0,9500.0,13500.0,5100.0,9100.0,10600.0,7000.0,102500.0,Personal Loan,2456000.0,17.5,36,88180.0,16300.0,0.0,0.0,5800.0,22100.0,832,541400.0,1156400.0,431300.0,No,Never,Moderate,Moderate,1.7367,13.63,-61100.0,6480.0,41.9,0.9055,1
54,Male,Software Engineer,Salaried,Single,4,157400.0,0.0,0.0,0.0,157400.0,49100.0,13900.0,6500.0,5800.0,2100.0,9300.0,7900.0,5300.0,10600.0,12300.0,7100.0,129900.0,Business Loan,2705000.0,12.4,180,33160.0,0.0,0.0,0.0,5700.0,5700.0,784,707300.0,964800.0,247000.0,No,Occasionally,Moderate,Moderate,0.2469,12.33,21800.0,65130.0,77.1,0.0094,0
34,Male,Manager,Business,Single,0,60000.0,0.0,152000.0,40200.0,112866.66666666667,35600.0,13200.0,5100.0,3600.0,600.0,7200.0,0.0,14100.0,8200.0,17600.0,7600.0,112800.0,Education Loan,1467000.0,14.1,48,40160.0,0.0,0.0,0.0,0.0,0.0,563,738500.0,854000.0,3138900.0,No,Never,Moderate,Moderate,0.3558,14.12,66.67,50790.0,56.7,0.104,0
56,Male,Analyst,Salaried,Divorced,1,45700.0,19200.0,0.0,0.0,64900.0,16500.0,12700.0,7000.0,3900.0,1300.0,3300.0,6100.0,12700.0,9900.0,4600.0,2300.0,80300.0,Vehicle Loan,2671000.0,17.2,24,132320.0,13000.0,0.0,0.0,6000.0,19000.0,429,552600.0,853400.0,607400.0,No,Frequently,Moderate,Moderate,2.3316,14.16,-34400.0,10200.0,25.7,0.9999,1
53,Male,Manager,Self-Employed,Single,0,31900.0,21500.0,0.0,0.0,53400.0,15300.0,14400.0,4600.0,4300.0,1600.0,10700.0,0.0,8900.0,2300.0,12700.0,7300.0,82100.0,Personal Loan,282000.0,11.9,12,25040.0,0.0,0.0,7100.0,5600.0,12700.0,832,183600.0,629800.0,301100.0,No,Never,Moderate,Moderate,0.7067,8.58,-41400.0,11330.0,53.8,0.1597,0
43,Female,Business Owner,Salaried,Married,0,33800.0,0.0,0.0,0.0,33800.0,6400.0,4400.0,5100.0,5000.0,1700.0,6200.0,0.0,8900.0,11700.0,5400.0,4700.0,59500.0,Education Loan,1856000.0,14.5,240,23760.0,0.0,0.0,0.0,1400.0,1400.0,447,202500.0,597600.0,932200.0,No,Never,Low,Moderate,0.7444,13.14,-27100.0,13810.0,43.7,0.9337,1
22,Male,Analyst,Salaried,Single,0,32400.0,0.0,0.0,0.0,32400.0,11300.0,12300.0,9700.0,4000.0,1700.0,2900.0,0.0,1800.0,3000.0,21500.0,2200.0,70400.0,Business Loan,488000.0,12.1,60,10880.0,5100.0,0.0,0.0,12100.0,17200.0,503,33500.0,409100.0,857900.0,No,Never,Low,Low,0.8667,5.05,-55200.0,0.0,31.1,0.996,1
61,Female,Doctor,Salaried,Divorced,2,97300.0,0.0,0.0,0.0,97300.0,16500.0,15800.0,2900.0,4800.0,1900.0,5700.0,14700.0,10100.0,1300.0,23700.0,5600.0,103000.0,Home Loan,2883000.0,17.6,48,84090.0,31900.0,0.0,0.0,10200.0,42100.0,878,265500.0,1001100.0,155200.0,No,Occasionally,High,High,1.2969,8.73,-47800.0,1680.0,40.9,0.5038,1
41,Female,Software Engineer,Self-Employed,Single,0,49500.0,0.0,0.0,0.0,49500.0,12300.0,15800.0,2800.0,3200.0,2400.0,3100.0,0.0,5600.0,6800.0,5300.0,3300.0,60600.0,Home Loan,823000.0,12.8,360,8980.0,0.0,0.0,0.0,0.0,0.0,686,90000.0,119000.0,308400.0,No,Frequently,Low,High,0.1814,3.45,-11100.0,22280.0,55.4,0.3555,0
22,Male,Software Engineer,Salaried,Married,2,65000.0,0.0,0.0,0.0,65000.0,11100.0,17500.0,2300.0,2900.0,1300.0,5100.0,5500.0,9600.0,8800.0,17300.0,1300.0,82700.0,Vehicle Loan,1105000.0,16.8,60,27340.0,0.0,3400.0,0.0,7300.0,10700.0,365,430300.0,1269200.0,1584500.0,No,Never,Low,Moderate,0.5852,18.2,-28400.0,18550.0,41.3,0.8747,1
47,Female,Accountant,Self-Employed,Married,2,104500.0,0.0,93000.0,0.0,112250.0,14400.0,20300.0,4600.0,5100.0,1600.0,6500.0,11500.0,12800.0,8900.0,16600.0,1600.0,103900.0,Home Loan,5716000.0,12.8,24,271210.0,23900.0,0.0,0.0,0.0,23900.0,409,327700.0,1012900.0,899800.0,No,Frequently,Low,High,2.629,10.49,-15550.0,26610.0,24.5,1.0,1
29,Male,Manager,Business,Married,0,15100.0,23400.0,0.0,28500.0,67000.0,16200.0,16400.0,5200.0,5300.0,1900.0,5000.0,0.0,1600.0,4700.0,19500.0,4000.0,79800.0,Personal Loan,2491000.0,14.5,360,30500.0,0.0,0.0,0.0,0.0,0.0,697,517200.0,795900.0,1343600.0,No,Frequently,Low,Low,0.4552,16.45,-12800.0,30150.0,64.0,0.031,0
21,Male,Other,Salaried,Single,0,92900.0,0.0,0.0,0.0,92900.0,17500.0,9700.0,2800.0,1700.0,1700.0,8200.0,0.0,9500.0,9300.0,18000.0,6800.0,85200.0,Personal Loan,2056000.0,11.6,180,24150.0,0.0,0.0,0.0,7600.0,7600.0,488,718200.0,979000.0,111600.0,No,Occasionally,High,Low,0.3418,18.29,100.0,34200.0,55.6,0.151,0
31,Female,Software Engineer,Salaried,Married,2,50400.0,0.0,0.0,0.0,50400.0,12400.0,9900.0,6400.0,3700.0,1300.0,11300.0,14000.0,8900.0,10300.0,7000.0,3200.0,88400.0,Education Loan,948000.0,17.1,360,13590.0,10400.0,0.0,0.0,1300.0,11700.0,711,400700.0,757100.0,1272600.0,No,Occasionally,Low,High,0.5018,11.57,-49700.0,10980.0,56.2,0.3489,0
23,Male,Software Engineer,Self-Employed,Married,2,60900.0,0.0,0.0,0.0,60900.0,14600.0,16800.0,6700.0,4400.0,1700.0,4800.0,6400.0,3900.0,7700.0,8700.0,6400.0,82100.0,Vehicle Loan,1017000.0,14.3,60,23820.0,0.0,0.0,0.0,0.0,0.0,627,107200.0,808900.0,771400.0,No,Never,High,Low,0.3911,11.16,-21200.0,27400.0,57.1,0.2942,0
43,Other,Business Owner,Salaried,Single,3,32400.0,0.0,16000.0,0.0,33733.333333333336,7900.0,22200.0,8000.0,1400.0,1800.0,4900.0,5300.0,10100.0,5200.0,5800.0,1400.0,74000.0,Education Loan,1197000.0,7.7,180,11230.0,0.0,0.0,0.0,0.0,0.0,548,185400.0,253400.0,475700.0,No,Never,Moderate,Moderate,0.3329,5.93,-40266.67,15180.0,53.3,0.9066,1
46,Male,Business Owner,Salaried,Single,3,33600.0,21700.0,0.0,0.0,55300.0,7200.0,11000.0,9800.0,5600.0,1700.0,9100.0,9100.0,8800.0,7700.0,23200.0,3800.0,97000.0,Education Loan,2499000.0,7.7,240,20440.0,0.0,0.0,6600.0,5200.0,11800.0,841,384400.0,601700.0,1340900.0,No,Never,High,Low,0.583,9.06,-53500.0,13080.0,58.7,0.0499,0
24,Female,Business Owner,Salaried,Married,4,62600.0,0.0,0.0,0.0,62600.0,13100.0,19800.0,7000.0,3600.0,900.0,6800.0,9600.0,11700.0,10500.0,14000.0,1900.0,98900.0,Vehicle Loan,1186000.0,14.6,48,32770.0,0.0,0.0,0.0,0.0,0.0,700,223300.0,1045100.0,852900.0,No,Occasionally,Low,Moderate,0.5235,12.83,-36300.0,28170.0,54.0,0.2752,0
38,Male,Manager,Salaried,Single,1,161500.0,0.0,0.0,0.0,161500.0,48900.0,7600.0,2900.0,4200.0,1500.0,5700.0,15900.0,2500.0,10900.0,24500.0,7000.0,131600.0,Education Loan,3759000.0,8.7,240,33100.0,0.0,0.0,0.0,8400.0,8400.0,547,479800.0,2105300.0,504500.0,No,Occasionally,Low,Moderate,0.257,18.46,21500.0,64280.0,66.4,0.0473,0
26,Male,Analyst,Salaried,Married,3,81000.0,0.0,88000.0,0.0,88333.33333333333,15800.0,10400.0,2700.0,1900.0,2300.0,10000.0,10800.0,7200.0,1300.0,12300.0,7800.0,82500.0,Home Loan,3941000.0,15.0,180,55160.0,19300.0,0.0,0.0,6600.0,25900.0,585,646700.0,1690500.0,1336600.0,No,Frequently,High,Low,0.9177,21.56,-20066.67,13850.0,39.6,0.2347,0
55,Male,Teacher,Salaried,Single,2,92300.0,0.0,0.0,0.0,92300.0,19500.0,17500.0,8200.0,2300.0,2200.0,10800.0,4400.0,15000.0,2300.0,14700.0,3300.0,100200.0,Business Loan,4204000.0,10.9,36,137430.0,0.0,9800.0,0.0,13900.0,23700.0,681,354200.0,1414500.0,1264700.0,No,Never,Moderate,Moderate,1.7457,14.28,-31600.0,17840.0,33.6,0.986,1
42,Female,Other,Self-Employed,Married,3,44500.0,0.0,78000.0,0.0,51000.0,11400.0,19500.0,7200.0,1600.0,2000.0,7500.0,13800.0,10600.0,1000.0,20200.0,7900.0,102700.0,Education Loan,837000.0,13.2,240,9930.0,0.0,0.0,0.0,0.0,0.0,315,146100.0,521100.0,688500.0,No,Occasionally,Moderate,Low,0.1947,6.5,-51700.0,22950.0,45.5,0.9771,1
63,Female,Software Engineer,Salaried,Single,0,36300.0,0.0,0.0,0.0,36300.0,11500.0,12400.0,3300.0,2300.0,1900.0,3000.0,0.0,10600.0,6400.0,20300.0,6300.0,78000.0,Personal Loan,945000.0,9.3,48,23650.0,0.0,0.0,0.0,0.0,0.0,317,212300.0,592900.0,209900.0,No,Never,Moderate,Moderate,0.6515,10.32,-41700.0,16340.0,33.9,0.9946,1
35,Female,Accountant,Salaried,Married,4,33200.0,0.0,0.0,0.0,33200.0,8800.0,24000.0,4000.0,3500.0,800.0,6100.0,8600.0,5500.0,5800.0,7300.0,1000.0,75400.0,Personal Loan,1755000.0,10.1,24,81070.0,0.0,0.0,0.0,0.0,0.0,858,212300.0,312100.0,163300.0,No,Frequently,Low,Moderate,2.4419,6.95,-42200.0,14940.0,40.5,0.9984,1
42,Male,Other,Unemployed,Single,1,38400.0,0.0,42000.0,0.0,41900.0,5200.0,7100.0,8000.0,5200.0,1400.0,6500.0,16600.0,2300.0,7000.0,8600.0,4400.0,72300.0,Home Loan,1915000.0,12.1,360,19850.0,12600.0,0.0,0.0,0.0,12600.0,466,330200.0,211600.0,977800.0,Yes,Frequently,Moderate,Moderate,0.7745,6.38,-43000.0,6260.0,34.2,0.9981,1
57,Female,Analyst,Self-Employed,Single,2,17600.0,0.0,51000.0,0.0,21850.0,6900.0,9500.0,6500.0,3700.0,700.0,5800.0,5600.0,14300.0,8500.0,4200.0,6800.0,72500.0,Education Loan,305000.0,14.5,240,3900.0,0.0,0.0,0.0,0.0,0.0,787,19400.0,283300.0,405900.0,No,Never,Low,Moderate,0.1785,4.18,-50650.0,9830.0,66.3,0.1897,0
62,Female,Other,Self-Employed,Single,0,34100.0,11900.0,65000.0,0.0,51416.666666666664,15800.0,16100.0,6700.0,2200.0,2100.0,3900.0,0.0,2500.0,5000.0,20500.0,4700.0,79500.0,Education Loan,1349000.0,9.1,48,33630.0,10200.0,0.0,0.0,0.0,10200.0,344,110900.0,397100.0,9800.0,No,Occasionally,Low,Moderate,0.8524,5.66,-38283.33,12940.0,26.7,0.9996,1
32,Female,Software Engineer,Salaried,Divorced,1,37000.0,7500.0,0.0,0.0,44500.0,12800.0,13000.0,3700.0,1200.0,1100.0,6200.0,8700.0,14900.0,3300.0,20300.0,4800.0,90000.0,Vehicle Loan,2605000.0,10.5,36,84670.0,0.0,0.0,0.0,6900.0,6900.0,335,350800.0,65500.0,1115100.0,Yes,Never,Moderate,Low,2.0578,4.3,-52400.0,13120.0,11.7,1.0,1
62,Male,Other,Self-Employed,Single,0,44900.0,16500.0,68000.0,0.0,67066.66666666667,14500.0,7800.0,7000.0,4100.0,2000.0,5900.0,0.0,2800.0,5300.0,3900.0,4100.0,57400.0,Education Loan,2273000.0,9.7,36,73020.0,0.0,0.0,0.0,5400.0,5400.0,800,372400.0,339900.0,244200.0,No,Never,Low,Moderate,1.1693,11.34,4266.67,24780.0,43.1,0.533,1
58,Female,Teacher,Salaried,Married,0,52400.0,20600.0,0.0,0.0,73000.0,21100.0,14300.0,8200.0,3100.0,2100.0,3300.0,0.0,3400.0,1100.0,7900.0,3800.0,68300.0,Education Loan,3253000.0,16.6,120,55710.0,0.0,0.0,0.0,0.0,0.0,746,595500.0,304700.0,1615500.0,Yes,Occasionally,Low,Moderate,0.7632,13.18,4700.0,32850.0,54.3,0.2497,0
38,Female,Other,Salaried,Single,0,58800.0,0.0,61000.0,0.0,63883.333333333336,14000.0,16500.0,9100.0,5900.0,2300.0,10900.0,0.0,5300.0,10100.0,12300.0,1200.0,87600.0,Personal Loan,643000.0,14.3,24,30960.0,18700.0,0.0,0.0,0.0,18700.0,516,304100.0,1028700.0,184100.0,Yes,Never,Low,Low,0.7774,12.54,-42416.67,10050.0,44.4,0.9543,1
55,Male,Software Engineer,Salaried,Single,2,48700.0,12500.0,138000.0,0.0,72700.0,20700.0,17700.0,7900.0,4900.0,2000.0,10700.0,4300.0,8200.0,5200.0,14500.0,5400.0,101500.0,Vehicle Loan,3692000.0,12.4,36,123330.0,0.0,0.0,0.0,3400.0,3400.0,446,353600.0,1076500.0,2118600.0,No,Never,Moderate,Moderate,1.7432,13.63,-32200.0,29320.0,23.0,0.9995,1
50,Female,Software Engineer,Salaried,Married,0,36700.0,0.0,0.0,0.0,36700.0,11700.0,15100.0,6600.0,5000.0,1600.0,9400.0,0.0,12100.0,7900.0,14000.0,6400.0,89800.0,Education Loan,1404000.0,17.4,12,128320.0,0.0,0.0,0.0,6300.0,6300.0,524,150000.0,465200.0,991500.0,No,Never,Low,Moderate,3.6681,6.4,-59400.0,10220.0,24.4,1.0,1
44,Female,Other,Self-Employed,Married,0,18400.0,0.0,18000.0,0.0,19900.0,6400.0,8000.0,7400.0,1100.0,1700.0,5400.0,0.0,14600.0,4600.0,24600.0,6500.0,80300.0,Home Loan,292000.0,15.2,60,6980.0,0.0,0.0,0.0,0.0,0.0,359,140600.0,373200.0,109300.0,Yes,Never,Low,Moderate,0.3508,6.4,-60400.0,8960.0,39.5,0.9838,1
62,Male,Manager,Salaried,Divorced,0,36800.0,0.0,51000.0,0.0,41050.0,8800.0,8000.0,5900.0,4900.0,1100.0,5100.0,0.0,6000.0,7800.0,19600.0,5400.0,72600.0,Education Loan,1064000.0,17.3,36,38090.0,10100.0,0.0,0.0,10200.0,20300.0,305,250700.0,180000.0,10400.0,No,Occasionally,Moderate,Low,1.4224,4.64,-51850.0,0.0,19.1,1.0,1
50,Male,Accountant,Self-Employed,Divorced,1,30100.0,0.0,0.0,0.0,30100.0,9500.0,18100.0,3800.0,2000.0,900.0,8900.0,15600.0,1300.0,6900.0,4600.0,3400.0,75000.0,Vehicle Loan,288000.0,13.8,180,3800.0,6100.0,0.0,0.0,0.0,6100.0,326,127400.0,123400.0,53900.0,No,Never,Low,Low,0.3289,3.09,-51000.0,7440.0,39.1,0.9958,1
34,Male,Sales Executive,Self-Employed,Married,0,61900.0,16000.0,63000.0,0.0,83150.0,10400.0,12600.0,9100.0,3900.0,800.0,7700.0,0.0,9600.0,3300.0,8800.0,1200.0,67400.0,Home Loan,3969000.0,8.9,360,31650.0,0.0,0.0,0.0,0.0,0.0,487,189700.0,1519400.0,2017400.0,No,Occasionally,Low,High,0.3806,25.36,15750.0,37420.0,63.2,0.0261,0
26,Female,Business Owner,Salaried,Married,0,77200.0,0.0,153000.0,0.0,89950.0,11300.0,7300.0,6300.0,3200.0,900.0,7600.0,0.0,11000.0,7900.0,9900.0,7300.0,72700.0,Home Loan,4135000.0,14.6,60,97510.0,0.0,0.0,13000.0,9000.0,22000.0,355,47000.0,1195500.0,207200.0,No,Frequently,Low,High,1.3286,13.12,-4750.0,18480.0,23.8,0.9969,1
23,Female,Sales Executive,Salaried,Married,1,78400.0,0.0,0.0,0.0,78400.0,18600.0,13300.0,6800.0,3900.0,2400.0,2400.0,12000.0,6600.0,2200.0,9200.0,4000.0,81400.0,Home Loan,2506000.0,9.6,24,115180.0,0.0,0.0,8200.0,0.0,8200.0,637,107200.0,909000.0,1830200.0,No,Never,High,High,1.5737,11.34,-11200.0,27080.0,29.6,0.9772,1
36,Male,Analyst,Salaried,Single,2,71600.0,0.0,153000.0,0.0,84350.0,22200.0,17600.0,9900.0,1700.0,800.0,7800.0,3400.0,3600.0,6300.0,20100.0,5200.0,98600.0,Personal Loan,2519000.0,11.1,24,117520.0,21000.0,0.0,0.0,3000.0,24000.0,566,128600.0,1270100.0,2074500.0,Yes,Occasionally,Low,Moderate,1.6778,11.41,-38250.0,13960.0,31.6,0.998,1
27,Female,Analyst,Salaried,Divorced,0,45900.0,0.0,0.0,0.0,45900.0,6300.0,7100.0,9900.0,3300.0,1900.0,10900.0,0.0,5300.0,8900.0,10300.0,2400.0,66300.0,Personal Loan,1399000.0,12.9,48,37460.0,10300.0,0.0,0.0,0.0,10300.0,324,271200.0,291500.0,422600.0,No,Occasionally,High,High,1.0405,7.35,-30700.0,10360.0,22.5,0.9996,1
34,Female,Software Engineer,Salaried,Married,0,37800.0,0.0,86000.0,0.0,44966.666666666664,9800.0,13200.0,6700.0,1200.0,900.0,1900.0,0.0,10200.0,7000.0,13300.0,2000.0,66200.0,Home Loan,317000.0,9.2,360,2600.0,0.0,7500.0,0.0,0.0,7500.0,388,346800.0,553200.0,991700.0,Yes,Occasionally,Low,Moderate,0.2246,12.21,-28733.33,12740.0,52.5,0.8393,1
29,Male,Analyst,Unemployed,Married,0,33700.0,0.0,98000.0,0.0,41866.666666666664,5200.0,4600.0,2300.0,1200.0,2500.0,4700.0,0.0,7900.0,9200.0,14300.0,1600.0,53500.0,Personal Loan,1057000.0,7.7,24,47660.0,12200.0,0.0,0.0,0.0,12200.0,757,202600.0,381500.0,1030300.0,No,Never,Low,Low,1.4298,8.89,-23833.33,6640.0,36.1,0.9922,1
35,Female,Manager,Salaried,Single,4,23100.0,0.0,32000.0,0.0,25766.666666666668,6500.0,16300.0,5200.0,4300.0,1200.0,6600.0,11600.0,11400.0,4000.0,8200.0,6600.0,81900.0,Home Loan,311000.0,10.9,60,6750.0,0.0,0.0,0.0,0.0,0.0,729,114300.0,176100.0,603400.0,No,Never,High,Moderate,0.262,3.55,-56133.33,11600.0,58.5,0.4458,0
41,Other,Accountant,Salaried,Single,1,80500.0,5100.0,0.0,0.0,85600.0,26900.0,15400.0,9500.0,5800.0,1300.0,8500.0,5600.0,4100.0,1500.0,9400.0,5500.0,93500.0,Home Loan,1298000.0,16.2,180,19250.0,0.0,0.0,12200.0,0.0,12200.0,580,150200.0,1510800.0,491900.0,No,Never,Moderate,Low,0.3674,15.71,-20100.0,26320.0,58.2,0.1483,0
55,Female,Analyst,Business,Divorced,1,44900.0,0.0,25000.0,39100.0,86083.33333333334,24500.0,8100.0,4300.0,4900.0,1300.0,2000.0,18800.0,12800.0,1600.0,19900.0,5300.0,103500.0,Business Loan,4986000.0,7.7,48,121020.0,27000.0,0.0,11600.0,0.0,38600.0,795,779900.0,348900.0,1160300.0,Yes,Never,Low,Moderate,1.8542,7.94,-56016.67,140.0,37.5,0.9944,1
22,Female,Teacher,Salaried,Single,0,26300.0,0.0,0.0,0.0,26300.0,5100.0,7100.0,10000.0,3300.0,2100.0,10600.0,0.0,3200.0,4000.0,21900.0,7400.0,74700.0,Personal Loan,510000.0,8.6,180,5050.0,0.0,1900.0,0.0,0.0,1900.0,817,196800.0,35200.0,53800.0,No,Occasionally,High,Low,0.2643,3.03,-50300.0,9940.0,61.1,0.2715,0
47,Other,Accountant,Self-Employed,Married,1,32400.0,15600.0,0.0,0.0,48000.0,16700.0,18300.0,2700.0,1300.0,900.0,1400.0,8400.0,5600.0,5500.0,2900.0,2100.0,65800.0,Business Loan,1517000.0,16.0,180,22280.0,13600.0,0.0,0.0,0.0,13600.0,600,214100.0,375500.0,756500.0,No,Never,Moderate,Moderate,0.7475,7.43,-31400.0,8000.0,45.3,0.9151,1
22,Female,Manager,Salaried,Single,0,31800.0,15900.0,0.0,0.0,47700.0,12700.0,13400.0,6500.0,1200.0,2200.0,10400.0,0.0,9300.0,6900.0,15900.0,2200.0,80700.0,Home Loan,2568000.0,10.7,24,119330.0,0.0,7200.0,0.0,0.0,7200.0,578,67800.0,227500.0,633000.0,No,Never,Low,High,2.6526,3.36,-40200.0,14260.0,19.5,1.0,1
55,Male,Sales Executive,Salaried,Married,0,50100.0,0.0,38000.0,0.0,53266.666666666664,16200.0,11000.0,6100.0,1800.0,1800.0,1300.0,0.0,11300.0,9300.0,16600.0,2300.0,77700.0,Home Loan,1478000.0,17.4,24,73360.0,0.0,0.0,0.0,8400.0,8400.0,637,454800.0,874100.0,1442400.0,No,Occasionally,Moderate,High,1.5349,15.43,-32833.33,15570.0,41.0,0.9597,1
38,Female,Accountant,Salaried,Single,1,83600.0,0.0,219000.0,0.0,101850.0,27200.0,9000.0,4000.0,5900.0,900.0,2700.0,5400.0,4700.0,10200.0,19000.0,4000.0,93000.0,Business Loan,3470000.0,11.5,24,162540.0,0.0,0.0,0.0,6300.0,6300.0,844,215100.0,346900.0,55300.0,Yes,Occasionally,Moderate,Moderate,1.6577,5.66,2550.0,39530.0,42.6,0.9372,1
34,Female,Accountant,Salaried,Married,1,41200.0,23000.0,0.0,0.0,64200.0,22300.0,10800.0,9600.0,3000.0,600.0,9800.0,14100.0,14300.0,8600.0,18000.0,7100.0,118200.0,Vehicle Loan,917000.0,15.9,360,12260.0,16200.0,0.0,0.0,0.0,16200.0,374,442800.0,1207700.0,1021200.0,No,Occasionally,Moderate,Low,0.4433,12.28,-70200.0,12690.0,45.4,0.9628,1
40,Female,Sales Executive,Salaried,Single,0,15900.0,0.0,9000.0,0.0,16650.0,5100.0,12000.0,7000.0,5200.0,2000.0,10500.0,0.0,10900.0,6100.0,22200.0,7200.0,88200.0,Home Loan,344000.0,10.2,12,30280.0,0.0,0.0,0.0,0.0,0.0,485,62000.0,69700.0,365800.0,No,Never,Low,Moderate,1.8186,1.49,-71550.0,7490.0,17.9,1.0,1
38,Male,Manager,Self-Employed,Married,2,44600.0,0.0,0.0,0.0,44600.0,10300.0,10200.0,3800.0,4500.0,900.0,11800.0,6300.0,4000.0,3900.0,3800.0,5100.0,64600.0,Personal Loan,1464000.0,8.1,120,17840.0,0.0,2300.0,3900.0,0.0,6200.0,405,386500.0,798200.0,620800.0,No,Never,Moderate,High,0.539,16.73,-26200.0,13870.0,51.0,0.7688,1
30,Female,Analyst,Salaried,Married,4,45300.0,0.0,120000.0,0.0,55300.0,10600.0,18700.0,5100.0,4000.0,2300.0,2300.0,7000.0,11200.0,5700.0,10900.0,5600.0,83400.0,Education Loan,1386000.0,16.8,180,21130.0,0.0,0.0,0.0,0.0,0.0,839,336000.0,232200.0,395000.0,Yes,Never,Low,Low,0.3821,6.81,-28100.0,24880.0,65.9,0.2029,0
45,Male,Software Engineer,Business,Single,1,43800.0,17200.0,94000.0,77400.0,146233.3333333333,39600.0,11700.0,7800.0,5700.0,800.0,6800.0,12600.0,10700.0,4000.0,20000.0,7300.0,127000.0,Education Loan,1039000.0,17.2,360,14980.0,0.0,0.0,0.0,0.0,0.0,686,389000.0,279400.0,2675400.0,No,Never,Low,Low,0.1024,5.26,19233.33,65800.0,61.9,0.0881,0
22,Female,Sales Executive,Salaried,Married,2,35800.0,10800.0,0.0,0.0,46600.0,11500.0,14700.0,4400.0,2200.0,1700.0,1800.0,8500.0,11500.0,7900.0,21500.0,5400.0,91100.0,Education Loan,1260000.0,14.9,36,43620.0,0.0,0.0,0.0,9200.0,9200.0,858,28900.0,478500.0,1380000.0,No,Never,Moderate,High,1.1335,5.06,-53700.0,11770.0,37.2,0.8303,1
45,Male,Sales Executive,Salaried,Single,4,54700.0,11500.0,0.0,0.0,66200.0,17000.0,13500.0,9000.0,3300.0,1900.0,2700.0,17200.0,13800.0,10000.0,8100.0,2600.0,99100.0,Business Loan,3299000.0,15.6,360,43300.0,0.0,11900.0,0.0,2300.0,14200.0,808,166700.0,514400.0,81400.0,No,Occasionally,Low,Moderate,0.8686,6.01,-47100.0,15590.0,43.2,0.7054,1
53,Male,Sales Executive,Salaried,Single,2,50700.0,0.0,0.0,0.0,50700.0,9400.0,9500.0,3300.0,5300.0,1800.0,2900.0,4700.0,11000.0,6700.0,15500.0,5900.0,76000.0,Home Loan,577000.0,7.6,180,5380.0,0.0,0.0,0.0,14800.0,14800.0,575,201300.0,626600.0,298200.0,No,Never,High,High,0.398,9.12,-40100.0,8020.0,55.7,0.6251,1
56,Male,Sales Executive,Business,Married,1,48400.0,0.0,0.0,38600.0,87000.0,18000.0,19500.0,4100.0,3800.0,1100.0,1700.0,18500.0,5900.0,1500.0,6200.0,6400.0,86700.0,Vehicle Loan,525000.0,15.4,60,12600.0,0.0,0.0,0.0,0.0,0.0,391,629000.0,1146100.0,1280500.0,No,Frequently,Low,Moderate,0.1448,20.47,300.0,39150.0,59.7,0.1016,0
51,Male,Analyst,Salaried,Married,2,60300.0,0.0,80000.0,0.0,66966.66666666667,16000.0,21700.0,3200.0,2200.0,2300.0,10800.0,17300.0,12100.0,11300.0,21600.0,5400.0,123900.0,Personal Loan,772000.0,12.5,60,17370.0,0.0,0.0,0.0,0.0,0.0,731,171000.0,1255800.0,1200600.0,Yes,Occasionally,Low,Low,0.2594,11.52,-56933.33,30140.0,63.2,0.0728,0
34,Female,Other,Salaried,Single,0,39500.0,17800.0,0.0,0.0,57300.0,17800.0,10000.0,2800.0,2000.0,2000.0,2400.0,0.0,10700.0,4200.0,18800.0,2900.0,73600.0,Education Loan,2451000.0,12.3,180,29890.0,0.0,0.0,0.0,0.0,0.0,575,171000.0,1094500.0,1072900.0,No,Never,Low,Moderate,0.5216,17.19,-16300.0,25780.0,50.9,0.2447,0
21,Female,Other,Business,Single,1,38400.0,19100.0,102000.0,38700.0,104700.0,30400.0,17000.0,4400.0,4800.0,1500.0,7900.0,7500.0,9000.0,11100.0,7100.0,3800.0,104500.0,Education Loan,5099000.0,13.2,120,76740.0,0.0,20100.0,0.0,8000.0,28100.0,637,485100.0,1089400.0,189100.0,No,Never,Moderate,Low,1.0013,11.87,-27900.0,19020.0,36.3,0.8522,1
36,Female,Doctor,Salaried,Single,0,97700.0,0.0,110000.0,0.0,106866.66666666667,13900.0,13200.0,10000.0,1100.0,1700.0,7900.0,0.0,6000.0,9900.0,16300.0,4300.0,84300.0,Personal Loan,821000.0,10.3,240,8090.0,0.0,0.0,0.0,10900.0,10900.0,796,97000.0,530600.0,394100.0,Yes,Never,Moderate,Low,0.1777,6.59,11666.67,37190.0,69.8,0.0669,0
23,Male,Sales Executive,Business,Married,0,64800.0,10600.0,49000.0,48800.0,128283.33333333333,20700.0,5600.0,2800.0,5600.0,1600.0,3200.0,0.0,13900.0,5500.0,13700.0,2000.0,74600.0,Education Loan,6904000.0,14.8,360,86190.0,39400.0,0.0,0.0,0.0,39400.0,643,1000600.0,731000.0,3635600.0,Yes,Never,Low,Moderate,0.979,15.19,14283.33,18330.0,45.7,0.6157,1
55,Male,Sales Executive,Salaried,Single,1,74100.0,0.0,0.0,0.0,74100.0,7900.0,10200.0,3700.0,1100.0,2400.0,12000.0,13800.0,8200.0,1600.0,8000.0,4200.0,73100.0,Business Loan,2927000.0,10.6,120,39660.0,0.0,0.0,0.0,0.0,0.0,585,92500.0,214500.0,167500.0,No,Never,Moderate,Moderate,0.5352,4.2,1000.0,33340.0,45.2,0.6782,1
61,Female,Accountant,Self-Employed,Divorced,0,90500.0,0.0,51000.0,0.0,94750.0,9700.0,8400.0,4200.0,4200.0,2300.0,4800.0,0.0,9800.0,11400.0,22500.0,2100.0,79400.0,Home Loan,3174000.0,13.4,36,107560.0,27700.0,0.0,0.0,0.0,27700.0,402,710800.0,598600.0,1191300.0,No,Frequently,Moderate,Moderate,1.4275,12.23,-12350.0,14940.0,31.0,0.998,1
26,Female,Other,Business,Divorced,2,63800.0,13000.0,177000.0,77900.0,169450.0,26500.0,16300.0,7000.0,4000.0,1000.0,11000.0,17200.0,6800.0,8200.0,5400.0,4500.0,107900.0,Home Loan,3211000.0,8.9,360,25610.0,33800.0,24500.0,0.0,12200.0,70500.0,839,516100.0,3103700.0,2934500.0,Yes,Occasionally,High,Moderate,0.5672,20.29,-8950.0,5750.0,63.3,0.002,0
45,Male,Analyst,Self-Employed,Single,1,78000.0,0.0,99000.0,0.0,86250.0,25900.0,14100.0,8000.0,3900.0,1000.0,11400.0,3700.0,11900.0,3700.0,12800.0,1400.0,97800.0,Vehicle Loan,2195000.0,14.6,24,106010.0,20900.0,16800.0,0.0,0.0,37700.0,749,420000.0,683700.0,812900.0,No,Never,Low,Moderate,1.6662,8.15,-49250.0,1110.0,34.1,0.9923,1
33,Male,Software Engineer,Salaried,Single,1,22300.0,0.0,39000.0,0.0,25550.0,8300.0,18900.0,8000.0,3400.0,2500.0,11400.0,14800.0,5800.0,6900.0,15400.0,7600.0,103000.0,Business Loan,1458000.0,9.5,60,30620.0,4300.0,2500.0,0.0,0.0,6800.0,798,112400.0,331200.0,196000.0,No,Occasionally,Low,Moderate,1.4646,4.04,-84250.0,4700.0,34.3,0.9794,1
54,Male,Doctor,Salaried,Married,0,54300.0,0.0,0.0,0.0,54300.0,10700.0,15100.0,2100.0,5300.0,1000.0,9300.0,0.0,12300.0,8000.0,20900.0,2700.0,87400.0,Vehicle Loan,2994000.0,9.3,48,74930.0,0.0,0.0,5800.0,7700.0,13500.0,634,157800.0,1066600.0,472700.0,Yes,Frequently,Low,Moderate,1.6285,12.13,-46600.0,10940.0,34.1,0.9943,1
28,Female,Doctor,Business,Single,0,44700.0,16800.0,0.0,54200.0,115700.0,27900.0,16000.0,7200.0,4300.0,2400.0,3800.0,0.0,2500.0,3500.0,5500.0,4300.0,77400.0,Education Loan,4559000.0,7.8,24,205780.0,0.0,0.0,0.0,13500.0,13500.0,588,338900.0,350300.0,980900.0,No,Occasionally,Low,Moderate,1.8952,7.58,24800.0,38560.0,35.7,0.9981,1
41,Female,Analyst,Salaried,Single,1,113400.0,22900.0,269000.0,0.0,158716.66666666666,43900.0,18500.0,7000.0,4900.0,1800.0,2300.0,6300.0,10900.0,2000.0,16000.0,1200.0,114800.0,Home Loan,5847000.0,8.8,120,73440.0,0.0,22900.0,13800.0,0.0,36700.0,838,1510300.0,2497000.0,1806500.0,No,Occasionally,Low,Moderate,0.6939,26.45,7216.67,34720.0,61.0,0.0012,0
54,Male,Software Engineer,Salaried,Single,4,77900.0,15000.0,219000.0,0.0,111150.0,37600.0,23200.0,6100.0,1600.0,600.0,7300.0,7800.0,7700.0,3900.0,2200.0,2300.0,100300.0,Vehicle Loan,1843000.0,9.9,180,19690.0,25700.0,15600.0,0.0,12400.0,53700.0,329,378100.0,1588800.0,387100.0,No,Never,Moderate,Moderate,0.6603,12.77,-42850.0,0.0,35.2,0.9799,1
24,Male,Accountant,Self-Employed,Married,0,35800.0,20400.0,79000.0,0.0,62783.333333333336,20600.0,8700.0,5000.0,1200.0,1200.0,5000.0,0.0,10800.0,1500.0,20900.0,5900.0,80800.0,Vehicle Loan,3606000.0,9.8,24,166070.0,0.0,8100.0,0.0,0.0,8100.0,383,140600.0,1039800.0,1607600.0,No,Never,Moderate,Moderate,2.7741,13.28,-26116.67,20150.0,23.8,1.0,1
45,Female,Business Owner,Salaried,Married,0,59100.0,0.0,0.0,0.0,59100.0,6800.0,7000.0,8400.0,1100.0,1500.0,10100.0,0.0,8400.0,1800.0,7400.0,1800.0,54300.0,Business Loan,2751000.0,10.9,36,89930.0,12100.0,6200.0,6700.0,0.0,25000.0,862,170200.0,213100.0,1346400.0,Yes,Never,High,Moderate,1.9447,4.83,-20200.0,1600.0,33.1,0.9906,1
35,Male,Other,Salaried,Single,3,53300.0,0.0,68000.0,0.0,58966.666666666664,9600.0,18000.0,4800.0,1700.0,2200.0,9200.0,3100.0,2900.0,2700.0,18600.0,5400.0,78200.0,Education Loan,1535000.0,8.1,60,31200.0,0.0,0.0,0.0,0.0,0.0,668,418900.0,621100.0,60300.0,No,Occasionally,Low,Moderate,0.5291,13.3,-19233.33,26540.0,59.1,0.2532,0
24,Male,Sales Executive,Salaried,Single,0,61500.0,15200.0,0.0,0.0,76700.0,8600.0,13700.0,3800.0,4300.0,1200.0,4000.0,0.0,7700.0,2700.0,15800.0,1000.0,62800.0,Personal Loan,3825000.0,17.3,360,55460.0,23500.0,0.0,0.0,6800.0,30300.0,549,263400.0,997700.0,1751700.0,Yes,Never,Moderate,High,1.1181,13.55,-16400.0,4220.0,31.0,0.9593,1
32,Female,Analyst,Salaried,Divorced,3,29500.0,0.0,0.0,0.0,29500.0,7500.0,15400.0,4500.0,3500.0,1100.0,1200.0,16100.0,14500.0,3700.0,3200.0,4300.0,75000.0,Business Loan,491000.0,8.8,180,4920.0,7300.0,0.0,0.0,0.0,7300.0,849,62800.0,455500.0,732800.0,No,Occasionally,Moderate,Moderate,0.4142,6.3,-52800.0,5980.0,57.6,0.1372,0
52,Male,Other,Salaried,Married,1,58700.0,10600.0,0.0,0.0,69300.0,19200.0,17900.0,5500.0,4800.0,2300.0,3600.0,4400.0,11600.0,11300.0,6200.0,6000.0,92800.0,Business Loan,1159000.0,14.9,36,40120.0,0.0,0.0,0.0,0.0,0.0,643,307500.0,1007600.0,1916900.0,No,Never,Moderate,Low,0.5789,14.17,-23500.0,31180.0,52.0,0.2948,0
52,Male,Sales Executive,Salaried,Married,1,43700.0,15000.0,0.0,0.0,58700.0,10400.0,19400.0,3700.0,2000.0,700.0,7200.0,18800.0,5200.0,7300.0,8200.0,7500.0,90400.0,Education Loan,2847000.0,13.1,48,76520.0,16300.0,5400.0,6800.0,3600.0,32100.0,364,94900.0,695500.0,1079400.0,Yes,Occasionally,Moderate,Moderate,1.8504,6.45,-63800.0,0.0,14.7,1.0,1
48,Female,Business Owner,Salaried,Married,0,56500.0,20300.0,0.0,0.0,76800.0,24100.0,12000.0,6900.0,2800.0,1600.0,1900.0,0.0,14200.0,5600.0,22400.0,4400.0,95900.0,Personal Loan,2747000.0,13.3,180,35300.0,0.0,0.0,0.0,8800.0,8800.0,762,329300.0,761400.0,1964900.0,Yes,Never,Low,Moderate,0.5742,10.42,-27900.0,25760.0,62.2,0.395,0
33,Female,Business Owner,Self-Employed,Married,0,34100.0,0.0,99000.0,0.0,42350.0,9000.0,10400.0,9100.0,5400.0,1500.0,8200.0,0.0,11900.0,7200.0,13100.0,6900.0,82700.0,Business Loan,1506000.0,8.6,12,131420.0,12000.0,0.0,4700.0,9100.0,25800.0,699,368100.0,800100.0,964400.0,Yes,Frequently,Low,Moderate,3.7124,10.77,-66150.0,0.0,39.5,1.0,1
51,Female,Manager,Business,Married,0,36600.0,0.0,32000.0,65100.0,104366.66666666666,36500.0,15800.0,6800.0,5700.0,600.0,8400.0,0.0,6100.0,1100.0,23000.0,6600.0,110600.0,Vehicle Loan,3815000.0,10.1,48,96940.0,22000.0,0.0,0.0,0.0,22000.0,688,421900.0,464800.0,79600.0,No,Occasionally,Low,Moderate,1.1396,6.69,-28233.33,24960.0,34.0,0.9103,1
34,Female,Business Owner,Salaried,Single,3,88200.0,8300.0,234000.0,0.0,116000.0,11600.0,10300.0,5600.0,5600.0,700.0,2900.0,18800.0,9500.0,10800.0,3100.0,3100.0,82000.0,Vehicle Loan,1383000.0,15.7,12,125280.0,35700.0,0.0,0.0,6100.0,41800.0,356,624600.0,566400.0,2822400.0,Yes,Occasionally,Low,Low,1.4403,9.62,-7800.0,10400.0,19.5,0.9995,1
40,Female,Other,Salaried,Single,2,29000.0,19100.0,45000.0,0.0,51850.0,6600.0,9800.0,8400.0,5100.0,1300.0,7600.0,3600.0,7000.0,6900.0,2200.0,7100.0,65600.0,Vehicle Loan,1256000.0,12.4,60,28190.0,0.0,0.0,0.0,0.0,0.0,758,414600.0,161300.0,903800.0,No,Never,High,Moderate,0.5437,8.78,-13750.0,23330.0,55.7,0.1816,0
38,Female,Teacher,Self-Employed,Married,2,30100.0,11600.0,0.0,0.0,41700.0,7300.0,19800.0,8000.0,4400.0,800.0,7700.0,3700.0,2400.0,6000.0,23800.0,5500.0,89400.0,Vehicle Loan,1523000.0,12.3,24,71910.0,0.0,0.0,0.0,0.0,0.0,446,225300.0,131000.0,813800.0,No,Never,High,Moderate,1.7245,3.99,-47700.0,18760.0,22.1,1.0,1
49,Male,Teacher,Salaried,Married,2,47800.0,0.0,59000.0,0.0,52716.666666666664,5600.0,18200.0,4900.0,5600.0,1500.0,6300.0,3900.0,12300.0,11400.0,18700.0,1700.0,90100.0,Personal Loan,981000.0,13.2,360,11010.0,9300.0,0.0,0.0,6900.0,16200.0,874,50100.0,927600.0,1399500.0,No,Occasionally,Low,Low,0.5162,9.2,-53583.33,7520.0,61.1,0.0802,0
26,Female,Sales Executive,Salaried,Divorced,0,33300.0,0.0,44000.0,0.0,36966.666666666664,10900.0,9800.0,6800.0,4600.0,1700.0,11500.0,0.0,3700.0,9000.0,20000.0,7600.0,85600.0,Education Loan,1210000.0,12.1,36,40250.0,11900.0,0.0,0.0,9000.0,20900.0,533,93900.0,463000.0,11600.0,Yes,Never,Moderate,High,1.6542,5.23,-69533.33,0.0,19.3,0.9998,1
52,Other,Sales Executive,Salaried,Single,2,31500.0,8800.0,18000.0,0.0,41800.0,4700.0,20400.0,7800.0,5800.0,1900.0,2200.0,11300.0,7400.0,4700.0,23100.0,2200.0,91500.0,Education Loan,1490000.0,16.0,60,36230.0,0.0,0.0,4900.0,12000.0,16900.0,474,376000.0,784400.0,135300.0,No,Occasionally,Low,Low,1.2711,10.7,-66600.0,1910.0,29.3,0.9937,1
49,Male,Manager,Salaried,Divorced,1,51700.0,4200.0,151000.0,0.0,68483.33333333333,19700.0,10900.0,4000.0,1100.0,1600.0,5500.0,16400.0,10800.0,11300.0,24600.0,4300.0,110200.0,Personal Loan,3894000.0,15.4,240,52430.0,0.0,0.0,0.0,0.0,0.0,518,556100.0,1222500.0,1178900.0,No,Occasionally,Low,Moderate,0.7656,16.14,-41716.67,30820.0,42.7,0.8295,1
63,Male,Teacher,Business,Divorced,2,23100.0,14000.0,0.0,45500.0,82600.0,9300.0,16900.0,4900.0,5600.0,1300.0,10700.0,7800.0,14100.0,10400.0,4200.0,4300.0,89500.0,Education Loan,1530000.0,10.8,240,15580.0,0.0,0.0,0.0,0.0,0.0,318,638200.0,554200.0,1015100.0,Yes,Never,Moderate,Moderate,0.1886,13.32,-6900.0,37170.0,51.9,0.9231,1
22,Male,Sales Executive,Salaried,Single,0,29600.0,0.0,0.0,0.0,29600.0,4800.0,12900.0,2800.0,3800.0,800.0,5200.0,0.0,1900.0,11500.0,5600.0,5400.0,54700.0,Vehicle Loan,863000.0,16.0,360,11610.0,0.0,0.0,0.0,10500.0,10500.0,674,168700.0,390300.0,371200.0,No,Occasionally,High,Moderate,0.747,8.57,-35600.0,2820.0,45.4,0.8081,1
43,Male,Business Owner,Self-Employed,Married,2,136900.0,20300.0,0.0,0.0,157200.0,48800.0,10600.0,9900.0,1600.0,1000.0,5700.0,16200.0,6500.0,2100.0,6300.0,5700.0,114400.0,Personal Loan,9272000.0,12.9,36,311960.0,37500.0,29500.0,18900.0,0.0,85900.0,340,606200.0,1290500.0,1472400.0,No,Occasionally,Low,Low,2.5309,9.47,-43100.0,0.0,19.4,1.0,1
39,Male,Sales Executive,Salaried,Married,3,61700.0,0.0,124000.0,0.0,72033.33333333333,24300.0,14000.0,2700.0,2100.0,1300.0,8400.0,18400.0,9600.0,11500.0,20800.0,2600.0,115700.0,Vehicle Loan,1100000.0,14.1,36,37650.0,0.0,0.0,0.0,0.0,0.0,774,511200.0,1271200.0,1768900.0,No,Occasionally,Moderate,Low,0.5227,15.41,-43666.67,32420.0,62.7,0.071,0
51,Female,Doctor,Business,Married,1,33700.0,3300.0,0.0,50500.0,87500.0,17800.0,18800.0,3300.0,5300.0,2300.0,8300.0,5500.0,11900.0,7000.0,10200.0,3500.0,93900.0,Education Loan,4191000.0,16.6,48,120070.0,0.0,0.0,0.0,0.0,0.0,592,595200.0,1308200.0,271800.0,No,Never,Low,Moderate,1.3722,20.27,-6400.0,39380.0,32.5,0.7339,1
25,Female,Manager,Salaried,Married,0,60400.0,0.0,40000.0,0.0,63733.333333333336,21800.0,6600.0,5800.0,3500.0,900.0,1300.0,0.0,13900.0,8400.0,15600.0,2000.0,79800.0,Business Loan,940000.0,12.5,120,13760.0,10800.0,5600.0,0.0,0.0,16400.0,664,421000.0,213300.0,1019000.0,No,Never,Low,Moderate,0.4732,6.59,-32466.67,12280.0,52.3,0.6889,1
39,Male,Analyst,Salaried,Married,1,65100.0,0.0,0.0,0.0,65100.0,16700.0,8400.0,8900.0,5900.0,1300.0,6000.0,5100.0,1000.0,3300.0,21700.0,1900.0,80200.0,Personal Loan,3369000.0,15.4,180,48080.0,0.0,0.0,0.0,14400.0,14400.0,419,344000.0,378400.0,894900.0,No,Occasionally,Low,Moderate,0.9598,7.64,-29500.0,14900.0,31.1,0.9967,1
54,Male,Software Engineer,Salaried,Married,0,80600.0,24700.0,175000.0,0.0,119883.33333333333,24500.0,10700.0,4800.0,1600.0,2000.0,4700.0,0.0,9800.0,2500.0,17700.0,6800.0,85100.0,Home Loan,3817000.0,14.1,12,342900.0,0.0,0.0,0.0,0.0,0.0,601,355400.0,1617700.0,1982800.0,No,Occasionally,High,High,2.8603,23.19,34783.33,53950.0,49.8,0.9976,1
30,Male,Accountant,Salaried,Single,2,46000.0,0.0,0.0,0.0,46000.0,13800.0,9300.0,8100.0,3100.0,1900.0,7900.0,11300.0,1100.0,1900.0,3500.0,6300.0,68200.0,Home Loan,2690000.0,12.0,24,126630.0,0.0,3800.0,0.0,0.0,3800.0,349,213300.0,261100.0,69800.0,No,Occasionally,Low,Moderate,2.8354,6.59,-26000.0,16900.0,13.9,1.0,1
45,Female,Software Engineer,Salaried,Single,4,79900.0,0.0,0.0,0.0,79900.0,13900.0,24500.0,7400.0,2700.0,2400.0,7100.0,10800.0,12000.0,5600.0,12300.0,4100.0,102800.0,Vehicle Loan,1147000.0,15.8,36,40210.0,0.0,0.0,0.0,0.0,0.0,792,428700.0,890600.0,1615000.0,No,Occasionally,Moderate,Moderate,0.5033,12.83,-22900.0,35960.0,65.6,0.0515,0
22,Male,Software Engineer,Salaried,Married,1,17700.0,0.0,0.0,0.0,17700.0,2900.0,7400.0,7100.0,3600.0,900.0,8200.0,7400.0,3100.0,3400.0,3600.0,1700.0,49300.0,Education Loan,758000.0,8.6,12,66150.0,0.0,0.0,0.0,2800.0,2800.0,551,45200.0,99800.0,7200.0,No,Occasionally,Moderate,Moderate,3.8955,2.78,-34400.0,5160.0,23.6,1.0,1
31,Male,Analyst,Salaried,Married,1,28900.0,5700.0,30000.0,0.0,37100.0,9800.0,14600.0,8800.0,4200.0,500.0,8200.0,13600.0,13500.0,1900.0,13000.0,4100.0,92200.0,Vehicle Loan,1604000.0,13.6,36,54510.0,12500.0,0.0,0.0,0.0,12500.0,670,99600.0,518200.0,587500.0,No,Occasionally,Moderate,Low,1.8062,5.9,-67600.0,4200.0,32.7,0.9989,1
51,Male,Sales Executive,Salaried,Married,2,53200.0,0.0,0.0,0.0,53200.0,10500.0,12800.0,2100.0,4300.0,1100.0,3800.0,8800.0,3200.0,11500.0,7000.0,3100.0,68200.0,Home Loan,2369000.0,8.0,48,57830.0,0.0,0.0,0.0,0.0,0.0,815,426800.0,129000.0,423800.0,No,Occasionally,High,Low,1.087,8.15,-15000.0,23940.0,41.3,0.6534,1
35,Male,Software Engineer,Salaried,Married,0,57800.0,0.0,169000.0,0.0,71883.33333333333,9600.0,15300.0,9400.0,1000.0,800.0,3700.0,0.0,11700.0,9100.0,2000.0,6400.0,69000.0,Personal Loan,759000.0,9.1,120,9660.0,0.0,3900.0,0.0,11700.0,15600.0,748,254300.0,1056900.0,675100.0,No,Frequently,Moderate,Moderate,0.3514,15.5,-12716.67,16750.0,64.5,0.0208,0
29,Male,Doctor,Self-Employed,Single,0,31100.0,18700.0,0.0,0.0,49800.0,5800.0,12300.0,8600.0,1400.0,1600.0,5100.0,0.0,5100.0,6700.0,20700.0,1700.0,69000.0,Vehicle Loan,1039000.0,13.8,60,24070.0,9700.0,0.0,0.0,4900.0,14600.0,739,485500.0,368700.0,1103200.0,Yes,Occasionally,Low,High,0.7765,10.22,-33800.0,7810.0,45.3,0.6083,1
43,Female,Accountant,Self-Employed,Married,3,55800.0,0.0,58000.0,0.0,60633.333333333336,18000.0,15400.0,9500.0,1200.0,2300.0,3700.0,13100.0,8800.0,9200.0,24300.0,4200.0,109700.0,Education Loan,1430000.0,10.7,120,19460.0,13900.0,0.0,0.0,6000.0,19900.0,795,281700.0,583100.0,1793300.0,No,Never,High,Low,0.6491,6.67,-68966.67,7380.0,51.9,0.5271,1
39,Female,Software Engineer,Self-Employed,Single,2,35900.0,0.0,0.0,0.0,35900.0,9700.0,21800.0,8300.0,5300.0,1900.0,8500.0,14100.0,9500.0,7700.0,24200.0,5100.0,116100.0,Home Loan,820000.0,10.3,360,7380.0,0.0,5700.0,0.0,8100.0,13800.0,853,225600.0,365700.0,512000.0,No,Frequently,Low,Moderate,0.59,4.55,-94000.0,2360.0,58.5,0.3612,0
29,Female,Teacher,Self-Employed,Married,0,42700.0,0.0,93000.0,0.0,50450.0,10200.0,4900.0,9000.0,2600.0,800.0,7600.0,0.0,3900.0,3000.0,8900.0,7900.0,58800.0,Personal Loan,2125000.0,17.5,12,194310.0,0.0,0.0,6500.0,11200.0,17700.0,781,266800.0,236800.0,1013300.0,No,Frequently,Low,Moderate,4.2024,6.58,-26050.0,5000.0,35.3,1.0,1
55,Male,Analyst,Salaried,Divorced,0,81800.0,18700.0,0.0,0.0,100500.0,32600.0,12100.0,3600.0,2800.0,700.0,3400.0,0.0,5200.0,8000.0,21100.0,1600.0,91100.0,Vehicle Loan,806000.0,11.3,36,26500.0,17300.0,0.0,0.0,3100.0,20400.0,785,521100.0,1899600.0,749100.0,Yes,Occasionally,Moderate,Low,0.4667,21.71,-11000.0,24820.0,62.7,0.0048,0
41,Female,Analyst,Salaried,Married,2,77200.0,0.0,184000.0,0.0,92533.33333333333,18800.0,21900.0,4600.0,3300.0,2300.0,10700.0,16000.0,2500.0,8500.0,17600.0,1800.0,108000.0,Personal Loan,4178000.0,13.4,240,50140.0,0.0,0.0,4700.0,0.0,4700.0,628,828600.0,92800.0,1537900.0,No,Never,Low,Low,0.5927,8.18,-20166.67,36940.0,50.0,0.5305,1
29,Female,Analyst,Salaried,Single,2,29800.0,5700.0,0.0,0.0,35500.0,9900.0,17700.0,4500.0,5200.0,1500.0,6100.0,7000.0,1100.0,3600.0,20400.0,7900.0,84900.0,Business Loan,1206000.0,13.1,360,13440.0,0.0,0.0,0.0,2000.0,2000.0,552,49100.0,286900.0,106500.0,No,Occasionally,High,Moderate,0.4349,3.87,-51400.0,13980.0,41.0,0.9618,1
48,Male,Manager,Self-Employed,Single,2,28900.0,0.0,43000.0,0.0,32483.333333333332,10600.0,18400.0,2900.0,1100.0,2300.0,2400.0,7000.0,4400.0,4500.0,21500.0,3800.0,78900.0,Home Loan,471000.0,8.2,24,21350.0,0.0,6400.0,0.0,0.0,6400.0,466,122900.0,111800.0,828600.0,No,Never,Moderate,Low,0.8543,2.75,-52816.67,8220.0,26.2,0.9965,1
27,Female,Manager,Unemployed,Married,0,39900.0,22500.0,97000.0,0.0,70483.33333333333,21900.0,4400.0,7800.0,1600.0,2000.0,3300.0,0.0,8200.0,5200.0,24500.0,6200.0,85100.0,Vehicle Loan,1229000.0,14.6,60,28980.0,14800.0,0.0,0.0,3700.0,18500.0,551,226800.0,552500.0,963600.0,No,Never,Low,High,0.6736,7.52,-33116.67,13220.0,44.3,0.9809,1
36,Male,Business Owner,Salaried,Married,3,48400.0,3700.0,0.0,0.0,52100.0,11900.0,10300.0,3100.0,4400.0,2500.0,6900.0,16400.0,11000.0,7600.0,5500.0,6500.0,86100.0,Personal Loan,540000.0,12.9,36,18170.0,14000.0,0.0,0.0,5300.0,19300.0,555,187400.0,155000.0,565000.0,No,Never,Low,Moderate,0.7192,3.25,-53300.0,4140.0,37.0,0.9915,1
36,Female,Other,Salaried,Married,1,35300.0,0.0,0.0,0.0,35300.0,9500.0,6500.0,2400.0,5800.0,2200.0,4700.0,16300.0,12100.0,2400.0,19700.0,3200.0,84800.0,Vehicle Loan,1068000.0,11.5,24,50030.0,0.0,6100.0,0.0,0.0,6100.0,829,323700.0,289300.0,543700.0,No,Never,Low,Low,1.5901,6.74,-55600.0,9780.0,35.1,0.96,1
53,Male,Accountant,Salaried,Single,2,82500.0,0.0,52000.0,0.0,86833.33333333333,17700.0,21900.0,8200.0,4200.0,1300.0,10400.0,15200.0,2000.0,9200.0,18900.0,2500.0,111500.0,Education Loan,3275000.0,8.2,360,24490.0,0.0,0.0,0.0,0.0,0.0,370,101100.0,406700.0,2378200.0,No,Occasionally,Moderate,Moderate,0.282,4.55,-24666.67,39080.0,47.8,0.9672,1
24,Other,Sales Executive,Salaried,Married,1,58300.0,12800.0,87000.0,0.0,78350.0,20500.0,19700.0,9200.0,2300.0,2000.0,6400.0,7500.0,4800.0,4800.0,8600.0,2900.0,88700.0,Education Loan,2895000.0,10.6,60,62370.0,13400.0,0.0,0.0,4700.0,18100.0,485,250100.0,902700.0,1825000.0,Yes,Never,Low,Low,1.0271,10.79,-28450.0,17160.0,28.3,0.9914,1
24,Male,Software Engineer,Salaried,Married,0,60100.0,0.0,0.0,0.0,60100.0,9900.0,8700.0,8100.0,3600.0,1400.0,11100.0,0.0,11800.0,8600.0,11000.0,6400.0,80600.0,Vehicle Loan,3482000.0,16.8,360,49080.0,0.0,0.0,0.0,0.0,0.0,795,451200.0,73800.0,275400.0,No,Never,Low,High,0.8166,6.51,-20500.0,27040.0,47.3,0.5312,1
59,Female,Other,Salaried,Single,4,26000.0,15500.0,0.0,0.0,41500.0,8700.0,16100.0,8600.0,5900.0,1000.0,2100.0,5400.0,7700.0,11300.0,6100.0,6900.0,79800.0,Home Loan,883000.0,9.3,12,77340.0,11500.0,0.0,0.0,0.0,11500.0,460,114900.0,440600.0,956200.0,No,Occasionally,Moderate,Low,2.1407,6.08,-49800.0,7180.0,23.1,1.0,1
60,Female,Sales Executive,Business,Married,0,87900.0,0.0,0.0,152400.0,240300.0,36600.0,6000.0,6800.0,3600.0,1000.0,8400.0,0.0,3600.0,10600.0,23000.0,5900.0,105500.0,Vehicle Loan,11274000.0,9.8,48,284860.0,0.0,22100.0,0.0,0.0,22100.0,535,2022000.0,1531300.0,2832100.0,Yes,Never,Moderate,High,1.2774,27.85,112700.0,86040.0,53.5,0.2994,0
37,Female,Other,Salaried,Single,0,12000.0,8500.0,0.0,0.0,20500.0,2200.0,8600.0,9100.0,2900.0,1300.0,10700.0,0.0,6500.0,9100.0,22200.0,4100.0,76700.0,Vehicle Loan,918000.0,9.7,12,80580.0,0.0,0.0,0.0,5500.0,5500.0,461,74500.0,145700.0,242900.0,No,Never,Moderate,Moderate,4.199,2.68,-61700.0,3720.0,16.7,1.0,1
57,Male,Sales Executive,Business,Married,2,74400.0,0.0,0.0,116800.0,191200.0,47300.0,13200.0,6000.0,2900.0,700.0,4200.0,12500.0,4800.0,3100.0,16100.0,2800.0,113600.0,Vehicle Loan,1601000.0,16.9,60,39700.0,0.0,0.0,0.0,0.0,0.0,574,301200.0,1479700.0,4346800.0,No,Never,Moderate,Moderate,0.2076,15.68,77600.0,86040.0,80.9,0.0429,0
59,Male,Doctor,Self-Employed,Married,2,78200.0,11800.0,130000.0,0.0,100833.33333333333,31900.0,18500.0,9900.0,5800.0,900.0,2500.0,10900.0,1700.0,9100.0,13800.0,4000.0,109000.0,Vehicle Loan,5662000.0,14.8,60,134100.0,0.0,0.0,0.0,0.0,0.0,803,547800.0,1351300.0,1390500.0,No,Occasionally,Low,Low,1.3299,17.42,-8166.67,45380.0,42.1,0.307,0
49,Female,Manager,Self-Employed,Married,2,39500.0,0.0,0.0,0.0,39500.0,4200.0,20100.0,2800.0,4600.0,1500.0,6000.0,10800.0,11700.0,8000.0,7400.0,7400.0,84500.0,Home Loan,2221000.0,16.8,180,33870.0,0.0,0.0,0.0,9100.0,9100.0,459,211600.0,608200.0,85900.0,No,Never,Moderate,Low,1.0878,8.76,-54100.0,8680.0,32.2,0.9974,1
56,Male,Accountant,Salaried,Married,1,92600.0,0.0,154000.0,0.0,105433.33333333333,15700.0,16500.0,8500.0,4400.0,2400.0,11600.0,12400.0,5100.0,9500.0,20200.0,7000.0,113300.0,Business Loan,2825000.0,17.1,180,43680.0,0.0,7700.0,0.0,0.0,7700.0,311,91900.0,765900.0,780500.0,No,Frequently,High,Low,0.4873,7.09,-15566.67,39740.0,38.0,0.9927,1
58,Male,Teacher,Salaried,Married,1,47500.0,0.0,108000.0,0.0,56500.0,12200.0,15100.0,7100.0,2200.0,1700.0,8000.0,10100.0,14200.0,10600.0,2200.0,3300.0,86700.0,Business Loan,1580000.0,17.2,240,23420.0,0.0,0.0,0.0,8500.0,8500.0,505,413600.0,1049500.0,1516400.0,Yes,Never,Low,Low,0.565,15.37,-38700.0,16920.0,52.3,0.7468,1
59,Female,Doctor,Salaried,Single,3,50600.0,0.0,0.0,0.0,50600.0,13500.0,20700.0,6600.0,3800.0,1300.0,8100.0,7200.0,13400.0,4400.0,12600.0,3300.0,94900.0,Personal Loan,2534000.0,12.6,120,37240.0,0.0,0.0,0.0,13000.0,13000.0,632,93400.0,768000.0,898600.0,No,Occasionally,Low,Low,0.9929,7.98,-57300.0,9770.0,32.7,0.9765,1
57,Female,Manager,Salaried,Married,0,58100.0,0.0,109000.0,0.0,67183.33333333333,9600.0,14300.0,7800.0,2800.0,1000.0,8400.0,0.0,11000.0,8100.0,21800.0,6500.0,91300.0,Home Loan,2165000.0,12.5,36,72430.0,0.0,0.0,0.0,0.0,0.0,524,169800.0,582700.0,1737800.0,No,Never,Low,High,1.0781,8.24,-24116.67,30230.0,29.2,0.9917,1
55,Male,Analyst,Salaried,Married,3,241200.0,0.0,304000.0,0.0,266533.3333333333,30400.0,16700.0,8700.0,2200.0,900.0,1400.0,16400.0,5600.0,4000.0,16200.0,4000.0,106500.0,Home Loan,13048000.0,16.2,360,177570.0,0.0,0.0,0.0,9400.0,9400.0,711,1557500.0,761800.0,2440000.0,No,Occasionally,Low,Moderate,0.7015,20.01,150633.33,110540.0,74.9,0.0199,0
27,Male,Manager,Unemployed,Single,0,96000.0,8300.0,0.0,0.0,104300.0,24000.0,8700.0,8900.0,5500.0,1800.0,5900.0,0.0,4900.0,4800.0,16600.0,5000.0,86100.0,Home Loan,729000.0,11.0,60,15850.0,0.0,10300.0,0.0,0.0,10300.0,448,934800.0,1214700.0,2155700.0,Yes,Never,Low,Moderate,0.2507,22.3,7900.0,36640.0,60.5,0.3044,0
47,Male,Other,Self-Employed,Single,2,69600.0,0.0,0.0,0.0,69600.0,21200.0,12000.0,3400.0,2900.0,2200.0,1900.0,14000.0,7700.0,6700.0,3600.0,4000.0,79600.0,Education Loan,1306000.0,7.7,360,9310.0,0.0,0.0,10400.0,0.0,10400.0,667,48400.0,881200.0,1639700.0,No,Occasionally,Low,Moderate,0.2832,10.33,-20400.0,20920.0,60.2,0.2182,0
48,Female,Business Owner,Self-Employed,Married,0,31100.0,21700.0,54000.0,0.0,57300.0,6200.0,13500.0,3600.0,2400.0,1300.0,4500.0,0.0,6000.0,5800.0,8600.0,2700.0,54600.0,Home Loan,573000.0,11.0,60,12460.0,12600.0,0.0,0.0,5800.0,18400.0,765,476500.0,205700.0,314400.0,No,Never,Moderate,Moderate,0.5386,9.35,-15700.0,7380.0,51.4,0.1891,0
42,Female,Doctor,Business,Single,1,52700.0,0.0,122000.0,36000.0,98866.66666666666,18500.0,19400.0,2100.0,5700.0,1600.0,10000.0,4000.0,13600.0,7600.0,17500.0,2300.0,102300.0,Education Loan,2964000.0,15.0,36,102750.0,15600.0,0.0,8000.0,3100.0,26700.0,719,757800.0,1699400.0,69200.0,No,Never,Moderate,High,1.3093,19.05,-30133.33,17790.0,33.3,0.632,1
34,Female,Analyst,Salaried,Single,3,32600.0,0.0,0.0,0.0,32600.0,8700.0,18100.0,3100.0,2000.0,1900.0,8200.0,10200.0,2700.0,9300.0,3100.0,2000.0,69300.0,Business Loan,1695000.0,8.8,180,16990.0,0.0,0.0,0.0,0.0,0.0,634,66400.0,268900.0,620500.0,Yes,Never,Moderate,Moderate,0.5212,4.84,-36700.0,14670.0,43.7,0.8599,1
27,Female,Other,Salaried,Married,1,73900.0,0.0,0.0,0.0,73900.0,9800.0,18800.0,4100.0,4700.0,600.0,12000.0,3200.0,11100.0,7700.0,9600.0,1100.0,82700.0,Business Loan,2685000.0,15.7,360,35460.0,0.0,0.0,0.0,0.0,0.0,696,298800.0,287800.0,1279000.0,Yes,Never,Low,Moderate,0.4798,7.09,-8800.0,33260.0,61.5,0.3593,0
57,Male,Accountant,Salaried,Single,2,52600.0,21800.0,0.0,0.0,74400.0,11800.0,8200.0,7800.0,4300.0,1200.0,2900.0,14300.0,9600.0,11700.0,10100.0,3000.0,84900.0,Education Loan,2501000.0,16.1,12,227040.0,0.0,0.0,0.0,0.0,0.0,670,677500.0,810700.0,88900.0,No,Never,High,Moderate,3.0516,17.53,-10500.0,33480.0,27.5,0.9999,1
42,Male,Manager,Salaried,Divorced,2,27900.0,6600.0,0.0,0.0,34500.0,8100.0,19100.0,5800.0,5600.0,2000.0,5400.0,11600.0,12300.0,9100.0,13500.0,2200.0,94700.0,Vehicle Loan,867000.0,8.6,36,27410.0,0.0,0.0,0.0,7300.0,7300.0,773,65200.0,311100.0,425200.0,No,Never,Moderate,High,1.0061,3.69,-67500.0,8220.0,35.8,0.9165,1
25,Male,Analyst,Self-Employed,Single,2,51100.0,0.0,0.0,0.0,51100.0,17300.0,20000.0,8100.0,5200.0,1900.0,9900.0,5200.0,8600.0,11800.0,10300.0,2800.0,101100.0,Business Loan,434000.0,8.5,180,4270.0,15200.0,0.0,0.0,0.0,15200.0,309,79600.0,674600.0,863700.0,No,Never,High,Moderate,0.381,6.48,-65200.0,7800.0,38.5,0.9954,1
22,Male,Other,Salaried,Married,3,32100.0,22000.0,34000.0,0.0,56933.333333333336,9800.0,18800.0,5900.0,4500.0,600.0,3400.0,12200.0,9800.0,9200.0,12400.0,1500.0,88100.0,Vehicle Loan,2685000.0,9.6,360,22770.0,11400.0,0.0,0.0,2100.0,13500.0,535,426100.0,243600.0,362200.0,Yes,Occasionally,Low,Moderate,0.6371,6.59,-44666.67,12120.0,41.3,0.9438,1
47,Female,Business Owner,Salaried,Married,1,52900.0,0.0,77000.0,0.0,59316.666666666664,13200.0,19100.0,6400.0,2600.0,1000.0,2700.0,18300.0,14500.0,6600.0,14600.0,3400.0,102400.0,Personal Loan,2159000.0,11.2,48,56010.0,0.0,0.0,0.0,0.0,0.0,757,295000.0,82700.0,171800.0,No,Occasionally,Moderate,High,0.9443,3.69,-43083.33,26690.0,37.2,0.8712,1
41,Female,Manager,Salaried,Married,0,31900.0,0.0,0.0,0.0,31900.0,6400.0,12300.0,2900.0,3500.0,1900.0,5700.0,0.0,2300.0,5500.0,5000.0,4600.0,50100.0,Education Loan,1793000.0,13.1,60,40890.0,0.0,0.0,0.0,4300.0,4300.0,508,102100.0,320700.0,766800.0,No,Never,Low,Low,1.4166,7.77,-22500.0,10060.0,21.7,0.9984,1
58,Male,Accountant,Salaried,Single,0,49700.0,0.0,28000.0,0.0,52033.333333333336,16900.0,7400.0,8200.0,5700.0,1000.0,5200.0,0.0,2500.0,9100.0,6200.0,7600.0,69800.0,Personal Loan,1496000.0,12.6,240,17100.0,0.0,2600.0,0.0,11900.0,14500.0,865,111000.0,207400.0,1444000.0,Yes,Occasionally,Moderate,Moderate,0.6073,3.78,-32266.67,8920.0,55.2,0.5186,1
35,Male,Business Owner,Salaried,Divorced,0,71300.0,0.0,0.0,0.0,71300.0,8400.0,7000.0,8100.0,1100.0,2100.0,11800.0,0.0,6500.0,8600.0,21100.0,3400.0,78100.0,Education Loan,1931000.0,16.5,48,55220.0,0.0,11200.0,0.0,0.0,11200.0,783,524800.0,283200.0,957200.0,No,Never,Moderate,Moderate,0.9316,9.05,-18000.0,20880.0,40.7,0.6222,1
41,Female,Sales Executive,Self-Employed,Married,0,47700.0,0.0,0.0,0.0,47700.0,11500.0,11800.0,4500.0,5000.0,600.0,6000.0,0.0,7600.0,8400.0,12600.0,1200.0,69200.0,Personal Loan,2795000.0,9.0,24,127690.0,0.0,0.0,3000.0,0.0,3000.0,379,223000.0,662100.0,191700.0,Yes,Occasionally,Low,Low,2.7398,12.26,-24500.0,18460.0,30.2,1.0,1
30,Female,Other,Salaried,Married,1,40300.0,22500.0,118000.0,0.0,72633.33333333333,22600.0,18700.0,4600.0,2300.0,900.0,10500.0,16800.0,3800.0,8900.0,10200.0,3500.0,102800.0,Personal Loan,927000.0,14.8,180,12850.0,13400.0,13100.0,0.0,0.0,26500.0,356,201500.0,429700.0,918000.0,No,Never,High,Moderate,0.5418,4.88,-56666.67,6180.0,35.9,0.9965,1
43,Male,Manager,Salaried,Single,0,54300.0,0.0,0.0,0.0,54300.0,18800.0,5000.0,3800.0,1900.0,1100.0,10800.0,0.0,2200.0,10600.0,12000.0,6700.0,72900.0,Home Loan,1025000.0,13.3,24,48870.0,0.0,0.0,3600.0,0.0,3600.0,809,513800.0,920900.0,454700.0,No,Never,Low,Moderate,0.9663,18.75,-22200.0,20840.0,46.6,0.0961,0
59,Female,Manager,Salaried,Single,0,69500.0,14100.0,0.0,0.0,83600.0,23000.0,12500.0,8500.0,2200.0,2400.0,2700.0,0.0,1300.0,3500.0,6000.0,3400.0,65500.0,Business Loan,2663000.0,15.2,120,43290.0,22800.0,11400.0,0.0,4600.0,38800.0,626,487400.0,901200.0,1230200.0,No,Frequently,Low,Low,0.9819,13.31,-20700.0,0.0,39.2,0.6985,1
25,Female,Analyst,Salaried,Married,0,28200.0,0.0,50000.0,0.0,32366.666666666668,6300.0,14800.0,8000.0,1300.0,2100.0,8900.0,0.0,11700.0,7200.0,7500.0,3000.0,70800.0,Education Loan,1094000.0,11.1,180,12500.0,8100.0,0.0,0.0,11900.0,20000.0,731,124800.0,406300.0,8800.0,No,Frequently,Low,Moderate,1.0041,5.85,-58433.33,0.0,40.7,0.9116,1
21,Male,Accountant,Salaried,Single,2,55800.0,0.0,0.0,0.0,55800.0,11300.0,9600.0,6900.0,6000.0,2300.0,4100.0,9200.0,7800.0,7600.0,13900.0,7400.0,86100.0,Business Loan,1963000.0,12.4,240,22160.0,0.0,0.0,0.0,0.0,0.0,388,409400.0,396000.0,1451300.0,No,Frequently,Low,Low,0.3971,9.35,-30300.0,25110.0,41.7,0.9485,1
33,Female,Teacher,Unemployed,Married,1,94700.0,16400.0,104000.0,0.0,119766.66666666667,22500.0,7600.0,3900.0,5300.0,1400.0,2000.0,4600.0,12800.0,4200.0,10300.0,3100.0,77700.0,Home Loan,1996000.0,7.8,60,40280.0,0.0,0.0,12300.0,4100.0,16400.0,720,624700.0,629100.0,208800.0,No,Occasionally,Low,Low,0.4733,13.32,25666.67,37500.0,69.2,0.1321,0
41,Male,Sales Executive,Salaried,Single,1,65300.0,12300.0,0.0,0.0,77600.0,19500.0,11100.0,3400.0,3600.0,2100.0,10600.0,5600.0,6100.0,11900.0,12900.0,7800.0,94600.0,Business Loan,4344000.0,8.7,12,379290.0,21300.0,9000.0,0.0,0.0,30300.0,566,45700.0,312000.0,1000700.0,No,Never,Moderate,Moderate,5.2782,2.86,-47300.0,4620.0,20.8,1.0,1
46,Female,Business Owner,Salaried,Married,3,50500.0,22900.0,0.0,0.0,73400.0,20900.0,13800.0,2400.0,4600.0,2200.0,4200.0,15100.0,10800.0,9600.0,5400.0,6800.0,95800.0,Education Loan,3207000.0,11.4,36,105600.0,0.0,4800.0,0.0,13800.0,18600.0,370,622900.0,1059500.0,1455800.0,No,Never,Moderate,Moderate,1.6921,14.71,-41000.0,14430.0,24.1,0.9998,1
41,Other,Doctor,Salaried,Divorced,0,67500.0,0.0,77000.0,0.0,73916.66666666667,22500.0,6800.0,2400.0,3800.0,1300.0,4800.0,0.0,7800.0,4500.0,5600.0,5800.0,65300.0,Home Loan,1420000.0,12.6,360,15270.0,0.0,0.0,6400.0,4700.0,11100.0,449,83500.0,1041700.0,1443900.0,Yes,Never,Moderate,Moderate,0.3568,14.73,-2483.33,22160.0,54.4,0.5908,1
38,Female,Doctor,Self-Employed,Married,4,61500.0,13800.0,176000.0,0.0,89966.66666666667,18400.0,14800.0,3500.0,5100.0,2500.0,4600.0,6400.0,9600.0,4900.0,10800.0,5200.0,85800.0,Vehicle Loan,1906000.0,8.4,120,23530.0,17800.0,15700.0,0.0,4000.0,37500.0,821,890600.0,932100.0,804900.0,Yes,Never,High,Moderate,0.6784,14.78,-33333.33,2980.0,60.4,0.0623,0
57,Female,Manager,Salaried,Married,2,71500.0,11600.0,0.0,0.0,83100.0,23200.0,9800.0,2800.0,5200.0,2200.0,3200.0,16800.0,6200.0,8900.0,10700.0,2600.0,91600.0,Home Loan,4439000.0,16.2,60,108420.0,0.0,0.0,9700.0,0.0,9700.0,409,317600.0,1316700.0,1245400.0,No,Occasionally,Low,Moderate,1.4214,16.13,-18200.0,27700.0,27.1,0.9963,1
52,Male,Analyst,Salaried,Married,0,17800.0,0.0,44000.0,0.0,21466.666666666668,7100.0,12600.0,6400.0,2200.0,2400.0,5800.0,0.0,2100.0,1100.0,22300.0,6100.0,68100.0,Education Loan,556000.0,17.4,12,50820.0,0.0,0.0,0.0,8300.0,8300.0,382,117800.0,348800.0,320000.0,Yes,Occasionally,Low,Moderate,2.754,6.11,-54933.33,1360.0,20.7,1.0,1
56,Female,Software Engineer,Salaried,Married,2,22500.0,0.0,60000.0,0.0,27500.0,9100.0,17600.0,4900.0,3300.0,2200.0,5700.0,12600.0,14300.0,6100.0,2800.0,3400.0,82000.0,Personal Loan,979000.0,13.8,48,26650.0,0.0,0.0,0.0,1900.0,1900.0,507,274900.0,258500.0,108300.0,No,Occasionally,High,Moderate,1.0382,6.36,-56400.0,10480.0,28.5,0.9983,1
37,Female,Manager,Business,Divorced,2,81000.0,0.0,192000.0,143700.0,240700.0,66400.0,17800.0,5600.0,4200.0,2100.0,5500.0,5600.0,12700.0,4800.0,24800.0,4400.0,153900.0,Business Loan,2798000.0,8.1,60,56870.0,38100.0,0.0,0.0,0.0,38100.0,482,735900.0,3218600.0,2689200.0,No,Occasionally,Low,Moderate,0.3946,20.6,48700.0,70220.0,59.6,0.1158,0
55,Female,Doctor,Salaried,Married,1,23100.0,0.0,0.0,0.0,23100.0,6000.0,13500.0,6800.0,5900.0,2400.0,11100.0,6300.0,5400.0,10400.0,24000.0,1700.0,93500.0,Personal Loan,435000.0,15.3,24,21150.0,4300.0,0.0,0.0,8500.0,12800.0,619,113100.0,423400.0,82700.0,No,Never,Low,Low,1.4697,5.05,-83200.0,0.0,22.4,0.994,1
31,Female,Doctor,Salaried,Married,3,59900.0,0.0,107000.0,0.0,68816.66666666667,16000.0,23300.0,7300.0,4400.0,1300.0,4700.0,5100.0,14400.0,9700.0,14500.0,3100.0,103800.0,Vehicle Loan,1921000.0,9.8,60,40630.0,0.0,0.0,5700.0,0.0,5700.0,433,527900.0,175300.0,117900.0,No,Never,Low,High,0.6732,6.42,-40683.33,25270.0,35.8,0.987,1
41,Female,Sales Executive,Salaried,Single,0,41100.0,15600.0,66000.0,0.0,62200.0,9100.0,16300.0,7200.0,5500.0,2100.0,1300.0,0.0,5200.0,4700.0,18500.0,4700.0,74600.0,Personal Loan,2556000.0,15.2,36,88860.0,0.0,0.0,0.0,10700.0,10700.0,305,307000.0,76500.0,103800.0,No,Occasionally,Moderate,High,1.6006,4.5,-23100.0,17290.0,13.3,1.0,1
46,Female,Software Engineer,Salaried,Married,0,29800.0,0.0,38000.0,0.0,32966.666666666664,4300.0,17400.0,4100.0,5200.0,900.0,3000.0,0.0,7200.0,10500.0,23500.0,4300.0,80400.0,Business Loan,673000.0,12.1,240,7460.0,0.0,5700.0,0.0,8300.0,14000.0,317,121000.0,329500.0,430200.0,No,Occasionally,Moderate,Moderate,0.651,4.77,-61433.33,840.0,24.2,0.9986,1
24,Male,Manager,Business,Single,0,58400.0,18500.0,0.0,95700.0,172600.0,38200.0,9400.0,8500.0,3900.0,2000.0,8900.0,0.0,11600.0,11000.0,7800.0,3400.0,104700.0,Personal Loan,9889000.0,8.1,12,860690.0,42500.0,0.0,0.0,10900.0,53400.0,590,284100.0,1260500.0,3777900.0,No,Never,Moderate,Moderate,5.296,9.77,14500.0,24270.0,35.2,1.0,1
54,Female,Sales Executive,Business,Married,0,54200.0,9200.0,0.0,38900.0,102300.0,14300.0,16300.0,9300.0,5500.0,2100.0,7500.0,0.0,5300.0,7100.0,9300.0,4300.0,81000.0,Home Loan,1751000.0,10.4,48,44750.0,27900.0,0.0,0.0,0.0,27900.0,851,549800.0,271400.0,3021600.0,No,Never,High,Moderate,0.7102,7.54,-6600.0,18140.0,50.5,0.1487,0
38,Female,Analyst,Salaried,Married,0,140800.0,0.0,92000.0,0.0,148466.66666666666,36300.0,14700.0,4500.0,2900.0,1900.0,11500.0,0.0,5500.0,2800.0,4600.0,6200.0,90900.0,Education Loan,7103000.0,12.0,360,73060.0,0.0,12900.0,11600.0,0.0,24500.0,412,852400.0,570900.0,2544200.0,No,Frequently,Low,Low,0.6571,12.33,33066.67,42310.0,48.5,0.7857,1
60,Female,Sales Executive,Business,Married,3,35900.0,0.0,0.0,29000.0,64900.0,17000.0,14800.0,2100.0,2900.0,2200.0,8600.0,4800.0,6700.0,9500.0,15000.0,4200.0,87800.0,Personal Loan,1626000.0,15.2,12,146910.0,12900.0,9800.0,0.0,14000.0,36700.0,710,176000.0,382400.0,582800.0,No,Frequently,High,Low,2.8291,4.49,-59600.0,0.0,29.3,1.0,1
55,Female,Manager,Self-Employed,Married,0,100700.0,0.0,108000.0,0.0,109700.0,25400.0,5500.0,9200.0,4900.0,1300.0,3100.0,0.0,7600.0,4500.0,5700.0,4500.0,71700.0,Education Loan,5577000.0,8.9,120,70350.0,20500.0,20900.0,10200.0,3900.0,55500.0,328,402800.0,316900.0,681600.0,Yes,Occasionally,Low,Low,1.1472,5.66,-17500.0,0.0,10.0,0.9994,1
61,Male,Other,Business,Married,1,58500.0,18600.0,159000.0,35800.0,126150.0,13800.0,15600.0,9400.0,1700.0,1600.0,2300.0,17400.0,2700.0,6800.0,23400.0,5900.0,100600.0,Education Loan,7035000.0,10.5,120,94930.0,0.0,0.0,0.0,1600.0,1600.0,519,421000.0,890900.0,2629600.0,No,Never,Low,Low,0.7652,12.84,23950.0,55170.0,55.3,0.6873,1
49,Male,Teacher,Salaried,Single,1,35200.0,3900.0,75000.0,0.0,45350.0,5200.0,7900.0,2400.0,2500.0,500.0,6700.0,7200.0,1200.0,1500.0,11900.0,6900.0,53900.0,Education Loan,693000.0,8.4,24,31470.0,10100.0,0.0,4600.0,0.0,14700.0,519,206800.0,159800.0,70400.0,No,Occasionally,Moderate,Low,1.0181,5.34,-23250.0,5710.0,30.2,0.9974,1
49,Female,Manager,Salaried,Married,3,73100.0,0.0,0.0,0.0,73100.0,9400.0,14100.0,2000.0,4000.0,800.0,8300.0,15000.0,13900.0,6500.0,23200.0,4700.0,101900.0,Home Loan,2341000.0,14.0,12,210190.0,0.0,0.0,0.0,1100.0,1100.0,482,590900.0,940700.0,575200.0,No,Never,Low,High,2.8904,14.87,-29900.0,31800.0,25.3,1.0,1
58,Female,Accountant,Salaried,Single,4,65000.0,3400.0,0.0,0.0,68400.0,9500.0,19000.0,8500.0,3100.0,1800.0,2800.0,3200.0,5900.0,5200.0,6700.0,7600.0,73300.0,Education Loan,923000.0,12.5,12,82220.0,19500.0,0.0,0.0,13400.0,32900.0,645,250300.0,973700.0,1412900.0,No,Occasionally,Low,Low,1.683,11.53,-37800.0,0.0,34.4,0.995,1
62,Male,Doctor,Self-Employed,Married,2,49900.0,0.0,106000.0,0.0,58733.333333333336,20400.0,17500.0,4400.0,5700.0,1600.0,7600.0,4600.0,2400.0,8500.0,18000.0,3500.0,94200.0,Personal Loan,2574000.0,17.3,60,64390.0,0.0,0.0,0.0,12600.0,12600.0,871,181400.0,924100.0,784100.0,No,Never,Low,Moderate,1.3108,10.35,-48066.67,13830.0,43.3,0.6068,1
41,Female,Software Engineer,Salaried,Single,4,56000.0,17000.0,134000.0,0.0,84166.66666666667,15700.0,25000.0,9300.0,5800.0,900.0,10500.0,13400.0,11600.0,1400.0,16900.0,2800.0,113300.0,Education Loan,4273000.0,15.3,60,102330.0,0.0,8700.0,0.0,0.0,8700.0,383,713600.0,1475100.0,1263000.0,No,Never,High,Moderate,1.3192,17.94,-37833.33,29180.0,22.5,0.9961,1
62,Male,Software Engineer,Salaried,Single,2,36400.0,0.0,69000.0,0.0,42150.0,7300.0,16300.0,3700.0,3500.0,1000.0,9000.0,6100.0,5100.0,7900.0,11200.0,5900.0,77000.0,Home Loan,1114000.0,15.7,180,16130.0,10100.0,0.0,0.0,0.0,10100.0,699,345900.0,44600.0,1233500.0,No,Never,Low,Low,0.6223,4.48,-44950.0,8870.0,44.2,0.7406,1
33,Female,Teacher,Salaried,Divorced,4,32400.0,0.0,92000.0,0.0,40066.666666666664,4500.0,21400.0,8900.0,3700.0,1200.0,8300.0,3500.0,3500.0,9500.0,22700.0,2200.0,89400.0,Education Loan,1075000.0,9.2,360,8800.0,0.0,0.0,0.0,0.0,0.0,504,322000.0,174400.0,486400.0,No,Occasionally,High,Moderate,0.2196,5.55,-49333.33,18030.0,50.7,0.858,1
61,Male,Accountant,Salaried,Single,2,71700.0,0.0,0.0,0.0,71700.0,18600.0,12300.0,2500.0,4600.0,1900.0,9700.0,10900.0,14500.0,1100.0,12000.0,7300.0,95400.0,Personal Loan,1162000.0,10.3,48,29640.0,22400.0,0.0,0.0,0.0,22400.0,873,541800.0,1181500.0,1280100.0,No,Occasionally,Moderate,Moderate,0.7258,14.63,-46100.0,9860.0,59.1,0.0613,0
37,Male,Doctor,Salaried,Married,0,43800.0,0.0,131000.0,0.0,54716.666666666664,14400.0,13600.0,4100.0,3300.0,1700.0,2100.0,0.0,13900.0,9200.0,6600.0,3700.0,72600.0,Home Loan,1196000.0,12.9,48,32030.0,0.0,6900.0,7000.0,12000.0,25900.0,591,489300.0,86400.0,1639200.0,No,Occasionally,Low,Moderate,1.0587,5.84,-43783.33,0.0,29.5,0.9878,1
29,Male,Software Engineer,Business,Single,1,47100.0,0.0,102000.0,73200.0,128800.0,18500.0,12100.0,9800.0,2000.0,600.0,3200.0,16600.0,2500.0,2400.0,24500.0,5900.0,98100.0,Vehicle Loan,2938000.0,7.6,180,27400.0,0.0,0.0,8300.0,0.0,8300.0,543,937100.0,1757300.0,2652100.0,No,Never,Low,Moderate,0.2772,25.32,22400.0,49660.0,66.2,0.0133,0
61,Male,Accountant,Salaried,Married,2,56400.0,23300.0,160000.0,0.0,93033.33333333333,30700.0,20000.0,3800.0,4700.0,2000.0,1400.0,16900.0,13600.0,8700.0,12200.0,5000.0,119000.0,Vehicle Loan,1261000.0,16.6,360,17570.0,0.0,0.0,0.0,0.0,0.0,672,196200.0,412500.0,1435900.0,No,Never,Moderate,High,0.1889,5.12,-25966.67,41860.0,59.5,0.2868,0
21,Male,Sales Executive,Business,Married,1,56000.0,0.0,85000.0,55800.0,118883.33333333334,35700.0,11500.0,3100.0,4700.0,1000.0,2600.0,13400.0,13500.0,6000.0,6800.0,1400.0,99700.0,Personal Loan,2621000.0,15.7,180,37950.0,0.0,0.0,0.0,14300.0,14300.0,798,96700.0,1262800.0,1155200.0,No,Occasionally,Low,High,0.4395,11.93,4883.33,39200.0,65.2,0.0398,0
22,Male,Manager,Salaried,Single,0,24000.0,22700.0,0.0,0.0,46700.0,7400.0,10600.0,8900.0,2200.0,1800.0,11000.0,0.0,9900.0,7100.0,10400.0,6000.0,75300.0,Business Loan,2564000.0,8.1,240,21610.0,0.0,9000.0,0.0,0.0,9000.0,840,104000.0,900600.0,1368000.0,No,Never,Moderate,Moderate,0.6555,11.92,-37600.0,12020.0,61.1,0.1128,0
49,Male,Manager,Salaried,Single,1,93300.0,0.0,0.0,0.0,93300.0,20700.0,12100.0,2900.0,5200.0,700.0,3400.0,10800.0,8400.0,4700.0,16100.0,6500.0,91500.0,Education Loan,2136000.0,16.4,180,31970.0,0.0,0.0,0.0,0.0,0.0,737,369800.0,1243200.0,822400.0,Yes,Frequently,Moderate,Low,0.3427,17.63,1800.0,41980.0,69.3,0.0083,0
53,Female,Other,Salaried,Married,3,52100.0,24100.0,0.0,0.0,76200.0,16400.0,21400.0,2800.0,4100.0,2500.0,8300.0,14900.0,4000.0,3700.0,13800.0,7900.0,99800.0,Business Loan,1531000.0,7.5,360,10700.0,0.0,0.0,0.0,0.0,0.0,484,76400.0,609300.0,264800.0,No,Never,High,Moderate,0.1404,6.87,-23600.0,34290.0,55.7,0.7033,1
30,Female,Doctor,Salaried,Single,0,44300.0,20700.0,0.0,0.0,65000.0,12200.0,17400.0,4600.0,2200.0,700.0,8600.0,0.0,2700.0,1800.0,16600.0,3900.0,70700.0,Home Loan,1700000.0,8.7,120,21260.0,0.0,0.0,0.0,0.0,0.0,461,499900.0,915900.0,1805400.0,No,Never,Low,Moderate,0.3271,20.03,-5700.0,29250.0,59.4,0.1687,0
60,Male,Accountant,Salaried,Married,2,60800.0,21300.0,0.0,0.0,82100.0,25000.0,12600.0,7100.0,4300.0,2000.0,8100.0,8700.0,9500.0,10500.0,17200.0,4500.0,109500.0,Education Loan,4747000.0,8.1,360,35160.0,0.0,0.0,0.0,0.0,0.0,635,541200.0,90800.0,785700.0,No,Occasionally,High,Moderate,0.4283,5.77,-27400.0,36940.0,46.3,0.7442,1
41,Other,Business Owner,Self-Employed,Single,2,55200.0,0.0,50000.0,0.0,59366.666666666664,7600.0,14700.0,7700.0,2200.0,1600.0,7100.0,17000.0,12500.0,7700.0,4800.0,7100.0,90000.0,Business Loan,2793000.0,12.5,36,93440.0,0.0,3400.0,0.0,0.0,3400.0,842,434600.0,1131500.0,1048800.0,No,Frequently,Low,Moderate,1.6312,16.77,-34033.33,23320.0,41.9,0.8398,1
48,Male,Software Engineer,Salaried,Single,4,71900.0,0.0,0.0,0.0,71900.0,14700.0,21900.0,9000.0,2300.0,700.0,6300.0,9900.0,10600.0,11800.0,9200.0,2900.0,99300.0,Personal Loan,1157000.0,15.7,48,32610.0,0.0,0.0,0.0,0.0,0.0,668,101400.0,542400.0,1393200.0,Yes,Frequently,Moderate,High,0.4535,6.48,-27400.0,32360.0,53.1,0.4952,1
31,Female,Analyst,Self-Employed,Married,3,64200.0,19900.0,155000.0,0.0,97016.66666666667,20100.0,22500.0,6300.0,5200.0,600.0,5600.0,13600.0,3500.0,10400.0,19200.0,2300.0,109300.0,Home Loan,4501000.0,9.4,360,37520.0,0.0,0.0,14200.0,0.0,14200.0,673,351500.0,1903700.0,759400.0,Yes,Occasionally,High,Moderate,0.5331,18.26,-26483.33,29460.0,57.4,0.0796,0
54,Female,Analyst,Salaried,Single,2,70200.0,0.0,0.0,0.0,70200.0,15200.0,14900.0,5100.0,5600.0,1200.0,11100.0,4600.0,5100.0,10600.0,17000.0,1900.0,92300.0,Education Loan,3309000.0,15.6,24,161390.0,0.0,0.0,8000.0,13100.0,21100.0,678,341500.0,972400.0,891700.0,No,Occasionally,Moderate,Moderate,2.5996,11.59,-43200.0,10490.0,35.2,0.9999,1
28,Male,Manager,Salaried,Married,1,96300.0,0.0,0.0,0.0,96300.0,30400.0,7500.0,4900.0,2300.0,2100.0,1100.0,16200.0,8600.0,7600.0,4000.0,7800.0,92500.0,Vehicle Loan,5514000.0,9.4,24,252920.0,0.0,13700.0,10300.0,11700.0,35700.0,386,599400.0,622100.0,449200.0,No,Occasionally,High,Low,2.9971,9.53,-31900.0,7640.0,23.6,1.0,1
42,Male,Business Owner,Salaried,Single,0,76300.0,0.0,0.0,0.0,76300.0,11800.0,9200.0,8800.0,5600.0,600.0,1600.0,0.0,9700.0,1900.0,9200.0,2900.0,61300.0,Education Loan,4121000.0,17.9,240,63280.0,18600.0,9300.0,0.0,0.0,27900.0,775,620000.0,968300.0,2024700.0,No,Occasionally,High,Moderate,1.195,17.81,-12900.0,6440.0,41.7,0.2439,0
28,Male,Analyst,Salaried,Single,1,45200.0,24100.0,0.0,0.0,69300.0,8700.0,13700.0,7800.0,2200.0,1900.0,6400.0,17600.0,2000.0,11000.0,23400.0,6300.0,101000.0,Home Loan,709000.0,16.5,120,12100.0,0.0,0.0,0.0,0.0,0.0,401,677800.0,570000.0,1215200.0,No,Occasionally,Moderate,Low,0.1746,12.35,-31700.0,31180.0,59.8,0.8168,1
35,Male,Teacher,Salaried,Divorced,2,28000.0,13500.0,80000.0,0.0,48166.666666666664,12300.0,13800.0,9200.0,1600.0,1800.0,4600.0,4800.0,9600.0,2300.0,21800.0,4100.0,85900.0,Vehicle Loan,1445000.0,15.2,60,34530.0,14300.0,0.0,0.0,0.0,14300.0,629,61700.0,636400.0,1286400.0,No,Never,Moderate,Moderate,1.0138,6.97,-52033.33,7380.0,31.0,0.9476,1
37,Female,Teacher,Salaried,Married,3,112900.0,11200.0,0.0,0.0,124100.0,17800.0,12600.0,9700.0,1300.0,1000.0,5500.0,18100.0,11300.0,6700.0,17400.0,2700.0,104100.0,Personal Loan,5419000.0,13.7,24,259410.0,39600.0,20000.0,0.0,0.0,59600.0,746,818500.0,1988400.0,957300.0,Yes,Occasionally,Low,Low,2.5706,17.15,-39600.0,0.0,39.9,0.9985,1
43,Male,Doctor,Salaried,Married,2,43500.0,0.0,0.0,0.0,43500.0,5200.0,8500.0,4400.0,2200.0,700.0,12000.0,9200.0,3500.0,10400.0,3700.0,7400.0,67200.0,Education Loan,2546000.0,10.0,12,223830.0,14000.0,0.0,0.0,0.0,14000.0,402,77500.0,432600.0,827400.0,Yes,Occasionally,Low,High,5.4674,6.28,-37700.0,5580.0,17.1,1.0,1
44,Male,Business Owner,Salaried,Single,0,38700.0,0.0,76000.0,0.0,45033.333333333336,9300.0,13600.0,6200.0,2900.0,2300.0,9500.0,0.0,4400.0,6200.0,16000.0,4200.0,74600.0,Business Loan,436000.0,8.8,36,13820.0,0.0,7600.0,0.0,12100.0,19700.0,431,150800.0,235100.0,294500.0,No,Frequently,Low,Low,0.7443,4.09,-49266.67,560.0,33.1,0.9965,1
39,Male,Teacher,Salaried,Married,1,20600.0,11600.0,0.0,0.0,32200.0,5000.0,19900.0,7100.0,5600.0,1100.0,10700.0,17400.0,4600.0,2800.0,2300.0,5000.0,81500.0,Business Loan,813000.0,12.3,120,11810.0,0.0,0.0,0.0,0.0,0.0,800,252300.0,632700.0,279200.0,No,Never,Moderate,High,0.3668,10.86,-49300.0,14490.0,67.2,0.0912,0
25,Male,Teacher,Self-Employed,Married,0,58100.0,0.0,0.0,0.0,58100.0,11100.0,16900.0,3300.0,2200.0,700.0,5100.0,0.0,14200.0,5100.0,17200.0,2600.0,78400.0,Personal Loan,1863000.0,11.7,60,41160.0,11000.0,0.0,0.0,0.0,11000.0,740,577700.0,513600.0,629500.0,No,Never,Moderate,Moderate,0.8978,12.21,-31300.0,15140.0,47.1,0.5235,1
52,Female,Manager,Salaried,Single,0,52800.0,0.0,0.0,0.0,52800.0,8700.0,13600.0,2400.0,2800.0,1900.0,3600.0,0.0,6700.0,11900.0,18800.0,3300.0,73700.0,Home Loan,1464000.0,14.6,120,23260.0,0.0,5500.0,7600.0,0.0,13100.0,851,290500.0,229800.0,870300.0,No,Never,Moderate,High,0.6886,5.99,-34000.0,10660.0,54.9,0.3251,0
64,Male,Analyst,Salaried,Married,0,23000.0,0.0,0.0,0.0,23000.0,2800.0,15800.0,8900.0,4700.0,900.0,9400.0,0.0,8400.0,12000.0,13400.0,6200.0,82500.0,Personal Loan,692000.0,9.3,180,7140.0,0.0,0.0,0.0,10200.0,10200.0,306,88700.0,346000.0,383500.0,No,Occasionally,Moderate,Moderate,0.7539,4.69,-69700.0,150.0,25.8,0.9993,1
21,Female,Doctor,Self-Employed,Married,0,61500.0,0.0,0.0,0.0,61500.0,14800.0,7600.0,6300.0,2500.0,1500.0,9900.0,0.0,11100.0,8800.0,2100.0,3400.0,68000.0,Home Loan,1556000.0,13.4,180,20100.0,12800.0,0.0,0.0,0.0,12800.0,777,155800.0,827200.0,369600.0,No,Never,High,Low,0.535,12.17,-19300.0,14880.0,57.2,0.0397,0
43,Male,Accountant,Salaried,Single,2,38200.0,0.0,0.0,0.0,38200.0,4100.0,16700.0,6600.0,4400.0,600.0,7000.0,15000.0,6200.0,10800.0,17300.0,4500.0,93200.0,Vehicle Loan,2230000.0,14.8,36,77090.0,0.0,0.0,0.0,0.0,0.0,305,303100.0,630900.0,52800.0,No,Never,Low,Low,2.0181,10.02,-55000.0,17190.0,18.3,1.0,1
57,Male,Sales Executive,Salaried,Married,0,188200.0,0.0,314000.0,0.0,214366.66666666666,73200.0,4800.0,6400.0,3200.0,2500.0,10900.0,0.0,2500.0,1500.0,20900.0,1800.0,127700.0,Home Loan,10542000.0,10.6,240,105960.0,0.0,0.0,0.0,0.0,0.0,852,1947600.0,221200.0,4965400.0,No,Never,High,Moderate,0.4943,16.98,86666.67,96460.0,88.4,0.0026,0
28,Female,Software Engineer,Salaried,Married,0,36900.0,0.0,53000.0,0.0,41316.666666666664,7700.0,13900.0,8000.0,2000.0,1400.0,11600.0,0.0,10200.0,4000.0,15500.0,7000.0,81300.0,Vehicle Loan,1881000.0,15.7,240,25750.0,6900.0,0.0,3500.0,4000.0,14400.0,336,353700.0,314000.0,652000.0,No,Never,Moderate,High,0.9718,6.98,-54383.33,4190.0,22.8,0.9994,1
33,Male,Software Engineer,Salaried,Single,4,39400.0,0.0,0.0,0.0,39400.0,10800.0,25600.0,3200.0,4700.0,2500.0,6200.0,4200.0,10300.0,5100.0,18300.0,6200.0,97100.0,Education Loan,1087000.0,12.0,36,36100.0,8500.0,3100.0,0.0,3800.0,15400.0,516,210500.0,274900.0,370300.0,No,Never,High,Moderate,1.3071,4.31,-73100.0,2330.0,21.4,0.9991,1
28,Female,Sales Executive,Self-Employed,Married,1,31700.0,8900.0,0.0,0.0,40600.0,12300.0,18100.0,6900.0,1100.0,1300.0,3400.0,15200.0,4600.0,1100.0,4100.0,6300.0,74400.0,Education Loan,2171000.0,9.2,120,27740.0,0.0,0.0,3900.0,0.0,3900.0,830,247500.0,753200.0,64300.0,No,Never,High,Moderate,0.7793,12.78,-37700.0,14370.0,56.7,0.2294,0
43,Female,Sales Executive,Salaried,Single,0,92900.0,0.0,0.0,0.0,92900.0,15800.0,11500.0,5800.0,2500.0,1200.0,6700.0,0.0,1500.0,5100.0,18500.0,2200.0,70800.0,Personal Loan,941000.0,9.5,360,7910.0,0.0,0.0,10900.0,0.0,10900.0,615,784800.0,710100.0,291500.0,No,Never,Low,Moderate,0.2025,18.3,11200.0,30900.0,68.9,0.0177,0
63,Male,Software Engineer,Business,Married,0,40700.0,0.0,67000.0,72200.0,118483.33333333334,34000.0,15000.0,9200.0,2800.0,2300.0,11900.0,0.0,10300.0,2000.0,16100.0,4500.0,108100.0,Personal Loan,1527000.0,10.4,12,134530.0,0.0,0.0,0.0,0.0,0.0,520,1104800.0,1305400.0,1505600.0,No,Never,Moderate,Moderate,1.1354,22.3,10383.33,53320.0,40.5,0.5845,1
21,Male,Software Engineer,Self-Employed,Married,0,34100.0,24300.0,0.0,0.0,58400.0,18000.0,17200.0,6200.0,3300.0,1200.0,4200.0,0.0,10800.0,6700.0,9600.0,1200.0,78400.0,Education Loan,3356000.0,9.2,24,153630.0,16700.0,4100.0,0.0,0.0,20800.0,636,550200.0,62300.0,847700.0,No,Never,Moderate,Moderate,2.9868,6.17,-40800.0,5480.0,30.1,1.0,1
44,Male,Accountant,Salaried,Married,0,69800.0,10000.0,146000.0,0.0,91966.66666666667,14700.0,7000.0,9500.0,4400.0,1400.0,7800.0,0.0,1400.0,1000.0,17800.0,3200.0,68200.0,Business Loan,3328000.0,13.4,24,158850.0,30500.0,0.0,0.0,4000.0,34500.0,398,648600.0,1504100.0,1041400.0,No,Never,Low,Moderate,2.1024,20.96,-10733.33,6880.0,27.3,0.9987,1
55,Male,Business Owner,Salaried,Divorced,0,24600.0,0.0,71000.0,0.0,30516.666666666668,10600.0,15100.0,4800.0,3300.0,700.0,8600.0,0.0,10700.0,4000.0,16800.0,3400.0,78000.0,Vehicle Loan,420000.0,17.5,60,10550.0,0.0,0.0,4200.0,0.0,4200.0,751,70800.0,96600.0,518600.0,No,Occasionally,Low,Moderate,0.4833,2.04,-51683.33,9530.0,48.2,0.6296,1
44,Male,Business Owner,Salaried,Single,1,67000.0,15800.0,0.0,0.0,82800.0,8700.0,9800.0,9700.0,4000.0,2400.0,3400.0,9500.0,14100.0,10500.0,15800.0,7400.0,95300.0,Education Loan,4736000.0,16.9,120,82010.0,0.0,0.0,0.0,0.0,0.0,428,287600.0,1470900.0,2022100.0,Yes,Never,Low,Moderate,0.9905,18.45,-12500.0,37260.0,35.0,0.9415,1
37,Male,Accountant,Salaried,Married,0,119500.0,0.0,324000.0,0.0,146500.0,22600.0,16300.0,9000.0,4000.0,700.0,7500.0,0.0,3500.0,3300.0,6200.0,7900.0,81000.0,Business Loan,8587000.0,10.9,36,280720.0,0.0,0.0,0.0,0.0,0.0,379,443800.0,2192700.0,2976000.0,No,Occasionally,Low,Moderate,1.9162,32.55,65500.0,65920.0,41.6,0.909,1
25,Male,Analyst,Salaried,Married,1,65100.0,0.0,0.0,0.0,65100.0,19200.0,7400.0,6700.0,2900.0,2000.0,4500.0,6000.0,8300.0,1700.0,8800.0,5300.0,72800.0,Home Loan,3482000.0,16.6,48,99750.0,16800.0,0.0,0.0,5800.0,22600.0,388,139800.0,753300.0,1693300.0,No,Occasionally,Moderate,Moderate,1.8794,9.36,-30300.0,6700.0,23.0,0.9999,1
40,Female,Sales Executive,Salaried,Married,3,67400.0,0.0,0.0,0.0,67400.0,10000.0,12500.0,4800.0,5700.0,1600.0,10400.0,17500.0,10800.0,3700.0,24800.0,4600.0,106400.0,Education Loan,1221000.0,17.5,24,60660.0,0.0,11800.0,0.0,5500.0,17300.0,339,194300.0,1026700.0,1245200.0,Yes,Occasionally,Moderate,Moderate,1.1567,9.87,-56300.0,13030.0,27.8,0.9992,1
41,Female,Other,Salaried,Married,1,75700.0,0.0,0.0,0.0,75700.0,20800.0,16100.0,5000.0,5800.0,600.0,8900.0,15600.0,4200.0,10100.0,12000.0,4100.0,103200.0,Business Loan,1538000.0,10.6,36,50060.0,0.0,0.0,4900.0,0.0,4900.0,559,663400.0,1216100.0,238500.0,No,Never,Low,Moderate,0.726,17.39,-32400.0,29160.0,50.9,0.6684,1
60,Female,Sales Executive,Salaried,Single,3,115200.0,24100.0,0.0,0.0,139300.0,43700.0,12400.0,8200.0,3900.0,500.0,10100.0,12800.0,11500.0,7500.0,3400.0,1100.0,115100.0,Education Loan,3815000.0,17.0,240,55960.0,0.0,0.0,0.0,4800.0,4800.0,418,1089100.0,2128900.0,626600.0,No,Never,Low,Moderate,0.4362,26.84,19400.0,57880.0,54.3,0.0622,0
51,Male,Software Engineer,Unemployed,Single,1,89800.0,0.0,175000.0,0.0,104383.33333333333,35500.0,8200.0,6600.0,1400.0,2400.0,3200.0,5200.0,13200.0,7400.0,22700.0,6600.0,112400.0,Home Loan,3848000.0,18.0,60,97710.0,30700.0,0.0,0.0,5600.0,36300.0,541,95600.0,1415100.0,1222900.0,No,Never,Low,High,1.2838,10.16,-44316.67,10670.0,29.6,0.9989,1
56,Male,Sales Executive,Salaried,Single,1,61100.0,0.0,91000.0,0.0,68683.33333333333,15000.0,13800.0,5200.0,3500.0,2000.0,1400.0,14700.0,12400.0,1000.0,6000.0,5700.0,80700.0,Home Loan,4091000.0,15.9,24,200110.0,20600.0,0.0,0.0,0.0,20600.0,578,130700.0,1218000.0,585000.0,No,Occasionally,Low,High,3.2134,13.31,-32616.67,10310.0,29.5,1.0,1
31,Female,Software Engineer,Business,Divorced,2,77000.0,11000.0,0.0,46100.0,134100.0,46000.0,19700.0,7100.0,1900.0,1900.0,10400.0,3300.0,4600.0,6200.0,11300.0,5500.0,117900.0,Vehicle Loan,7722000.0,11.6,24,362060.0,0.0,8400.0,0.0,0.0,8400.0,663,1321700.0,1211900.0,2624000.0,No,Frequently,High,Moderate,2.7626,20.06,7800.0,51940.0,37.9,0.9986,1
35,Female,Sales Executive,Business,Single,0,31500.0,0.0,59000.0,57500.0,93916.66666666666,19100.0,7800.0,7900.0,3400.0,1400.0,5300.0,0.0,12300.0,3900.0,8400.0,6700.0,76200.0,Home Loan,5228000.0,13.9,48,142600.0,0.0,0.0,0.0,1000.0,1000.0,530,248600.0,1104200.0,1763300.0,No,Never,High,Moderate,1.529,17.52,16716.67,41260.0,31.3,0.9632,1
39,Female,Analyst,Salaried,Married,0,72300.0,15200.0,0.0,0.0,87500.0,13500.0,15800.0,2200.0,1900.0,1000.0,3000.0,0.0,6800.0,4700.0,24200.0,7500.0,80600.0,Home Loan,867000.0,11.3,360,8450.0,0.0,10500.0,0.0,0.0,10500.0,410,571100.0,1699100.0,1214300.0,No,Occasionally,Moderate,Moderate,0.2166,24.92,-3600.0,28880.0,58.1,0.0707,0
27,Male,Other,Self-Employed,Married,2,29700.0,13200.0,0.0,0.0,42900.0,9800.0,19300.0,2700.0,4500.0,1900.0,2000.0,5000.0,4700.0,7600.0,10700.0,3700.0,71900.0,Vehicle Loan,2001000.0,18.0,120,36060.0,0.0,0.0,3700.0,0.0,3700.0,380,105200.0,346300.0,828400.0,No,Occasionally,Low,Moderate,0.9268,5.97,-32700.0,15600.0,23.1,0.9979,1
48,Female,Teacher,Salaried,Single,1,40800.0,0.0,0.0,0.0,40800.0,10700.0,14100.0,2800.0,1400.0,1700.0,6700.0,5800.0,3400.0,10600.0,18300.0,4000.0,79500.0,Education Loan,2172000.0,8.2,12,189140.0,0.0,5000.0,0.0,7400.0,12400.0,475,111000.0,622900.0,1115300.0,No,Occasionally,Moderate,Low,4.9397,7.99,-51100.0,5960.0,23.3,1.0,1
63,Female,Accountant,Salaried,Married,2,10500.0,11100.0,16000.0,0.0,22933.333333333332,4900.0,17100.0,3900.0,5800.0,2000.0,2700.0,19400.0,13700.0,3000.0,15800.0,7800.0,96100.0,Education Loan,535000.0,16.9,48,15410.0,6400.0,4100.0,1200.0,0.0,11700.0,824,120100.0,193700.0,338300.0,No,Occasionally,Moderate,Moderate,1.1821,2.91,-84866.67,0.0,30.7,0.855,1
25,Male,Accountant,Salaried,Married,3,59900.0,0.0,130000.0,0.0,70733.33333333333,17100.0,10600.0,5400.0,2000.0,1200.0,7200.0,16200.0,7000.0,9500.0,3000.0,5700.0,84900.0,Vehicle Loan,1208000.0,8.3,36,38020.0,0.0,0.0,0.0,0.0,0.0,879,363100.0,702600.0,736900.0,No,Never,High,High,0.5375,12.55,-14166.67,31830.0,68.2,0.0329,0
25,Male,Other,Salaried,Married,1,35500.0,0.0,45000.0,0.0,39250.0,8000.0,11100.0,8400.0,4300.0,2500.0,9000.0,7000.0,13100.0,1500.0,10800.0,7000.0,82700.0,Education Loan,1812000.0,7.9,12,157540.0,12700.0,0.0,0.0,7400.0,20100.0,790,260600.0,289500.0,560800.0,No,Occasionally,Low,Moderate,4.5259,5.35,-63550.0,0.0,37.3,1.0,1
50,Male,Sales Executive,Salaried,Single,1,85400.0,0.0,100000.0,0.0,93733.33333333333,21700.0,9700.0,4800.0,5600.0,600.0,6900.0,19400.0,3200.0,4600.0,11000.0,2600.0,90100.0,Education Loan,937000.0,17.4,120,16520.0,28600.0,0.0,7000.0,0.0,35600.0,625,196600.0,366400.0,408000.0,No,Never,Moderate,Low,0.556,4.48,-31966.67,6580.0,48.9,0.8878,1
52,Male,Teacher,Salaried,Single,1,59600.0,6600.0,0.0,0.0,66200.0,22400.0,8100.0,2100.0,2200.0,700.0,10900.0,5400.0,11700.0,3400.0,24800.0,3200.0,94900.0,Business Loan,3757000.0,16.6,12,341940.0,0.0,0.0,0.0,0.0,0.0,495,198300.0,1289000.0,193400.0,No,Occasionally,Moderate,Moderate,5.1653,15.67,-28700.0,29790.0,25.6,1.0,1
28,Male,Business Owner,Salaried,Single,4,86000.0,23500.0,0.0,0.0,109500.0,24600.0,17500.0,5900.0,5700.0,2300.0,2700.0,15500.0,2500.0,11100.0,20700.0,3700.0,112200.0,Vehicle Loan,1487000.0,11.3,12,131630.0,0.0,0.0,0.0,0.0,0.0,517,704000.0,1040100.0,1348600.0,No,Never,Moderate,Low,1.2021,15.54,-2700.0,49280.0,32.3,0.8792,1
30,Female,Sales Executive,Salaried,Single,2,28500.0,0.0,69000.0,0.0,34250.0,5600.0,13000.0,10000.0,2900.0,1800.0,6400.0,14200.0,1200.0,3000.0,21700.0,3200.0,83000.0,Vehicle Loan,1033000.0,17.6,180,16340.0,8900.0,0.0,0.0,0.0,8900.0,576,48800.0,216000.0,948800.0,No,Occasionally,Low,Moderate,0.7369,2.88,-57650.0,6510.0,32.6,0.9824,1
58,Female,Analyst,Salaried,Married,3,82400.0,0.0,149000.0,0.0,94816.66666666667,27500.0,20200.0,4800.0,5800.0,1200.0,2800.0,17000.0,14900.0,7400.0,9200.0,7200.0,118000.0,Personal Loan,5599000.0,16.5,12,509330.0,0.0,0.0,0.0,0.0,0.0,757,866500.0,1259100.0,2454500.0,No,Occasionally,Low,Moderate,5.3717,18.01,-23183.33,42670.0,40.6,1.0,1
52,Male,Software Engineer,Salaried,Married,0,140500.0,0.0,0.0,0.0,140500.0,25900.0,12400.0,9700.0,5900.0,2000.0,10600.0,0.0,2000.0,2800.0,9600.0,4600.0,85500.0,Business Loan,8339000.0,17.0,36,297310.0,0.0,0.0,0.0,14700.0,14700.0,739,308900.0,436600.0,2858900.0,Yes,Occasionally,Moderate,Moderate,2.2207,7.44,40300.0,48520.0,48.1,0.9979,1
48,Male,Doctor,Salaried,Single,2,71800.0,14300.0,133000.0,0.0,97183.33333333333,29500.0,20800.0,2800.0,1900.0,1400.0,11300.0,9800.0,7500.0,6200.0,13900.0,7700.0,112800.0,Education Loan,4634000.0,13.7,60,107110.0,0.0,0.0,0.0,9400.0,9400.0,383,453300.0,1100600.0,2095900.0,No,Never,High,Moderate,1.1989,12.72,-25016.67,34330.0,24.0,0.9963,1
37,Male,Sales Executive,Salaried,Married,0,72800.0,9100.0,0.0,0.0,81900.0,9400.0,6000.0,3400.0,5200.0,500.0,5400.0,0.0,13300.0,5500.0,16500.0,3200.0,68400.0,Personal Loan,4190000.0,17.6,36,150640.0,0.0,0.0,0.0,0.0,0.0,383,125500.0,975300.0,2114400.0,No,Never,Moderate,Moderate,1.8393,16.09,13500.0,36860.0,32.0,0.999,1
51,Female,Doctor,Salaried,Married,0,53400.0,13300.0,0.0,0.0,66700.0,12200.0,4800.0,7800.0,2000.0,1800.0,4400.0,0.0,12500.0,1500.0,18800.0,1300.0,67100.0,Business Loan,3882000.0,16.0,120,65030.0,0.0,4600.0,0.0,0.0,4600.0,644,467300.0,315000.0,1831800.0,No,Never,Moderate,Low,1.0439,10.91,-5000.0,25420.0,37.0,0.7999,1
28,Male,Sales Executive,Salaried,Single,3,37700.0,7200.0,38000.0,0.0,48066.666666666664,5900.0,17500.0,6000.0,2100.0,1000.0,4100.0,3700.0,7600.0,10100.0,20900.0,2000.0,80900.0,Education Loan,2692000.0,17.4,360,39250.0,0.0,0.0,6100.0,3600.0,9700.0,690,173300.0,924500.0,950900.0,No,Never,Moderate,High,1.0184,12.12,-42533.33,11930.0,46.1,0.8682,1
60,Other,Other,Self-Employed,Single,0,71700.0,0.0,198000.0,0.0,88200.0,10700.0,4000.0,8100.0,1400.0,700.0,10500.0,0.0,9600.0,9600.0,22100.0,2500.0,79200.0,Business Loan,3459000.0,10.5,24,160410.0,0.0,0.0,9000.0,0.0,9000.0,562,105800.0,1084800.0,1021200.0,No,Occasionally,Moderate,Moderate,1.9207,13.5,0.0,30690.0,31.5,0.9954,1
45,Male,Doctor,Salaried,Married,4,23100.0,0.0,0.0,0.0,23100.0,6100.0,23000.0,8900.0,1800.0,1000.0,8500.0,13900.0,9800.0,4100.0,2600.0,5500.0,85200.0,Home Loan,1049000.0,13.1,180,13340.0,0.0,0.0,0.0,1900.0,1900.0,858,141600.0,120800.0,102200.0,No,Never,High,Moderate,0.6597,3.01,-64000.0,8500.0,47.7,0.3789,0
29,Male,Sales Executive,Self-Employed,Married,0,39800.0,0.0,0.0,0.0,39800.0,7800.0,11100.0,4000.0,4200.0,1500.0,10700.0,0.0,2500.0,7800.0,20300.0,2300.0,72200.0,Education Loan,1499000.0,16.6,48,42940.0,10600.0,0.0,0.0,10200.0,20800.0,764,390700.0,670000.0,8300.0,No,Occasionally,High,Moderate,1.6015,11.41,-53200.0,0.0,40.7,0.9569,1
22,Female,Accountant,Salaried,Married,2,20200.0,9800.0,0.0,0.0,30000.0,9500.0,14800.0,7500.0,3200.0,600.0,2300.0,8100.0,5000.0,5000.0,16000.0,3700.0,75700.0,Business Loan,986000.0,13.6,120,15070.0,0.0,0.0,0.0,0.0,0.0,582,263200.0,205000.0,583100.0,Yes,Occasionally,Moderate,Moderate,0.5023,6.18,-45700.0,13500.0,49.4,0.9014,1
35,Female,Doctor,Business,Single,0,34500.0,0.0,42000.0,43500.0,81500.0,18700.0,9100.0,6900.0,5000.0,2300.0,6200.0,0.0,5200.0,9500.0,14200.0,6600.0,83700.0,Business Loan,4356000.0,15.9,120,72700.0,0.0,0.0,0.0,0.0,0.0,765,585000.0,1211800.0,972700.0,No,Never,Low,High,0.892,21.47,-2200.0,36680.0,45.6,0.0189,0
23,Male,Sales Executive,Salaried,Single,1,67600.0,0.0,48000.0,0.0,71600.0,12400.0,11200.0,8900.0,2700.0,1600.0,8400.0,15600.0,6300.0,8600.0,16500.0,1900.0,94100.0,Personal Loan,3264000.0,17.7,240,49620.0,0.0,4200.0,0.0,0.0,4200.0,383,44400.0,926400.0,171200.0,No,Never,Low,Moderate,0.7517,9.88,-26700.0,28020.0,36.9,0.9771,1
56,Male,Business Owner,Salaried,Single,0,63100.0,5900.0,162000.0,0.0,82500.0,23100.0,10000.0,5400.0,5800.0,1100.0,10900.0,0.0,4800.0,2000.0,22300.0,1600.0,87000.0,Business Loan,4314000.0,15.9,180,63060.0,0.0,0.0,0.0,2700.0,2700.0,685,715200.0,332800.0,689700.0,No,Never,Moderate,Moderate,0.7971,11.68,-7200.0,34420.0,47.4,0.4624,1
24,Other,Software Engineer,Salaried,Married,1,50300.0,23400.0,0.0,0.0,73700.0,18900.0,6200.0,2400.0,1200.0,1900.0,5200.0,16900.0,4500.0,10300.0,14500.0,4800.0,86800.0,Home Loan,757000.0,10.8,60,16380.0,0.0,0.0,0.0,0.0,0.0,536,664700.0,206000.0,1036400.0,No,Never,Low,Moderate,0.2223,10.03,-13100.0,33160.0,59.9,0.4581,1
34,Male,Business Owner,Salaried,Married,0,53400.0,0.0,104000.0,0.0,62066.666666666664,18600.0,5200.0,6600.0,1300.0,2100.0,4400.0,0.0,6000.0,3000.0,5700.0,5900.0,58800.0,Home Loan,2278000.0,8.7,180,22700.0,18300.0,0.0,0.0,12700.0,31000.0,829,53400.0,778500.0,1459000.0,No,Never,High,Low,0.8652,9.26,-27733.33,0.0,48.2,0.5247,1
61,Female,Teacher,Salaried,Single,2,19100.0,9800.0,12000.0,0.0,29900.0,7800.0,15100.0,9700.0,4500.0,1700.0,11000.0,15900.0,6300.0,2900.0,12000.0,7400.0,94300.0,Business Loan,691000.0,10.4,120,9290.0,0.0,0.0,0.0,2700.0,2700.0,627,49700.0,409600.0,282400.0,No,Never,Moderate,High,0.401,4.74,-67100.0,10760.0,47.1,0.8534,1
61,Male,Sales Executive,Salaried,Married,0,40700.0,19100.0,0.0,0.0,59800.0,8500.0,6100.0,2100.0,5400.0,900.0,1500.0,0.0,7800.0,9100.0,23300.0,5600.0,70300.0,Education Loan,1988000.0,14.5,60,46770.0,0.0,8900.0,0.0,0.0,8900.0,834,286400.0,208700.0,1177300.0,No,Never,Low,Low,0.9309,6.25,-19400.0,18010.0,42.1,0.5453,1
